/*C2*/SET SCHEMA PUBLIC
DROP VIEW trace_log IF EXISTS CASCADE
DROP VIEW histograms_log IF EXISTS CASCADE
DROP VIEW datasets_log IF EXISTS CASCADE
DROP VIEW statistics_log IF EXISTS CASCADE
DROP VIEW agent_type_statechart_stats_log IF EXISTS CASCADE
DROP VIEW agent_statechart_stats_log IF EXISTS CASCADE
DROP VIEW agent_statechart_states_log IF EXISTS CASCADE
DROP VIEW statechart_transitions_log IF EXISTS CASCADE
DROP VIEW fluid_utilization_log IF EXISTS CASCADE
DROP VIEW fluid_rates_log IF EXISTS CASCADE
DROP VIEW fluid_storages_log IF EXISTS CASCADE
DROP VIEW fluid_units_log IF EXISTS CASCADE
DROP VIEW resource_unit_utilization_log IF EXISTS CASCADE
DROP VIEW resource_pool_utilization_log IF EXISTS CASCADE
DROP VIEW resource_pool_task_stats_log IF EXISTS CASCADE
DROP VIEW resource_unit_task_stats_log IF EXISTS CASCADE
DROP VIEW resource_unit_states_log IF EXISTS CASCADE
DROP VIEW flowchart_stats_time_in_state_log IF EXISTS CASCADE
DROP VIEW flowchart_process_states_log IF EXISTS CASCADE
DROP VIEW flowchart_entries_log IF EXISTS CASCADE
DROP VIEW events_log IF EXISTS CASCADE
DROP VIEW agent_messages_log IF EXISTS CASCADE
DROP VIEW agent_movement_stats_log IF EXISTS CASCADE
DROP VIEW agent_movement_log IF EXISTS CASCADE
DROP VIEW library_block_parameters_log IF EXISTS CASCADE
DROP VIEW agent_parameters_log IF EXISTS CASCADE
DROP VIEW library_blocks_log IF EXISTS CASCADE
DROP VIEW agents_log IF EXISTS CASCADE
DROP TABLE fluid_utilization_raw_log IF EXISTS CASCADE
DROP TABLE fluid_rates_raw_log IF EXISTS CASCADE
DROP TABLE fluid_storages_raw_log IF EXISTS CASCADE
DROP TABLE fluid_units_raw_log IF EXISTS CASCADE
DROP TABLE resource_unit_utilization_raw_log IF EXISTS CASCADE
DROP TABLE resource_pool_utilization_raw_log IF EXISTS CASCADE
DROP TABLE resource_unit_states_raw_log IF EXISTS CASCADE
DROP TABLE histograms_raw_log IF EXISTS CASCADE
DROP TABLE datasets_raw_log IF EXISTS CASCADE
DROP TABLE statistics_raw_log IF EXISTS CASCADE
DROP TABLE flowchart_process_states_raw_log IF EXISTS CASCADE
DROP TABLE flowchart_entries_raw_log IF EXISTS CASCADE
DROP TABLE agent_messages_raw_log IF EXISTS CASCADE
DROP TABLE agent_movement_raw_log IF EXISTS CASCADE
DROP TABLE events_raw_log IF EXISTS CASCADE
DROP TABLE statechart_transitions_raw_log IF EXISTS CASCADE
DROP TABLE statechart_states_raw_log IF EXISTS CASCADE
DROP TABLE trace_raw_log IF EXISTS CASCADE
DROP TABLE agent_elements_raw_log IF EXISTS CASCADE
DROP TABLE agent_type_statecharts_raw_log IF EXISTS CASCADE
DROP TABLE agent_type_elements_raw_log IF EXISTS CASCADE
DROP TABLE agent_parameters_raw_log IF EXISTS CASCADE
DROP TABLE destroyed_agents_raw_log IF EXISTS CASCADE
DROP TABLE agents_raw_log IF EXISTS CASCADE
DROP TABLE agent_types_raw_log IF EXISTS CASCADE
DROP FUNCTION al_format_agent_name_log IF EXISTS CASCADE
DROP FUNCTION al_format_agent_type_name_log IF EXISTS CASCADE
DELETE FROM AL_DB_OBJECTS WHERE NAME='al_format_agent_type_name_log' AND TYPE='FUNCTION' AND USAGE='LOG'
DELETE FROM AL_DB_OBJECTS WHERE NAME='al_format_agent_name_log' AND TYPE='FUNCTION' AND USAGE='LOG'
DELETE FROM AL_DB_OBJECTS WHERE NAME='agent_types_raw_log' AND TYPE='TABLE' AND USAGE='LOG'
DELETE FROM AL_DB_OBJECTS WHERE NAME='agents_raw_log' AND TYPE='TABLE' AND USAGE='LOG'
DELETE FROM AL_DB_OBJECTS WHERE NAME='destroyed_agents_raw_log' AND TYPE='TABLE' AND USAGE='LOG'
DELETE FROM AL_DB_OBJECTS WHERE NAME='agent_parameters_raw_log' AND TYPE='TABLE' AND USAGE='LOG'
DELETE FROM AL_DB_OBJECTS WHERE NAME='agent_type_elements_raw_log' AND TYPE='TABLE' AND USAGE='LOG'
DELETE FROM AL_DB_OBJECTS WHERE NAME='agent_type_statecharts_raw_log' AND TYPE='TABLE' AND USAGE='LOG'
DELETE FROM AL_DB_OBJECTS WHERE NAME='agent_elements_raw_log' AND TYPE='TABLE' AND USAGE='LOG'
DELETE FROM AL_DB_OBJECTS WHERE NAME='trace_raw_log' AND TYPE='TABLE' AND USAGE='LOG'
DELETE FROM AL_DB_OBJECTS WHERE NAME='statechart_states_raw_log' AND TYPE='TABLE' AND USAGE='LOG'
DELETE FROM AL_DB_OBJECTS WHERE NAME='statechart_transitions_raw_log' AND TYPE='TABLE' AND USAGE='LOG'
DELETE FROM AL_DB_OBJECTS WHERE NAME='events_raw_log' AND TYPE='TABLE' AND USAGE='LOG'
DELETE FROM AL_DB_OBJECTS WHERE NAME='agent_movement_raw_log' AND TYPE='TABLE' AND USAGE='LOG'
DELETE FROM AL_DB_OBJECTS WHERE NAME='agent_messages_raw_log' AND TYPE='TABLE' AND USAGE='LOG'
DELETE FROM AL_DB_OBJECTS WHERE NAME='flowchart_entries_raw_log' AND TYPE='TABLE' AND USAGE='LOG'
DELETE FROM AL_DB_OBJECTS WHERE NAME='flowchart_process_states_raw_log' AND TYPE='TABLE' AND USAGE='LOG'
DELETE FROM AL_DB_OBJECTS WHERE NAME='statistics_raw_log' AND TYPE='TABLE' AND USAGE='LOG'
DELETE FROM AL_DB_OBJECTS WHERE NAME='datasets_raw_log' AND TYPE='TABLE' AND USAGE='LOG'
DELETE FROM AL_DB_OBJECTS WHERE NAME='histograms_raw_log' AND TYPE='TABLE' AND USAGE='LOG'
DELETE FROM AL_DB_OBJECTS WHERE NAME='resource_unit_states_raw_log' AND TYPE='TABLE' AND USAGE='LOG'
DELETE FROM AL_DB_OBJECTS WHERE NAME='resource_pool_utilization_raw_log' AND TYPE='TABLE' AND USAGE='LOG'
DELETE FROM AL_DB_OBJECTS WHERE NAME='resource_unit_utilization_raw_log' AND TYPE='TABLE' AND USAGE='LOG'
DELETE FROM AL_DB_OBJECTS WHERE NAME='fluid_units_raw_log' AND TYPE='TABLE' AND USAGE='LOG'
DELETE FROM AL_DB_OBJECTS WHERE NAME='fluid_storages_raw_log' AND TYPE='TABLE' AND USAGE='LOG'
DELETE FROM AL_DB_OBJECTS WHERE NAME='fluid_rates_raw_log' AND TYPE='TABLE' AND USAGE='LOG'
DELETE FROM AL_DB_OBJECTS WHERE NAME='fluid_utilization_raw_log' AND TYPE='TABLE' AND USAGE='LOG'
DELETE FROM AL_DB_OBJECTS WHERE NAME='agents_log' AND TYPE='VIEW' AND USAGE='LOG'
DELETE FROM AL_DB_OBJECTS WHERE NAME='library_blocks_log' AND TYPE='VIEW' AND USAGE='LOG'
DELETE FROM AL_DB_OBJECTS WHERE NAME='agent_parameters_log' AND TYPE='VIEW' AND USAGE='LOG'
DELETE FROM AL_DB_OBJECTS WHERE NAME='library_block_parameters_log' AND TYPE='VIEW' AND USAGE='LOG'
DELETE FROM AL_DB_OBJECTS WHERE NAME='agent_movement_log' AND TYPE='VIEW' AND USAGE='LOG'
DELETE FROM AL_DB_OBJECTS WHERE NAME='agent_movement_stats_log' AND TYPE='VIEW' AND USAGE='LOG'
DELETE FROM AL_DB_OBJECTS WHERE NAME='agent_messages_log' AND TYPE='VIEW' AND USAGE='LOG'
DELETE FROM AL_DB_OBJECTS WHERE NAME='events_log' AND TYPE='VIEW' AND USAGE='LOG'
DELETE FROM AL_DB_OBJECTS WHERE NAME='flowchart_entries_log' AND TYPE='VIEW' AND USAGE='LOG'
DELETE FROM AL_DB_OBJECTS WHERE NAME='flowchart_process_states_log' AND TYPE='VIEW' AND USAGE='LOG'
DELETE FROM AL_DB_OBJECTS WHERE NAME='flowchart_stats_time_in_state_log' AND TYPE='VIEW' AND USAGE='LOG'
DELETE FROM AL_DB_OBJECTS WHERE NAME='resource_unit_states_log' AND TYPE='VIEW' AND USAGE='LOG'
DELETE FROM AL_DB_OBJECTS WHERE NAME='resource_unit_task_stats_log' AND TYPE='VIEW' AND USAGE='LOG'
DELETE FROM AL_DB_OBJECTS WHERE NAME='resource_pool_task_stats_log' AND TYPE='VIEW' AND USAGE='LOG'
DELETE FROM AL_DB_OBJECTS WHERE NAME='resource_pool_utilization_log' AND TYPE='VIEW' AND USAGE='LOG'
DELETE FROM AL_DB_OBJECTS WHERE NAME='resource_unit_utilization_log' AND TYPE='VIEW' AND USAGE='LOG'
DELETE FROM AL_DB_OBJECTS WHERE NAME='fluid_units_log' AND TYPE='VIEW' AND USAGE='LOG'
DELETE FROM AL_DB_OBJECTS WHERE NAME='fluid_storages_log' AND TYPE='VIEW' AND USAGE='LOG'
DELETE FROM AL_DB_OBJECTS WHERE NAME='fluid_rates_log' AND TYPE='VIEW' AND USAGE='LOG'
DELETE FROM AL_DB_OBJECTS WHERE NAME='fluid_utilization_log' AND TYPE='VIEW' AND USAGE='LOG'
DELETE FROM AL_DB_OBJECTS WHERE NAME='statechart_transitions_log' AND TYPE='VIEW' AND USAGE='LOG'
DELETE FROM AL_DB_OBJECTS WHERE NAME='agent_statechart_states_log' AND TYPE='VIEW' AND USAGE='LOG'
DELETE FROM AL_DB_OBJECTS WHERE NAME='agent_statechart_stats_log' AND TYPE='VIEW' AND USAGE='LOG'
DELETE FROM AL_DB_OBJECTS WHERE NAME='agent_type_statechart_stats_log' AND TYPE='VIEW' AND USAGE='LOG'
DELETE FROM AL_DB_OBJECTS WHERE NAME='statistics_log' AND TYPE='VIEW' AND USAGE='LOG'
DELETE FROM AL_DB_OBJECTS WHERE NAME='datasets_log' AND TYPE='VIEW' AND USAGE='LOG'
DELETE FROM AL_DB_OBJECTS WHERE NAME='histograms_log' AND TYPE='VIEW' AND USAGE='LOG'
DELETE FROM AL_DB_OBJECTS WHERE NAME='trace_log' AND TYPE='VIEW' AND USAGE='LOG'
COMMIT
CREATE FUNCTION al_format_agent_type_name_log (agentType LONGVARCHAR) RETURNS LONGVARCHAR\u000aBEGIN ATOMIC\u000a\u0009DECLARE dotIndex INT;\u000a\u0009SET dotIndex = LOCATE ('.', REVERSE (agentType));\u000a\u0009IF dotIndex = 0 THEN\u000a\u0009\u0009RETURN agentType;\u000a\u0009END IF;\u000a\u0009RETURN REVERSE (SUBSTRING (REVERSE (agentType), 0, dotIndex));\u000aEND
INSERT INTO AL_DB_OBJECTS VALUES('al_format_agent_type_name_log','FUNCTION','LOG')
COMMIT
CREATE FUNCTION al_format_agent_name_log (name LONGVARCHAR, id INT) RETURNS LONGVARCHAR\u000aBEGIN ATOMIC\u000a\u0009DECLARE index INT;\u000a\u0009DECLARE result LONGVARCHAR;\u000a\u0009SET result = name;\u000a\u0009SET index = LOCATE ('root.', name);\u000a\u0009IF index = 1 THEN\u000a\u0009\u0009SET result = SUBSTRING (result, LENGTH('root.') + 1, LENGTH(result));\u000a\u0009END IF;\u000a\u0009SET index = LOCATE('[', result);\u0009IF index > 0 THEN\u000a\u0009\u0009SET result = CONCAT (result, ' : ', id);\u000a\u0009END IF;\u000a\u0009RETURN result;\u000aEND
INSERT INTO AL_DB_OBJECTS VALUES('al_format_agent_name_log','FUNCTION','LOG')
COMMIT
CREATE CACHED TABLE IF NOT EXISTS agent_types_raw_log (ID INT PRIMARY KEY, NAME VARCHAR(255), COUNTER INT GENERATED BY DEFAULT AS IDENTITY UNIQUE)
INSERT INTO AL_DB_OBJECTS VALUES('agent_types_raw_log','TABLE','LOG')
COMMIT
CREATE CACHED TABLE IF NOT EXISTS agents_raw_log (ID INT PRIMARY KEY, AGENT_TYPE_ID INT, NAME VARCHAR(255), DATE TIMESTAMP, COUNTER INT GENERATED BY DEFAULT AS IDENTITY UNIQUE,  CONSTRAINT AGENT_TYPE_REF FOREIGN KEY (AGENT_TYPE_ID) REFERENCES agent_types_raw_log(Id))
INSERT INTO AL_DB_OBJECTS VALUES('agents_raw_log','TABLE','LOG')
COMMIT
CREATE CACHED TABLE IF NOT EXISTS destroyed_agents_raw_log (AGENT_ID INT, DATE TIMESTAMP, COUNTER INT GENERATED BY DEFAULT AS IDENTITY UNIQUE,  CONSTRAINT DESTROYED_AGENT_REF FOREIGN KEY (AGENT_ID) REFERENCES agents_raw_log(Id) )
INSERT INTO AL_DB_OBJECTS VALUES('destroyed_agents_raw_log','TABLE','LOG')
COMMIT
CREATE CACHED TABLE IF NOT EXISTS agent_parameters_raw_log (AGENT_ID INT, PARAMETER_NAME VARCHAR(255), PARAMETER_VALUE LONGVARCHAR, COUNTER INT GENERATED BY DEFAULT AS IDENTITY UNIQUE, CONSTRAINT AGENT_PARAMETERS_AGENT_REF FOREIGN KEY (AGENT_ID) REFERENCES agents_raw_log(Id) )
INSERT INTO AL_DB_OBJECTS VALUES('agent_parameters_raw_log','TABLE','LOG')
COMMIT
CREATE CACHED TABLE IF NOT EXISTS agent_type_elements_raw_log (ID INT PRIMARY KEY, AGENT_TYPE_ID INT, NAME VARCHAR(255), COUNTER INT GENERATED BY DEFAULT AS IDENTITY UNIQUE, CONSTRAINT ELEMENT_TO_AGENT_TYPE_REF FOREIGN KEY (AGENT_TYPE_ID) REFERENCES agent_types_raw_log(Id))
INSERT INTO AL_DB_OBJECTS VALUES('agent_type_elements_raw_log','TABLE','LOG')
COMMIT
CREATE CACHED TABLE IF NOT EXISTS agent_type_statecharts_raw_log (STATECHART_ID INT, ELEMENT_ID INT, COUNTER INT GENERATED BY DEFAULT AS IDENTITY UNIQUE, CONSTRAINT STATECHARTS_STATECHART_TO_ELEMENT_REF FOREIGN KEY (STATECHART_ID) REFERENCES agent_type_elements_raw_log(Id),CONSTRAINT STATECHARTS_ELEMENT_TO_ELEMENT_REF FOREIGN KEY (ELEMENT_ID) REFERENCES agent_type_elements_raw_log(Id))
INSERT INTO AL_DB_OBJECTS VALUES('agent_type_statecharts_raw_log','TABLE','LOG')
COMMIT
CREATE CACHED TABLE IF NOT EXISTS agent_elements_raw_log (ID INT PRIMARY KEY, AGENT_ID INT, NAME VARCHAR(255), COUNTER INT GENERATED BY DEFAULT AS IDENTITY UNIQUE, CONSTRAINT ELEMENT_TO_AGENT_REF FOREIGN KEY (AGENT_ID) REFERENCES agents_raw_log(Id))
INSERT INTO AL_DB_OBJECTS VALUES('agent_elements_raw_log','TABLE','LOG')
COMMIT
CREATE CACHED TABLE IF NOT EXISTS trace_raw_log (COUNTER INT GENERATED BY DEFAULT AS IDENTITY UNIQUE,  AGENT_ID INT, DATE TIMESTAMP, MESSAGE_TEXT LONGVARCHAR, CONSTRAINT TRACE_LOG_AGENT_REF FOREIGN KEY (AGENT_ID) REFERENCES agents_raw_log(Id))
INSERT INTO AL_DB_OBJECTS VALUES('trace_raw_log','TABLE','LOG')
COMMIT
CREATE CACHED TABLE IF NOT EXISTS statechart_states_raw_log (AGENT_ID INT, STATE_ID INT, ENTRY_DATE TIMESTAMP, EXIT_DATE TIMESTAMP, COUNTER INT GENERATED BY DEFAULT AS IDENTITY UNIQUE, CONSTRAINT STATECHART_STATES_AGENT_REF FOREIGN KEY (AGENT_ID) REFERENCES agents_raw_log(ID),CONSTRAINT STATECHART_STATES_STATE_REF FOREIGN KEY (STATE_ID) REFERENCES agent_type_elements_raw_log(ID))
INSERT INTO AL_DB_OBJECTS VALUES('statechart_states_raw_log','TABLE','LOG')
COMMIT
CREATE CACHED TABLE IF NOT EXISTS statechart_transitions_raw_log (AGENT_ID INT, TRANSITION_ID INT, FROM_STATE_ID INT, DATE TIMESTAMP, COUNTER INT GENERATED BY DEFAULT AS IDENTITY UNIQUE, CONSTRAINT STATECHART_AGENT_REF FOREIGN KEY (AGENT_ID) REFERENCES agents_raw_log(ID),CONSTRAINT TRANSITION_REF FOREIGN KEY (TRANSITION_ID) REFERENCES agent_type_elements_raw_log(ID),CONSTRAINT FROM_STATE_REF FOREIGN KEY (FROM_STATE_ID) REFERENCES agent_type_elements_raw_log(ID))
INSERT INTO AL_DB_OBJECTS VALUES('statechart_transitions_raw_log','TABLE','LOG')
COMMIT
CREATE CACHED TABLE IF NOT EXISTS events_raw_log (EVENT_ID INT, DATE TIMESTAMP, COUNTER INT GENERATED BY DEFAULT AS IDENTITY UNIQUE, CONSTRAINT EVENT_REF FOREIGN KEY (EVENT_ID) REFERENCES agent_type_elements_raw_log(ID))
INSERT INTO AL_DB_OBJECTS VALUES('events_raw_log','TABLE','LOG')
COMMIT
CREATE CACHED TABLE IF NOT EXISTS agent_movement_raw_log (AGENT_ID INT, SPEED FLOAT, START_DATE TIMESTAMP, STOP_DATE TIMESTAMP, COUNTER INT GENERATED BY DEFAULT AS IDENTITY UNIQUE, CONSTRAINT MOVEMENT_AGENT_REF FOREIGN KEY (AGENT_ID) REFERENCES agents_raw_log(ID))
INSERT INTO AL_DB_OBJECTS VALUES('agent_movement_raw_log','TABLE','LOG')
COMMIT
CREATE CACHED TABLE IF NOT EXISTS agent_messages_raw_log (AGENT_ID INT, SENDER_ID INT, MESSAGE LONGVARCHAR, DATE TIMESTAMP, COUNTER INT GENERATED BY DEFAULT AS IDENTITY UNIQUE,  CONSTRAINT MESSAGES_AGENT_REF FOREIGN KEY (AGENT_ID) REFERENCES agents_raw_log(ID),CONSTRAINT MESSAGES_SENDER_AGENT_REF FOREIGN KEY (SENDER_ID) REFERENCES agents_raw_log(ID))
INSERT INTO AL_DB_OBJECTS VALUES('agent_messages_raw_log','TABLE','LOG')
COMMIT
CREATE CACHED TABLE IF NOT EXISTS flowchart_entries_raw_log (COUNTER INT GENERATED BY DEFAULT AS IDENTITY UNIQUE,  AGENT_ID INT, BLOCK_ID INT, ENTRY_DATE TIMESTAMP, CONSTRAINT FLOWCHART_ENTRIES_ENTITY_AGENT_REF FOREIGN KEY (AGENT_ID) REFERENCES agents_raw_log(ID),CONSTRAINT FLOWCHART_ENTRIES_BLOCK_AGENT_REF FOREIGN KEY (BLOCK_ID) REFERENCES agents_raw_log(ID))
INSERT INTO AL_DB_OBJECTS VALUES('flowchart_entries_raw_log','TABLE','LOG')
COMMIT
CREATE CACHED TABLE IF NOT EXISTS flowchart_process_states_raw_log (AGENT_ID INT, BLOCK_ID INT, ACTIVITY_TYPE VARCHAR(20), START_DATE TIMESTAMP, STOP_DATE TIMESTAMP,  COUNTER INT GENERATED BY DEFAULT AS IDENTITY UNIQUE, CONSTRAINT FLOWCHART_PROCESS_STATES_ENTITY_AGENT_REF FOREIGN KEY (AGENT_ID) REFERENCES agents_raw_log(ID),CONSTRAINT FLOWCHART_PROCESS_STATES_BLOCK_AGENT_REF FOREIGN KEY (BLOCK_ID) REFERENCES agents_raw_log(ID))
INSERT INTO AL_DB_OBJECTS VALUES('flowchart_process_states_raw_log','TABLE','LOG')
COMMIT
CREATE CACHED TABLE IF NOT EXISTS statistics_raw_log (AGENT_ID INT, NAME VARCHAR(255), MEAN FLOAT, DEVIATION FLOAT, MINIMUM FLOAT, MAXIMUM FLOAT, MEAN_CONFIDENCE FLOAT, NUMBER INT, COUNTER INT GENERATED BY DEFAULT AS IDENTITY UNIQUE, CONSTRAINT STATISTICS_AGENT_REF FOREIGN KEY (AGENT_ID) REFERENCES agents_raw_log(ID))
INSERT INTO AL_DB_OBJECTS VALUES('statistics_raw_log','TABLE','LOG')
COMMIT
CREATE CACHED TABLE IF NOT EXISTS datasets_raw_log (ELEMENT_ID INT, INDEX INT, X FLOAT, Y FLOAT, COUNTER INT GENERATED BY DEFAULT AS IDENTITY UNIQUE, CONSTRAINT DATASETS_ELEMENT_REF FOREIGN KEY (ELEMENT_ID) REFERENCES agent_elements_raw_log(ID))
INSERT INTO AL_DB_OBJECTS VALUES('datasets_raw_log','TABLE','LOG')
COMMIT
CREATE CACHED TABLE IF NOT EXISTS histograms_raw_log (ELEMENT_ID INT, START FLOAT, END FLOAT, PDF FLOAT, CDF FLOAT, COUNTER INT GENERATED BY DEFAULT AS IDENTITY UNIQUE, CONSTRAINT HISTOGRAMS_ELEMENT_REF FOREIGN KEY (ELEMENT_ID) REFERENCES agent_elements_raw_log(ID))
INSERT INTO AL_DB_OBJECTS VALUES('histograms_raw_log','TABLE','LOG')
COMMIT
CREATE CACHED TABLE IF NOT EXISTS resource_unit_states_raw_log (UNIT_ID INT, POOL_ID INT, USAGE_STATE VARCHAR(20), TASK_TYPE VARCHAR(20), AGENT_ID INT, TASK_ID INT, START_DATE TIMESTAMP, STOP_DATE TIMESTAMP, COUNTER INT GENERATED BY DEFAULT AS IDENTITY UNIQUE, CONSTRAINT RESOURCE_UNIT_STATES_UNIT_AGENT_REF FOREIGN KEY (UNIT_ID) REFERENCES agents_raw_log(ID),CONSTRAINT RESOURCE_UNIT_STATES_POOL_AGENT_REF FOREIGN KEY (POOL_ID) REFERENCES agents_raw_log(ID),CONSTRAINT RESOURCE_UNIT_STATES_AGENT_AGENT_REF FOREIGN KEY (AGENT_ID) REFERENCES agents_raw_log(ID),CONSTRAINT RESOURCE_UNIT_STATES_TASK_AGENT_REF FOREIGN KEY (TASK_ID) REFERENCES agents_raw_log(ID))
INSERT INTO AL_DB_OBJECTS VALUES('resource_unit_states_raw_log','TABLE','LOG')
COMMIT
CREATE CACHED TABLE IF NOT EXISTS resource_pool_utilization_raw_log (POOL_ID INT, UTILIZATION FLOAT, SIZE INT, COUNTER INT GENERATED BY DEFAULT AS IDENTITY UNIQUE, CONSTRAINT RESOURCE_POOL_UTILIZATION_POOL_AGENT_REF FOREIGN KEY (POOL_ID) REFERENCES agents_raw_log(ID))
INSERT INTO AL_DB_OBJECTS VALUES('resource_pool_utilization_raw_log','TABLE','LOG')
COMMIT
CREATE CACHED TABLE IF NOT EXISTS resource_unit_utilization_raw_log (UNIT_ID INT, POOL_ID INT, UTILIZATION FLOAT, COUNTER INT GENERATED BY DEFAULT AS IDENTITY UNIQUE, CONSTRAINT RESOURCE_UNIT_UTILIZATION_UNIT_AGENT_REF FOREIGN KEY (UNIT_ID) REFERENCES agents_raw_log(ID),CONSTRAINT RESOURCE_UNIT_UTILIZATION_POOL_AGENT_REF FOREIGN KEY (POOL_ID) REFERENCES agents_raw_log(ID))
INSERT INTO AL_DB_OBJECTS VALUES('resource_unit_utilization_raw_log','TABLE','LOG')
COMMIT
CREATE CACHED TABLE IF NOT EXISTS fluid_units_raw_log (BLOCK_ID INT, AMOUNT_UNITS VARCHAR(20), RATE_UNITS VARCHAR(20), COUNTER INT GENERATED BY DEFAULT AS IDENTITY UNIQUE, CONSTRAINT FLUID_UNITS_BLOCK_AGENT_REF FOREIGN KEY (BLOCK_ID) REFERENCES agents_raw_log(ID))
INSERT INTO AL_DB_OBJECTS VALUES('fluid_units_raw_log','TABLE','LOG')
COMMIT
CREATE CACHED TABLE IF NOT EXISTS fluid_storages_raw_log (BLOCK_ID INT, MINIMUM FLOAT, MAXIMUM FLOAT, AVERAGE FLOAT, COUNTER INT GENERATED BY DEFAULT AS IDENTITY UNIQUE, CONSTRAINT FLUID_STORAGES_BLOCK_AGENT_REF FOREIGN KEY (BLOCK_ID) REFERENCES agents_raw_log(ID))
INSERT INTO AL_DB_OBJECTS VALUES('fluid_storages_raw_log','TABLE','LOG')
COMMIT
CREATE CACHED TABLE IF NOT EXISTS fluid_rates_raw_log (BLOCK_ID INT, PORT VARCHAR(20), TOTAL FLOAT, MINIMUM FLOAT, MAXIMUM FLOAT, AVERAGE FLOAT, COUNTER INT GENERATED BY DEFAULT AS IDENTITY UNIQUE, CONSTRAINT FLUID_RATES_BLOCK_AGENT_REF FOREIGN KEY (BLOCK_ID) REFERENCES agents_raw_log(ID))
INSERT INTO AL_DB_OBJECTS VALUES('fluid_rates_raw_log','TABLE','LOG')
COMMIT
CREATE CACHED TABLE IF NOT EXISTS fluid_utilization_raw_log (BLOCK_ID INT, UTILIZATION FLOAT, COUNTER INT GENERATED BY DEFAULT AS IDENTITY UNIQUE, CONSTRAINT FLUID_UTILIZATION_BLOCK_AGENT_REF FOREIGN KEY (BLOCK_ID) REFERENCES agents_raw_log(ID))
INSERT INTO AL_DB_OBJECTS VALUES('fluid_utilization_raw_log','TABLE','LOG')
COMMIT
CREATE VIEW agents_log AS SELECT al_format_agent_type_name_log(agent_types.NAME) type, al_format_agent_name_log(agents.NAME, agents.ID) name, agents.DATE BirthDate, destroyed_agents.DATE DeathDate FROM agent_types_raw_log agent_types INNER JOIN agents_raw_log agents ON agent_types.ID = agents.AGENT_TYPE_ID LEFT JOIN destroyed_agents_raw_log destroyed_agents ON agents.ID = destroyed_agents.AGENT_ID WHERE agent_types.NAME NOT LIKE 'com.anylogic.libraries.%' ORDER BY type, name
INSERT INTO AL_DB_OBJECTS VALUES('agents_log','VIEW','LOG')
COMMIT
CREATE VIEW library_blocks_log AS SELECT al_format_agent_type_name_log(agent_types.NAME) type, al_format_agent_name_log(agents.NAME, agents.ID) name, agents.DATE BirthDate, destroyed_agents.DATE DeathDate FROM agent_types_raw_log agent_types INNER JOIN agents_raw_log agents ON agent_types.ID = agents.AGENT_TYPE_ID LEFT JOIN destroyed_agents_raw_log destroyed_agents ON agents.ID = destroyed_agents.AGENT_ID WHERE agent_types.NAME LIKE 'com.anylogic.libraries.%' ORDER BY type, name
INSERT INTO AL_DB_OBJECTS VALUES('library_blocks_log','VIEW','LOG')
COMMIT
CREATE VIEW agent_parameters_log AS SELECT al_format_agent_type_name_log(agent_types.NAME) agent_type, al_format_agent_name_log(agents.NAME, agents.ID) agent, parameters.PARAMETER_NAME parameter_name, parameters.PARAMETER_VALUE parameter_value FROM agent_parameters_raw_log parameters INNER JOIN agents_raw_log agents ON parameters.AGENT_ID = agents.ID INNER JOIN agent_types_raw_log agent_types ON agents.AGENT_TYPE_ID = agent_types.ID WHERE agent_types.NAME NOT LIKE 'com.anylogic.libraries.%' ORDER BY agent_type, agent
INSERT INTO AL_DB_OBJECTS VALUES('agent_parameters_log','VIEW','LOG')
COMMIT
CREATE VIEW library_block_parameters_log AS SELECT al_format_agent_type_name_log(agent_types.NAME) block_type, al_format_agent_name_log(agents.NAME, agents.ID) block, parameters.PARAMETER_NAME parameter_name, parameters.PARAMETER_VALUE parameter_value FROM agent_parameters_raw_log parameters INNER JOIN agents_raw_log agents ON parameters.AGENT_ID = agents.ID INNER JOIN agent_types_raw_log agent_types ON agents.AGENT_TYPE_ID = agent_types.ID WHERE agent_types.NAME LIKE 'com.anylogic.libraries.%' ORDER BY block_type, block
INSERT INTO AL_DB_OBJECTS VALUES('library_block_parameters_log','VIEW','LOG')
COMMIT
CREATE VIEW agent_movement_log AS SELECT al_format_agent_type_name_log(agent_types.NAME) type, al_format_agent_name_log(agents.NAME, agents.ID) agent, agent_movement.SPEED speed, agent_movement.START_DATE start_date, agent_movement.STOP_DATE stop_date FROM agent_movement_raw_log agent_movement INNER JOIN agents_raw_log agents ON agent_movement.AGENT_ID = agents.ID INNER JOIN agent_types_raw_log agent_types ON agents.AGENT_TYPE_ID = agent_types.ID ORDER BY start_date
INSERT INTO AL_DB_OBJECTS VALUES('agent_movement_log','VIEW','LOG')
COMMIT
CREATE VIEW agent_movement_stats_log AS SELECT al_format_agent_type_name_log(agent_types.NAME) type, al_format_agent_name_log(agents.NAME, agents.ID) agent, agent_movement.total_meters total_meters, agent_movement.total_seconds total_seconds, agent_movement.avg_speed_mps avg_speed_mps FROM (   SELECT     AGENT_ID,     SUM(CAST( DATEDIFF('millisecond', START_DATE, STOP_DATE) AS DOUBLE ) * SPEED) / 1000 total_meters,     SUM(CAST( DATEDIFF('millisecond', START_DATE, STOP_DATE) AS DOUBLE )) / 1000 total_seconds,     SUM(CAST( DATEDIFF('millisecond', START_DATE, STOP_DATE) AS DOUBLE ) * SPEED)       / SUM(CAST( DATEDIFF('millisecond', START_DATE, STOP_DATE) AS DOUBLE )) avg_speed_mps   FROM agent_movement_raw_log   GROUP BY AGENT_ID) agent_movement INNER JOIN agents_raw_log agents ON agent_movement.AGENT_ID = agents.ID INNER JOIN agent_types_raw_log agent_types ON agents.AGENT_TYPE_ID = agent_types.ID ORDER BY type, agent
INSERT INTO AL_DB_OBJECTS VALUES('agent_movement_stats_log','VIEW','LOG')
COMMIT
CREATE VIEW agent_messages_log AS SELECT am.MESSAGE message, al_format_agent_name_log(a1.NAME, a1.ID) recipient, al_format_agent_type_name_log(at1.NAME) recipient_type, al_format_agent_name_log(a2.NAME, a2.ID) sender, al_format_agent_type_name_log(at2.NAME) sender_type, am.DATE date, am.COUNTER counter FROM agent_messages_raw_log am INNER JOIN agents_raw_log a1 ON am.AGENT_ID = a1.ID INNER JOIN agent_types_raw_log at1 ON a1.AGENT_TYPE_ID = at1.ID LEFT JOIN agents_raw_log a2 ON am.SENDER_ID = a2.ID LEFT JOIN agent_types_raw_log at2 ON a2.AGENT_TYPE_ID = at2.ID ORDER BY am.COUNTER
INSERT INTO AL_DB_OBJECTS VALUES('agent_messages_log','VIEW','LOG')
COMMIT
CREATE VIEW events_log AS SELECT agent_type_elements.NAME event_name, events.DATE date, al_format_agent_type_name_log(agent_types.NAME) agent_type, al_format_agent_name_log(agents.NAME, agents.ID) agent FROM events_raw_log events INNER JOIN agent_type_elements_raw_log agent_type_elements ON events.EVENT_ID = agent_type_elements.ID INNER JOIN agents_raw_log agents ON agent_type_elements.AGENT_TYPE_ID = agents.ID INNER JOIN agent_types_raw_log agent_types ON agent_type_elements.AGENT_TYPE_ID = agent_types.ID ORDER BY events.DATE
INSERT INTO AL_DB_OBJECTS VALUES('events_log','VIEW','LOG')
COMMIT
CREATE VIEW flowchart_entries_log AS SELECT \u0009flowchart_entries.COUNTER counter, \u0009al_format_agent_type_name_log(agent_types.NAME) agent_type, \u0009al_format_agent_name_log(agents.NAME, agents.ID) agent, \u0009al_format_agent_type_name_log(block_types.NAME) block_type, \u0009al_format_agent_name_log(blocks.NAME, blocks.ID) block, \u0009flowchart_entries.ENTRY_DATE entry_date FROM flowchart_entries_raw_log flowchart_entries INNER JOIN agents_raw_log agents ON flowchart_entries.AGENT_ID = agents.ID INNER JOIN agent_types_raw_log agent_types ON agents.AGENT_TYPE_ID = agent_types.ID LEFT JOIN agents_raw_log blocks ON flowchart_entries.BLOCK_ID = blocks.ID LEFT JOIN agent_types_raw_log block_types ON blocks.AGENT_TYPE_ID = block_types.ID ORDER BY flowchart_entries.ENTRY_DATE
INSERT INTO AL_DB_OBJECTS VALUES('flowchart_entries_log','VIEW','LOG')
COMMIT
CREATE VIEW flowchart_process_states_log AS SELECT al_format_agent_type_name_log(agent_types.NAME) agent_type, al_format_agent_name_log(agents.NAME, agents.ID) agent, al_format_agent_type_name_log(block_types.NAME) block_type, al_format_agent_name_log(blocks.NAME, blocks.ID) block, flowchart_process_states.ACTIVITY_TYPE activity_type, flowchart_process_states.START_DATE start_date, flowchart_process_states.STOP_DATE stop_date FROM flowchart_process_states_raw_log flowchart_process_states INNER JOIN agents_raw_log agents ON flowchart_process_states.AGENT_ID = agents.ID INNER JOIN agent_types_raw_log agent_types ON agents.AGENT_TYPE_ID = agent_types.ID INNER JOIN agents_raw_log blocks ON flowchart_process_states.BLOCK_ID = blocks.ID INNER JOIN agent_types_raw_log block_types ON blocks.AGENT_TYPE_ID = block_types.ID ORDER BY flowchart_process_states.START_DATE
INSERT INTO AL_DB_OBJECTS VALUES('flowchart_process_states_log','VIEW','LOG')
COMMIT
CREATE VIEW flowchart_stats_time_in_state_log AS SELECT al_format_agent_type_name_log(block_types.NAME) block_type, al_format_agent_name_log(blocks.NAME, blocks.ID) block, flowchart_process_states.activity_type activity_type, flowchart_process_states.mean_seconds mean_seconds, flowchart_process_states.total_seconds total_seconds, flowchart_process_states.min_seconds min_seconds, flowchart_process_states.max_seconds max_seconds, flowchart_process_states.n_agents n_agents FROM (   SELECT     BLOCK_ID block_id,     ACTIVITY_TYPE activity_type,     AVG(CAST( DATEDIFF('millisecond', START_DATE, STOP_DATE) AS DOUBLE )) / 1000 mean_seconds,     SUM(CAST( DATEDIFF('millisecond', START_DATE, STOP_DATE) AS DOUBLE )) / 1000 total_seconds,     MIN(CAST( DATEDIFF('millisecond', START_DATE, STOP_DATE) AS DOUBLE )) / 1000 min_seconds,     MAX(CAST( DATEDIFF('millisecond', START_DATE, STOP_DATE) AS DOUBLE )) / 1000 max_seconds,     COUNT( DISTINCT AGENT_ID ) n_agents   FROM flowchart_process_states_raw_log flowchart_process_states   GROUP BY BLOCK_ID, ACTIVITY_TYPE) flowchart_process_states INNER JOIN agents_raw_log blocks ON flowchart_process_states.BLOCK_ID = blocks.ID INNER JOIN agent_types_raw_log block_types ON blocks.AGENT_TYPE_ID = block_types.ID ORDER BY block_type, block, activity_type
INSERT INTO AL_DB_OBJECTS VALUES('flowchart_stats_time_in_state_log','VIEW','LOG')
COMMIT
CREATE VIEW resource_unit_states_log AS SELECT al_format_agent_type_name_log(unit_types.NAME) unit_type, al_format_agent_name_log(units.NAME, units.ID) unit, al_format_agent_name_log(pools.NAME, pools.ID) resource_pool, resource_unit_states.USAGE_STATE usage_state, CASE WHEN resource_unit_states.TASK_TYPE = 'TASK_CUSTOM' THEN al_format_agent_name_log(tasks.NAME, tasks.ID) ELSE resource_unit_states.TASK_TYPE END task, al_format_agent_type_name_log(agent_types.NAME) agent_type, al_format_agent_name_log(agents.NAME, agents.ID) agent, resource_unit_states.START_DATE start_date, resource_unit_states.STOP_DATE stop_date FROM resource_unit_states_raw_log resource_unit_states INNER JOIN agents_raw_log units ON resource_unit_states.UNIT_ID = units.ID INNER JOIN agent_types_raw_log unit_types ON units.AGENT_TYPE_ID = unit_types.ID INNER JOIN agents_raw_log pools ON resource_unit_states.POOL_ID = pools.ID LEFT JOIN agents_raw_log agents ON resource_unit_states.AGENT_ID = agents.ID LEFT JOIN agent_types_raw_log agent_types ON agents.AGENT_TYPE_ID = agent_types.ID LEFT JOIN agents_raw_log tasks ON resource_unit_states.TASK_ID = tasks.ID ORDER BY resource_unit_states.START_DATE
INSERT INTO AL_DB_OBJECTS VALUES('resource_unit_states_log','VIEW','LOG')
COMMIT
CREATE VIEW resource_unit_task_stats_log AS SELECT al_format_agent_type_name_log(unit_types.NAME) unit_type, al_format_agent_name_log(pools.NAME, pools.ID) resource_pool, al_format_agent_name_log(units.NAME, units.ID) unit, CASE WHEN resource_unit_states.TASK_TYPE = 'TASK_CUSTOM' THEN al_format_agent_name_log(tasks.NAME, tasks.ID) ELSE resource_unit_states.TASK_TYPE END task, resource_unit_states.mean_seconds mean_seconds, resource_unit_states.total_seconds total_seconds, resource_unit_states.n_tasks n_tasks FROM (   SELECT     UNIT_ID unit_id,     POOL_ID pool_id,     TASK_TYPE task_type,     TASK_ID task_id,     AVG(CAST( DATEDIFF('millisecond', START_DATE, STOP_DATE) AS DOUBLE )) / 1000 mean_seconds,     SUM(CAST( DATEDIFF('millisecond', START_DATE, STOP_DATE) AS DOUBLE )) / 1000 total_seconds,     COUNT(START_DATE) n_tasks   FROM resource_unit_states_raw_log   GROUP BY UNIT_ID, POOL_ID, TASK_TYPE, TASK_ID ) resource_unit_states INNER JOIN agents_raw_log units ON resource_unit_states.UNIT_ID = units.ID INNER JOIN agent_types_raw_log unit_types ON units.AGENT_TYPE_ID = unit_types.ID INNER JOIN agents_raw_log pools ON resource_unit_states.POOL_ID = pools.ID LEFT JOIN agents_raw_log tasks ON resource_unit_states.TASK_ID = tasks.ID ORDER BY unit_type, resource_pool, unit, resource_unit_states.TASK_TYPE, tasks.NAME
INSERT INTO AL_DB_OBJECTS VALUES('resource_unit_task_stats_log','VIEW','LOG')
COMMIT
CREATE VIEW resource_pool_task_stats_log AS SELECT al_format_agent_type_name_log(unit_types.NAME) unit_type, al_format_agent_name_log(pools.NAME, pools.ID) resource_pool, CASE WHEN resource_unit_states.TASK_TYPE = 'TASK_CUSTOM' THEN tasks.NAME ELSE resource_unit_states.TASK_TYPE END task, resource_unit_states.mean_seconds mean_seconds, resource_unit_states.total_seconds total_seconds, resource_unit_states.n_tasks n_tasks FROM (   SELECT     u.AGENT_TYPE_ID unit_type_id,     s.POOL_ID pool_id,     s.TASK_TYPE task_type,     s.TASK_ID task_id,     AVG(CAST( DATEDIFF('millisecond', s.START_DATE, s.STOP_DATE) AS DOUBLE )) / 1000 mean_seconds,     SUM(CAST( DATEDIFF('millisecond', s.START_DATE, s.STOP_DATE) AS DOUBLE )) / 1000 total_seconds,     COUNT(s.START_DATE) n_tasks   FROM resource_unit_states_raw_log s   INNER JOIN agents_raw_log u ON s.UNIT_ID = u.ID   GROUP BY u.AGENT_TYPE_ID, s.POOL_ID, s.TASK_TYPE, s.TASK_ID ) resource_unit_states INNER JOIN agent_types_raw_log unit_types ON resource_unit_states.unit_type_id = unit_types.ID INNER JOIN agents_raw_log pools ON resource_unit_states.POOL_ID = pools.ID LEFT JOIN agents_raw_log tasks ON resource_unit_states.TASK_ID = tasks.ID ORDER BY unit_type, resource_pool, resource_unit_states.TASK_TYPE, tasks.NAME
INSERT INTO AL_DB_OBJECTS VALUES('resource_pool_task_stats_log','VIEW','LOG')
COMMIT
CREATE VIEW resource_pool_utilization_log AS SELECT al_format_agent_name_log(pools.NAME, pools.ID) resource_pool, resource_pool_utilization.UTILIZATION utilization, resource_pool_utilization.SIZE size FROM resource_pool_utilization_raw_log resource_pool_utilization INNER JOIN agents_raw_log pools ON resource_pool_utilization.POOL_ID = pools.ID ORDER BY resource_pool
INSERT INTO AL_DB_OBJECTS VALUES('resource_pool_utilization_log','VIEW','LOG')
COMMIT
CREATE VIEW resource_unit_utilization_log AS SELECT al_format_agent_type_name_log(unit_types.NAME) unit_type, al_format_agent_name_log(pools.NAME, pools.ID) resource_pool, al_format_agent_name_log(units.NAME, units.ID) unit, resource_unit_utilization.UTILIZATION utilization FROM resource_unit_utilization_raw_log resource_unit_utilization INNER JOIN agents_raw_log units ON resource_unit_utilization.UNIT_ID = units.ID INNER JOIN agent_types_raw_log unit_types ON units.AGENT_TYPE_ID = unit_types.ID INNER JOIN agents_raw_log pools ON resource_unit_utilization.POOL_ID = pools.ID ORDER BY unit_type, resource_pool
INSERT INTO AL_DB_OBJECTS VALUES('resource_unit_utilization_log','VIEW','LOG')
COMMIT
CREATE VIEW fluid_units_log AS SELECT al_format_agent_type_name_log(block_types.NAME) block_type, al_format_agent_name_log(blocks.NAME, blocks.ID) block, units.AMOUNT_UNITS amount_units, units.RATE_UNITS rate_units FROM fluid_units_raw_log units INNER JOIN agents_raw_log blocks ON units.BLOCK_ID = blocks.ID INNER JOIN agent_types_raw_log block_types ON blocks.AGENT_TYPE_ID = block_types.ID ORDER BY block_type, block
INSERT INTO AL_DB_OBJECTS VALUES('fluid_units_log','VIEW','LOG')
COMMIT
CREATE VIEW fluid_storages_log AS SELECT al_format_agent_type_name_log(block_types.NAME) block_type, al_format_agent_name_log(blocks.NAME, blocks.ID) block, storages.MINIMUM minimum, storages.MAXIMUM maximum, storages.AVERAGE average FROM fluid_storages_raw_log storages INNER JOIN agents_raw_log blocks ON storages.BLOCK_ID = blocks.ID INNER JOIN agent_types_raw_log block_types ON blocks.AGENT_TYPE_ID = block_types.ID ORDER BY block_type, block
INSERT INTO AL_DB_OBJECTS VALUES('fluid_storages_log','VIEW','LOG')
COMMIT
CREATE VIEW fluid_rates_log AS SELECT al_format_agent_type_name_log(block_types.NAME) block_type, al_format_agent_name_log(blocks.NAME, blocks.ID) block, rates.PORT port, rates.TOTAL total_amount,rates.MINIMUM minimum_rate, rates.MAXIMUM maximum_rate, rates.AVERAGE average_rate FROM fluid_rates_raw_log rates INNER JOIN agents_raw_log blocks ON rates.BLOCK_ID = blocks.ID INNER JOIN agent_types_raw_log block_types ON blocks.AGENT_TYPE_ID = block_types.ID ORDER BY block_type, block
INSERT INTO AL_DB_OBJECTS VALUES('fluid_rates_log','VIEW','LOG')
COMMIT
CREATE VIEW fluid_utilization_log AS SELECT al_format_agent_type_name_log(block_types.NAME) block_type, al_format_agent_name_log(blocks.NAME, blocks.ID) block, utilization.UTILIZATION utilization FROM fluid_utilization_raw_log utilization INNER JOIN agents_raw_log blocks ON utilization.BLOCK_ID = blocks.ID INNER JOIN agent_types_raw_log block_types ON blocks.AGENT_TYPE_ID = block_types.ID ORDER BY block_type, block
INSERT INTO AL_DB_OBJECTS VALUES('fluid_utilization_log','VIEW','LOG')
COMMIT
CREATE VIEW statechart_transitions_log AS SELECT al_format_agent_type_name_log(agent_types.NAME) agent_type, al_format_agent_name_log(agents.NAME, agents.ID) agent, transitions.NAME transition, states.NAME from_state, statechart_transitions.DATE date FROM statechart_transitions_raw_log statechart_transitions INNER JOIN agents_raw_log agents ON statechart_transitions.AGENT_ID = agents.ID INNER JOIN agent_types_raw_log agent_types ON agents.AGENT_TYPE_ID = agent_types.ID LEFT JOIN agent_type_elements_raw_log transitions ON statechart_transitions.TRANSITION_ID = transitions.ID INNER JOIN agent_type_elements_raw_log states ON statechart_transitions.FROM_STATE_ID = states.ID ORDER BY statechart_transitions.DATE
INSERT INTO AL_DB_OBJECTS VALUES('statechart_transitions_log','VIEW','LOG')
COMMIT
CREATE VIEW agent_statechart_states_log AS SELECT al_format_agent_type_name_log(agent_types.NAME) agent_type, al_format_agent_name_log(agents.NAME, agents.ID) agent, elements_statecharts.NAME statechart, elements_states.NAME state, statechart_states.ENTRY_DATE entry_date, statechart_states.EXIT_DATE exit_date FROM statechart_states_raw_log statechart_states INNER JOIN agents_raw_log agents ON statechart_states.AGENT_ID = agents.ID INNER JOIN agent_types_raw_log agent_types ON agents.AGENT_TYPE_ID = agent_types.ID INNER JOIN agent_type_statecharts_raw_log agent_type_statecharts ON agent_type_statecharts.ELEMENT_ID = statechart_states.STATE_ID INNER JOIN agent_type_elements_raw_log elements_statecharts ON agent_type_statecharts.STATECHART_ID = elements_statecharts.ID INNER JOIN agent_type_elements_raw_log elements_states ON statechart_states.STATE_ID = elements_states.ID ORDER BY agent_type, agent, statechart, statechart_states.ENTRY_DATE
INSERT INTO AL_DB_OBJECTS VALUES('agent_statechart_states_log','VIEW','LOG')
COMMIT
CREATE VIEW agent_statechart_stats_log AS SELECT al_format_agent_type_name_log(agent_types.NAME) agent_type, al_format_agent_name_log(agents.NAME, agents.ID) agent, elements_statecharts.NAME statechart, elements_states.NAME state, statechart_states.mean_seconds mean_seconds, statechart_states.total_seconds total_seconds, statechart_states.n_entries n_entries FROM (   SELECT     AGENT_ID agent_id,     STATE_ID state_id,     AVG(CAST( DATEDIFF('millisecond', ENTRY_DATE, EXIT_DATE) AS DOUBLE )) / 1000 mean_seconds,     SUM(CAST( DATEDIFF('millisecond', ENTRY_DATE, EXIT_DATE) AS DOUBLE )) / 1000 total_seconds,     COUNT(ENTRY_DATE) n_entries   FROM statechart_states_raw_log   GROUP BY AGENT_ID, STATE_ID ) statechart_states INNER JOIN agents_raw_log agents ON statechart_states.AGENT_ID = agents.ID INNER JOIN agent_types_raw_log agent_types ON agents.AGENT_TYPE_ID = agent_types.ID INNER JOIN agent_type_statecharts_raw_log agent_type_statecharts ON agent_type_statecharts.ELEMENT_ID = statechart_states.STATE_ID INNER JOIN agent_type_elements_raw_log elements_statecharts ON agent_type_statecharts.STATECHART_ID = elements_statecharts.ID INNER JOIN agent_type_elements_raw_log elements_states ON statechart_states.STATE_ID = elements_states.ID ORDER BY agent_type, agent, statechart, state
INSERT INTO AL_DB_OBJECTS VALUES('agent_statechart_stats_log','VIEW','LOG')
COMMIT
CREATE VIEW agent_type_statechart_stats_log AS SELECT al_format_agent_type_name_log(agent_types.NAME) agent_type, elements_statecharts.NAME statechart, elements_states.NAME state, statechart_states.mean_seconds mean_seconds, statechart_states.total_seconds total_seconds, statechart_states.min_seconds min_seconds, statechart_states.max_seconds max_seconds, statechart_states.n_entries n_entries FROM (   SELECT     a.AGENT_TYPE_ID agent_type_id,     s.STATE_ID state_id,     AVG(CAST( DATEDIFF('millisecond', s.ENTRY_DATE, s.EXIT_DATE) AS DOUBLE )) / 1000 mean_seconds,     SUM(CAST( DATEDIFF('millisecond', s.ENTRY_DATE, s.EXIT_DATE) AS DOUBLE )) / 1000 total_seconds,     MIN(CAST( DATEDIFF('millisecond', s.ENTRY_DATE, s.EXIT_DATE) AS DOUBLE )) / 1000 min_seconds,     MAX(CAST( DATEDIFF('millisecond', s.ENTRY_DATE, s.EXIT_DATE) AS DOUBLE )) / 1000 max_seconds,     COUNT(s.ENTRY_DATE) n_entries   FROM statechart_states_raw_log s   INNER JOIN agents_raw_log a ON s.AGENT_ID = a.ID   GROUP BY a.AGENT_TYPE_ID, s.STATE_ID ) statechart_states INNER JOIN agent_types_raw_log agent_types ON statechart_states.agent_type_id = agent_types.ID INNER JOIN agent_type_statecharts_raw_log agent_type_statecharts ON agent_type_statecharts.ELEMENT_ID = statechart_states.STATE_ID INNER JOIN agent_type_elements_raw_log elements_statecharts ON agent_type_statecharts.STATECHART_ID = elements_statecharts.ID INNER JOIN agent_type_elements_raw_log elements_states ON statechart_states.STATE_ID = elements_states.ID ORDER BY agent_type, statechart, state
INSERT INTO AL_DB_OBJECTS VALUES('agent_type_statechart_stats_log','VIEW','LOG')
COMMIT
CREATE VIEW statistics_log AS SELECT al_format_agent_type_name_log(agent_types.NAME) agent_type, al_format_agent_name_log(agents.NAME, agents.ID) agent, statistics.NAME name, statistics.MEAN mean, statistics.DEVIATION deviation, statistics.MINIMUM minimum, statistics.MAXIMUM maximum, statistics.MEAN_CONFIDENCE mean_confidence, statistics.NUMBER number FROM statistics_raw_log statistics LEFT JOIN agents_raw_log agents ON statistics.AGENT_ID = agents.ID LEFT JOIN agent_types_raw_log agent_types ON agents.AGENT_TYPE_ID = agent_types.ID ORDER BY agent_type, agent, statistics.NAME
INSERT INTO AL_DB_OBJECTS VALUES('statistics_log','VIEW','LOG')
COMMIT
CREATE VIEW datasets_log AS SELECT al_format_agent_type_name_log(agent_types.NAME) agent_type, al_format_agent_name_log(agents.NAME, agents.ID) agent, agent_elements.NAME name, datasets.INDEX index, datasets.X x, datasets.Y y FROM datasets_raw_log datasets LEFT JOIN agent_elements_raw_log agent_elements ON datasets.ELEMENT_ID = agent_elements.ID LEFT JOIN agents_raw_log agents ON agent_elements.AGENT_ID = agents.ID LEFT JOIN agent_types_raw_log agent_types ON agents.AGENT_TYPE_ID = agent_types.ID ORDER BY agent_type, agent, agent_elements.NAME, datasets.INDEX
INSERT INTO AL_DB_OBJECTS VALUES('datasets_log','VIEW','LOG')
COMMIT
CREATE VIEW histograms_log AS SELECT al_format_agent_type_name_log(agent_types.NAME) agent_type, al_format_agent_name_log(agents.NAME, agents.ID) agent, agent_elements.NAME name, histograms.START start, histograms.END end, histograms.PDF pdf, histograms.CDF cdf FROM histograms_raw_log histograms LEFT JOIN agent_elements_raw_log agent_elements ON histograms.ELEMENT_ID = agent_elements.ID LEFT JOIN agents_raw_log agents ON agent_elements.AGENT_ID = agents.ID LEFT JOIN agent_types_raw_log agent_types ON agents.AGENT_TYPE_ID = agent_types.ID ORDER BY agent_type, agent, agent_elements.NAME, histograms.START
INSERT INTO AL_DB_OBJECTS VALUES('histograms_log','VIEW','LOG')
COMMIT
CREATE VIEW trace_log AS SELECT trace.MESSAGE_TEXT message_text, trace.DATE date, trace.COUNTER counter, al_format_agent_type_name_log(agent_types.NAME) agent_type, al_format_agent_name_log(agents.NAME, agents.ID) agent FROM trace_raw_log trace LEFT JOIN agents_raw_log agents ON trace.AGENT_ID = agents.ID LEFT JOIN agent_types_raw_log agent_types ON agents.AGENT_TYPE_ID = agent_types.ID ORDER BY trace.COUNTER
INSERT INTO AL_DB_OBJECTS VALUES('trace_log','VIEW','LOG')
COMMIT
INSERT INTO AGENT_TYPES_RAW_LOG VALUES(0,'firstprojectdraft.Main',0)
COMMIT
INSERT INTO AGENTS_RAW_LOG VALUES(0,0,'root','2016-01-01 00:00:00.000000',0)
COMMIT
INSERT INTO AGENT_TYPES_RAW_LOG VALUES(1,'firstprojectdraft.HouseController',1)
COMMIT
INSERT INTO AGENTS_RAW_LOG VALUES(1,1,'?<HouseController>','2016-01-01 00:00:00.000000',1)
COMMIT
INSERT INTO AGENT_TYPES_RAW_LOG VALUES(2,'firstprojectdraft.Battery',2)
COMMIT
INSERT INTO AGENTS_RAW_LOG VALUES(2,2,'?<Battery>','2016-01-01 00:00:00.000000',2)
COMMIT
INSERT INTO AGENT_TYPES_RAW_LOG VALUES(3,'firstprojectdraft.PC',3)
COMMIT
INSERT INTO AGENTS_RAW_LOG VALUES(3,3,'?<PC>','2016-01-01 00:00:00.000000',3)
COMMIT
INSERT INTO AGENT_TYPES_RAW_LOG VALUES(4,'firstprojectdraft.PV',4)
COMMIT
INSERT INTO AGENTS_RAW_LOG VALUES(4,4,'?<PV>','2016-01-01 00:00:00.000000',4)
COMMIT
DELETE FROM AGENTS_RAW_LOG WHERE ID=0
INSERT INTO AGENTS_RAW_LOG VALUES(0,0,'root','2016-01-01 00:00:00.000000',0)
COMMIT
DELETE FROM AGENTS_RAW_LOG WHERE ID=1
INSERT INTO AGENTS_RAW_LOG VALUES(1,1,'root.houseController','2016-01-01 00:00:00.000000',1)
COMMIT
INSERT INTO AGENT_PARAMETERS_RAW_LOG VALUES(1,'simStepSize_in_min','15',0)
COMMIT
INSERT INTO AGENT_PARAMETERS_RAW_LOG VALUES(1,'handler','firstprojectdraft.HouseControllerJava@73cfa402',1)
COMMIT
DELETE FROM AGENTS_RAW_LOG WHERE ID=2
INSERT INTO AGENTS_RAW_LOG VALUES(2,2,'root.battery','2016-01-01 00:00:00.000000',2)
COMMIT
INSERT INTO AGENT_PARAMETERS_RAW_LOG VALUES(2,'handler','firstprojectdraft.BatteryJava@2905a2db',2)
COMMIT
DELETE FROM AGENTS_RAW_LOG WHERE ID=3
INSERT INTO AGENTS_RAW_LOG VALUES(3,3,'root.person_Energy_Consumption','2016-01-01 00:00:00.000000',3)
COMMIT
INSERT INTO AGENT_PARAMETERS_RAW_LOG VALUES(3,'handler','firstprojectdraft.PCJava@6e88c990',3)
COMMIT
DELETE FROM AGENTS_RAW_LOG WHERE ID=4
INSERT INTO AGENTS_RAW_LOG VALUES(4,4,'root.pV','2016-01-01 00:00:00.000000',4)
COMMIT
INSERT INTO AGENT_PARAMETERS_RAW_LOG VALUES(4,'handler','firstprojectdraft.PVJava@12f619fc',4)
COMMIT
INSERT INTO AGENT_TYPE_ELEMENTS_RAW_LOG VALUES(0,1,'simStep',0)
COMMIT
INSERT INTO AGENT_TYPE_ELEMENTS_RAW_LOG VALUES(1,1,'statechartEntryPoint',1)
COMMIT
INSERT INTO AGENT_TYPE_STATECHARTS_RAW_LOG VALUES(1,0,0)
COMMIT
INSERT INTO STATECHART_STATES_RAW_LOG VALUES(1,0,'2016-01-01 00:00:00.000000','2016-01-01 00:15:00.000000',0)
COMMIT
INSERT INTO AGENT_TYPE_ELEMENTS_RAW_LOG VALUES(2,1,'transition',2)
COMMIT
INSERT INTO STATECHART_TRANSITIONS_RAW_LOG VALUES(1,2,0,'2016-01-01 00:15:00.000000',0)
COMMIT
INSERT INTO STATECHART_STATES_RAW_LOG VALUES(1,0,'2016-01-01 00:15:00.000000','2016-01-01 00:30:00.000000',1)
COMMIT
INSERT INTO STATECHART_TRANSITIONS_RAW_LOG VALUES(1,2,0,'2016-01-01 00:30:00.000000',1)
COMMIT
INSERT INTO STATECHART_STATES_RAW_LOG VALUES(1,0,'2016-01-01 00:30:00.000000','2016-01-01 00:45:00.000000',2)
COMMIT
INSERT INTO STATECHART_TRANSITIONS_RAW_LOG VALUES(1,2,0,'2016-01-01 00:45:00.000000',2)
COMMIT
INSERT INTO STATECHART_STATES_RAW_LOG VALUES(1,0,'2016-01-01 00:45:00.000000','2016-01-01 01:00:00.000000',3)
COMMIT
INSERT INTO STATECHART_TRANSITIONS_RAW_LOG VALUES(1,2,0,'2016-01-01 01:00:00.000000',3)
COMMIT
INSERT INTO STATECHART_STATES_RAW_LOG VALUES(1,0,'2016-01-01 01:00:00.000000','2016-01-01 01:15:00.000000',4)
COMMIT
INSERT INTO STATECHART_TRANSITIONS_RAW_LOG VALUES(1,2,0,'2016-01-01 01:15:00.000000',4)
COMMIT
INSERT INTO STATECHART_STATES_RAW_LOG VALUES(1,0,'2016-01-01 01:15:00.000000','2016-01-01 01:30:00.000000',5)
COMMIT
INSERT INTO STATECHART_TRANSITIONS_RAW_LOG VALUES(1,2,0,'2016-01-01 01:30:00.000000',5)
COMMIT
INSERT INTO STATECHART_STATES_RAW_LOG VALUES(1,0,'2016-01-01 01:30:00.000000','2016-01-01 01:45:00.000000',6)
COMMIT
INSERT INTO STATECHART_TRANSITIONS_RAW_LOG VALUES(1,2,0,'2016-01-01 01:45:00.000000',6)
COMMIT
INSERT INTO STATECHART_STATES_RAW_LOG VALUES(1,0,'2016-01-01 01:45:00.000000','2016-01-01 02:00:00.000000',7)
COMMIT
INSERT INTO STATECHART_TRANSITIONS_RAW_LOG VALUES(1,2,0,'2016-01-01 02:00:00.000000',7)
COMMIT
INSERT INTO STATECHART_STATES_RAW_LOG VALUES(1,0,'2016-01-01 02:00:00.000000','2016-01-01 02:15:00.000000',8)
COMMIT
INSERT INTO STATECHART_TRANSITIONS_RAW_LOG VALUES(1,2,0,'2016-01-01 02:15:00.000000',8)
COMMIT
INSERT INTO STATECHART_STATES_RAW_LOG VALUES(1,0,'2016-01-01 02:15:00.000000','2016-01-01 02:30:00.000000',9)
COMMIT
INSERT INTO STATECHART_TRANSITIONS_RAW_LOG VALUES(1,2,0,'2016-01-01 02:30:00.000000',9)
COMMIT
INSERT INTO STATECHART_STATES_RAW_LOG VALUES(1,0,'2016-01-01 02:30:00.000000','2016-01-01 02:45:00.000000',10)
COMMIT
INSERT INTO STATECHART_TRANSITIONS_RAW_LOG VALUES(1,2,0,'2016-01-01 02:45:00.000000',10)
COMMIT
INSERT INTO STATECHART_STATES_RAW_LOG VALUES(1,0,'2016-01-01 02:45:00.000000','2016-01-01 03:00:00.000000',11)
COMMIT
INSERT INTO STATECHART_TRANSITIONS_RAW_LOG VALUES(1,2,0,'2016-01-01 03:00:00.000000',11)
COMMIT
INSERT INTO STATECHART_STATES_RAW_LOG VALUES(1,0,'2016-01-01 03:00:00.000000','2016-01-01 03:15:00.000000',12)
COMMIT
INSERT INTO STATECHART_TRANSITIONS_RAW_LOG VALUES(1,2,0,'2016-01-01 03:15:00.000000',12)
COMMIT
INSERT INTO STATECHART_STATES_RAW_LOG VALUES(1,0,'2016-01-01 03:15:00.000000','2016-01-01 03:30:00.000000',13)
COMMIT
INSERT INTO STATECHART_TRANSITIONS_RAW_LOG VALUES(1,2,0,'2016-01-01 03:30:00.000000',13)
COMMIT
INSERT INTO STATECHART_STATES_RAW_LOG VALUES(1,0,'2016-01-01 03:30:00.000000','2016-01-01 03:45:00.000000',14)
COMMIT
INSERT INTO STATECHART_TRANSITIONS_RAW_LOG VALUES(1,2,0,'2016-01-01 03:45:00.000000',14)
COMMIT
INSERT INTO STATECHART_STATES_RAW_LOG VALUES(1,0,'2016-01-01 03:45:00.000000','2016-01-01 04:00:00.000000',15)
COMMIT
INSERT INTO STATECHART_TRANSITIONS_RAW_LOG VALUES(1,2,0,'2016-01-01 04:00:00.000000',15)
COMMIT
INSERT INTO STATECHART_STATES_RAW_LOG VALUES(1,0,'2016-01-01 04:00:00.000000','2016-01-01 04:15:00.000000',16)
COMMIT
INSERT INTO STATECHART_TRANSITIONS_RAW_LOG VALUES(1,2,0,'2016-01-01 04:15:00.000000',16)
COMMIT
INSERT INTO STATECHART_STATES_RAW_LOG VALUES(1,0,'2016-01-01 04:15:00.000000','2016-01-01 04:30:00.000000',17)
COMMIT
INSERT INTO STATECHART_TRANSITIONS_RAW_LOG VALUES(1,2,0,'2016-01-01 04:30:00.000000',17)
COMMIT
INSERT INTO STATECHART_STATES_RAW_LOG VALUES(1,0,'2016-01-01 04:30:00.000000','2016-01-01 04:45:00.000000',18)
COMMIT
INSERT INTO STATECHART_TRANSITIONS_RAW_LOG VALUES(1,2,0,'2016-01-01 04:45:00.000000',18)
COMMIT
INSERT INTO STATECHART_STATES_RAW_LOG VALUES(1,0,'2016-01-01 04:45:00.000000','2016-01-01 05:00:00.000000',19)
COMMIT
INSERT INTO STATECHART_TRANSITIONS_RAW_LOG VALUES(1,2,0,'2016-01-01 05:00:00.000000',19)
COMMIT
INSERT INTO STATECHART_STATES_RAW_LOG VALUES(1,0,'2016-01-01 05:00:00.000000','2016-01-01 05:15:00.000000',20)
COMMIT
INSERT INTO STATECHART_TRANSITIONS_RAW_LOG VALUES(1,2,0,'2016-01-01 05:15:00.000000',20)
COMMIT
INSERT INTO STATECHART_STATES_RAW_LOG VALUES(1,0,'2016-01-01 05:15:00.000000','2016-01-01 05:30:00.000000',21)
COMMIT
INSERT INTO STATECHART_TRANSITIONS_RAW_LOG VALUES(1,2,0,'2016-01-01 05:30:00.000000',21)
COMMIT
INSERT INTO STATECHART_STATES_RAW_LOG VALUES(1,0,'2016-01-01 05:30:00.000000','2016-01-01 05:45:00.000000',22)
COMMIT
INSERT INTO STATECHART_TRANSITIONS_RAW_LOG VALUES(1,2,0,'2016-01-01 05:45:00.000000',22)
COMMIT
INSERT INTO STATECHART_STATES_RAW_LOG VALUES(1,0,'2016-01-01 05:45:00.000000','2016-01-01 06:00:00.000000',23)
COMMIT
INSERT INTO STATECHART_TRANSITIONS_RAW_LOG VALUES(1,2,0,'2016-01-01 06:00:00.000000',23)
COMMIT
INSERT INTO STATECHART_STATES_RAW_LOG VALUES(1,0,'2016-01-01 06:00:00.000000','2016-01-01 06:15:00.000000',24)
COMMIT
INSERT INTO STATECHART_TRANSITIONS_RAW_LOG VALUES(1,2,0,'2016-01-01 06:15:00.000000',24)
COMMIT
INSERT INTO STATECHART_STATES_RAW_LOG VALUES(1,0,'2016-01-01 06:15:00.000000','2016-01-01 06:30:00.000000',25)
COMMIT
INSERT INTO STATECHART_TRANSITIONS_RAW_LOG VALUES(1,2,0,'2016-01-01 06:30:00.000000',25)
COMMIT
INSERT INTO STATECHART_STATES_RAW_LOG VALUES(1,0,'2016-01-01 06:30:00.000000','2016-01-01 06:45:00.000000',26)
COMMIT
INSERT INTO STATECHART_TRANSITIONS_RAW_LOG VALUES(1,2,0,'2016-01-01 06:45:00.000000',26)
COMMIT
INSERT INTO STATECHART_STATES_RAW_LOG VALUES(1,0,'2016-01-01 06:45:00.000000','2016-01-01 07:00:00.000000',27)
COMMIT
INSERT INTO STATECHART_TRANSITIONS_RAW_LOG VALUES(1,2,0,'2016-01-01 07:00:00.000000',27)
COMMIT
INSERT INTO STATECHART_STATES_RAW_LOG VALUES(1,0,'2016-01-01 07:00:00.000000','2016-01-01 07:15:00.000000',28)
COMMIT
INSERT INTO STATECHART_TRANSITIONS_RAW_LOG VALUES(1,2,0,'2016-01-01 07:15:00.000000',28)
COMMIT
INSERT INTO STATECHART_STATES_RAW_LOG VALUES(1,0,'2016-01-01 07:15:00.000000','2016-01-01 07:30:00.000000',29)
COMMIT
INSERT INTO STATECHART_TRANSITIONS_RAW_LOG VALUES(1,2,0,'2016-01-01 07:30:00.000000',29)
COMMIT
INSERT INTO STATECHART_STATES_RAW_LOG VALUES(1,0,'2016-01-01 07:30:00.000000','2016-01-01 07:45:00.000000',30)
COMMIT
INSERT INTO STATECHART_TRANSITIONS_RAW_LOG VALUES(1,2,0,'2016-01-01 07:45:00.000000',30)
COMMIT
INSERT INTO STATECHART_STATES_RAW_LOG VALUES(1,0,'2016-01-01 07:45:00.000000','2016-01-01 08:00:00.000000',31)
COMMIT
INSERT INTO STATECHART_TRANSITIONS_RAW_LOG VALUES(1,2,0,'2016-01-01 08:00:00.000000',31)
COMMIT
INSERT INTO STATECHART_STATES_RAW_LOG VALUES(1,0,'2016-01-01 08:00:00.000000','2016-01-01 08:15:00.000000',32)
COMMIT
INSERT INTO STATECHART_TRANSITIONS_RAW_LOG VALUES(1,2,0,'2016-01-01 08:15:00.000000',32)
COMMIT
INSERT INTO STATECHART_STATES_RAW_LOG VALUES(1,0,'2016-01-01 08:15:00.000000','2016-01-01 08:30:00.000000',33)
COMMIT
INSERT INTO STATECHART_TRANSITIONS_RAW_LOG VALUES(1,2,0,'2016-01-01 08:30:00.000000',33)
COMMIT
INSERT INTO STATECHART_STATES_RAW_LOG VALUES(1,0,'2016-01-01 08:30:00.000000','2016-01-01 08:45:00.000000',34)
COMMIT
INSERT INTO STATECHART_TRANSITIONS_RAW_LOG VALUES(1,2,0,'2016-01-01 08:45:00.000000',34)
COMMIT
INSERT INTO STATECHART_STATES_RAW_LOG VALUES(1,0,'2016-01-01 08:45:00.000000','2016-01-01 09:00:00.000000',35)
COMMIT
INSERT INTO STATECHART_TRANSITIONS_RAW_LOG VALUES(1,2,0,'2016-01-01 09:00:00.000000',35)
COMMIT
INSERT INTO STATECHART_STATES_RAW_LOG VALUES(1,0,'2016-01-01 09:00:00.000000','2016-01-01 09:15:00.000000',36)
COMMIT
INSERT INTO STATECHART_TRANSITIONS_RAW_LOG VALUES(1,2,0,'2016-01-01 09:15:00.000000',36)
COMMIT
INSERT INTO STATECHART_STATES_RAW_LOG VALUES(1,0,'2016-01-01 09:15:00.000000','2016-01-01 09:30:00.000000',37)
COMMIT
INSERT INTO STATECHART_TRANSITIONS_RAW_LOG VALUES(1,2,0,'2016-01-01 09:30:00.000000',37)
COMMIT
INSERT INTO STATECHART_STATES_RAW_LOG VALUES(1,0,'2016-01-01 09:30:00.000000','2016-01-01 09:45:00.000000',38)
COMMIT
INSERT INTO STATECHART_TRANSITIONS_RAW_LOG VALUES(1,2,0,'2016-01-01 09:45:00.000000',38)
COMMIT
INSERT INTO STATECHART_STATES_RAW_LOG VALUES(1,0,'2016-01-01 09:45:00.000000','2016-01-01 10:00:00.000000',39)
COMMIT
INSERT INTO STATECHART_TRANSITIONS_RAW_LOG VALUES(1,2,0,'2016-01-01 10:00:00.000000',39)
COMMIT
INSERT INTO STATECHART_STATES_RAW_LOG VALUES(1,0,'2016-01-01 10:00:00.000000','2016-01-01 10:15:00.000000',40)
COMMIT
INSERT INTO STATECHART_TRANSITIONS_RAW_LOG VALUES(1,2,0,'2016-01-01 10:15:00.000000',40)
COMMIT
INSERT INTO STATECHART_STATES_RAW_LOG VALUES(1,0,'2016-01-01 10:15:00.000000','2016-01-01 10:30:00.000000',41)
COMMIT
INSERT INTO STATECHART_TRANSITIONS_RAW_LOG VALUES(1,2,0,'2016-01-01 10:30:00.000000',41)
COMMIT
INSERT INTO STATECHART_STATES_RAW_LOG VALUES(1,0,'2016-01-01 10:30:00.000000','2016-01-01 10:45:00.000000',42)
COMMIT
INSERT INTO STATECHART_TRANSITIONS_RAW_LOG VALUES(1,2,0,'2016-01-01 10:45:00.000000',42)
COMMIT
INSERT INTO STATECHART_STATES_RAW_LOG VALUES(1,0,'2016-01-01 10:45:00.000000','2016-01-01 11:00:00.000000',43)
COMMIT
INSERT INTO STATECHART_TRANSITIONS_RAW_LOG VALUES(1,2,0,'2016-01-01 11:00:00.000000',43)
COMMIT
INSERT INTO STATECHART_STATES_RAW_LOG VALUES(1,0,'2016-01-01 11:00:00.000000','2016-01-01 11:15:00.000000',44)
COMMIT
INSERT INTO STATECHART_TRANSITIONS_RAW_LOG VALUES(1,2,0,'2016-01-01 11:15:00.000000',44)
COMMIT
INSERT INTO STATECHART_STATES_RAW_LOG VALUES(1,0,'2016-01-01 11:15:00.000000','2016-01-01 11:30:00.000000',45)
COMMIT
INSERT INTO STATECHART_TRANSITIONS_RAW_LOG VALUES(1,2,0,'2016-01-01 11:30:00.000000',45)
COMMIT
INSERT INTO STATECHART_STATES_RAW_LOG VALUES(1,0,'2016-01-01 11:30:00.000000','2016-01-01 11:45:00.000000',46)
COMMIT
INSERT INTO STATECHART_TRANSITIONS_RAW_LOG VALUES(1,2,0,'2016-01-01 11:45:00.000000',46)
COMMIT
INSERT INTO STATECHART_STATES_RAW_LOG VALUES(1,0,'2016-01-01 11:45:00.000000','2016-01-01 12:00:00.000000',47)
COMMIT
INSERT INTO STATECHART_TRANSITIONS_RAW_LOG VALUES(1,2,0,'2016-01-01 12:00:00.000000',47)
COMMIT
INSERT INTO STATECHART_STATES_RAW_LOG VALUES(1,0,'2016-01-01 12:00:00.000000','2016-01-01 12:15:00.000000',48)
COMMIT
INSERT INTO STATECHART_TRANSITIONS_RAW_LOG VALUES(1,2,0,'2016-01-01 12:15:00.000000',48)
COMMIT
INSERT INTO STATECHART_STATES_RAW_LOG VALUES(1,0,'2016-01-01 12:15:00.000000','2016-01-01 12:30:00.000000',49)
COMMIT
INSERT INTO STATECHART_TRANSITIONS_RAW_LOG VALUES(1,2,0,'2016-01-01 12:30:00.000000',49)
COMMIT
INSERT INTO STATECHART_STATES_RAW_LOG VALUES(1,0,'2016-01-01 12:30:00.000000','2016-01-01 12:45:00.000000',50)
COMMIT
INSERT INTO STATECHART_TRANSITIONS_RAW_LOG VALUES(1,2,0,'2016-01-01 12:45:00.000000',50)
COMMIT
INSERT INTO STATECHART_STATES_RAW_LOG VALUES(1,0,'2016-01-01 12:45:00.000000','2016-01-01 13:00:00.000000',51)
COMMIT
INSERT INTO STATECHART_TRANSITIONS_RAW_LOG VALUES(1,2,0,'2016-01-01 13:00:00.000000',51)
COMMIT
INSERT INTO STATECHART_STATES_RAW_LOG VALUES(1,0,'2016-01-01 13:00:00.000000','2016-01-01 13:15:00.000000',52)
COMMIT
INSERT INTO STATECHART_TRANSITIONS_RAW_LOG VALUES(1,2,0,'2016-01-01 13:15:00.000000',52)
COMMIT
INSERT INTO STATECHART_STATES_RAW_LOG VALUES(1,0,'2016-01-01 13:15:00.000000','2016-01-01 13:30:00.000000',53)
COMMIT
INSERT INTO STATECHART_TRANSITIONS_RAW_LOG VALUES(1,2,0,'2016-01-01 13:30:00.000000',53)
COMMIT
INSERT INTO STATECHART_STATES_RAW_LOG VALUES(1,0,'2016-01-01 13:30:00.000000','2016-01-01 13:45:00.000000',54)
COMMIT
INSERT INTO STATECHART_TRANSITIONS_RAW_LOG VALUES(1,2,0,'2016-01-01 13:45:00.000000',54)
COMMIT
INSERT INTO STATECHART_STATES_RAW_LOG VALUES(1,0,'2016-01-01 13:45:00.000000','2016-01-01 14:00:00.000000',55)
COMMIT
INSERT INTO STATECHART_TRANSITIONS_RAW_LOG VALUES(1,2,0,'2016-01-01 14:00:00.000000',55)
COMMIT
INSERT INTO STATECHART_STATES_RAW_LOG VALUES(1,0,'2016-01-01 14:00:00.000000','2016-01-01 14:15:00.000000',56)
COMMIT
INSERT INTO STATECHART_TRANSITIONS_RAW_LOG VALUES(1,2,0,'2016-01-01 14:15:00.000000',56)
COMMIT
INSERT INTO STATECHART_STATES_RAW_LOG VALUES(1,0,'2016-01-01 14:15:00.000000','2016-01-01 14:30:00.000000',57)
COMMIT
INSERT INTO STATECHART_TRANSITIONS_RAW_LOG VALUES(1,2,0,'2016-01-01 14:30:00.000000',57)
COMMIT
INSERT INTO STATECHART_STATES_RAW_LOG VALUES(1,0,'2016-01-01 14:30:00.000000','2016-01-01 14:45:00.000000',58)
COMMIT
INSERT INTO STATECHART_TRANSITIONS_RAW_LOG VALUES(1,2,0,'2016-01-01 14:45:00.000000',58)
COMMIT
INSERT INTO STATECHART_STATES_RAW_LOG VALUES(1,0,'2016-01-01 14:45:00.000000','2016-01-01 15:00:00.000000',59)
COMMIT
INSERT INTO STATECHART_TRANSITIONS_RAW_LOG VALUES(1,2,0,'2016-01-01 15:00:00.000000',59)
COMMIT
INSERT INTO STATECHART_STATES_RAW_LOG VALUES(1,0,'2016-01-01 15:00:00.000000','2016-01-01 15:15:00.000000',60)
COMMIT
INSERT INTO STATECHART_TRANSITIONS_RAW_LOG VALUES(1,2,0,'2016-01-01 15:15:00.000000',60)
COMMIT
INSERT INTO STATECHART_STATES_RAW_LOG VALUES(1,0,'2016-01-01 15:15:00.000000','2016-01-01 15:30:00.000000',61)
COMMIT
INSERT INTO STATECHART_TRANSITIONS_RAW_LOG VALUES(1,2,0,'2016-01-01 15:30:00.000000',61)
COMMIT
INSERT INTO STATECHART_STATES_RAW_LOG VALUES(1,0,'2016-01-01 15:30:00.000000','2016-01-01 15:45:00.000000',62)
COMMIT
INSERT INTO STATECHART_TRANSITIONS_RAW_LOG VALUES(1,2,0,'2016-01-01 15:45:00.000000',62)
COMMIT
INSERT INTO STATECHART_STATES_RAW_LOG VALUES(1,0,'2016-01-01 15:45:00.000000','2016-01-01 16:00:00.000000',63)
COMMIT
INSERT INTO STATECHART_TRANSITIONS_RAW_LOG VALUES(1,2,0,'2016-01-01 16:00:00.000000',63)
COMMIT
INSERT INTO STATECHART_STATES_RAW_LOG VALUES(1,0,'2016-01-01 16:00:00.000000','2016-01-01 16:15:00.000000',64)
COMMIT
INSERT INTO STATECHART_TRANSITIONS_RAW_LOG VALUES(1,2,0,'2016-01-01 16:15:00.000000',64)
COMMIT
INSERT INTO STATECHART_STATES_RAW_LOG VALUES(1,0,'2016-01-01 16:15:00.000000','2016-01-01 16:30:00.000000',65)
COMMIT
INSERT INTO STATECHART_TRANSITIONS_RAW_LOG VALUES(1,2,0,'2016-01-01 16:30:00.000000',65)
COMMIT
INSERT INTO STATECHART_STATES_RAW_LOG VALUES(1,0,'2016-01-01 16:30:00.000000','2016-01-01 16:45:00.000000',66)
COMMIT
INSERT INTO STATECHART_TRANSITIONS_RAW_LOG VALUES(1,2,0,'2016-01-01 16:45:00.000000',66)
COMMIT
INSERT INTO STATECHART_STATES_RAW_LOG VALUES(1,0,'2016-01-01 16:45:00.000000','2016-01-01 17:00:00.000000',67)
COMMIT
INSERT INTO STATECHART_TRANSITIONS_RAW_LOG VALUES(1,2,0,'2016-01-01 17:00:00.000000',67)
COMMIT
INSERT INTO STATECHART_STATES_RAW_LOG VALUES(1,0,'2016-01-01 17:00:00.000000','2016-01-01 17:15:00.000000',68)
COMMIT
INSERT INTO STATECHART_TRANSITIONS_RAW_LOG VALUES(1,2,0,'2016-01-01 17:15:00.000000',68)
COMMIT
INSERT INTO STATECHART_STATES_RAW_LOG VALUES(1,0,'2016-01-01 17:15:00.000000','2016-01-01 17:30:00.000000',69)
COMMIT
INSERT INTO STATECHART_TRANSITIONS_RAW_LOG VALUES(1,2,0,'2016-01-01 17:30:00.000000',69)
COMMIT
INSERT INTO STATECHART_STATES_RAW_LOG VALUES(1,0,'2016-01-01 17:30:00.000000','2016-01-01 17:45:00.000000',70)
COMMIT
INSERT INTO STATECHART_TRANSITIONS_RAW_LOG VALUES(1,2,0,'2016-01-01 17:45:00.000000',70)
COMMIT
INSERT INTO STATECHART_STATES_RAW_LOG VALUES(1,0,'2016-01-01 17:45:00.000000','2016-01-01 18:00:00.000000',71)
COMMIT
INSERT INTO STATECHART_TRANSITIONS_RAW_LOG VALUES(1,2,0,'2016-01-01 18:00:00.000000',71)
COMMIT
INSERT INTO STATECHART_STATES_RAW_LOG VALUES(1,0,'2016-01-01 18:00:00.000000','2016-01-01 18:15:00.000000',72)
COMMIT
INSERT INTO STATECHART_TRANSITIONS_RAW_LOG VALUES(1,2,0,'2016-01-01 18:15:00.000000',72)
COMMIT
INSERT INTO STATECHART_STATES_RAW_LOG VALUES(1,0,'2016-01-01 18:15:00.000000','2016-01-01 18:30:00.000000',73)
COMMIT
INSERT INTO STATECHART_TRANSITIONS_RAW_LOG VALUES(1,2,0,'2016-01-01 18:30:00.000000',73)
COMMIT
INSERT INTO STATECHART_STATES_RAW_LOG VALUES(1,0,'2016-01-01 18:30:00.000000','2016-01-01 18:45:00.000000',74)
COMMIT
INSERT INTO STATECHART_TRANSITIONS_RAW_LOG VALUES(1,2,0,'2016-01-01 18:45:00.000000',74)
COMMIT
INSERT INTO STATECHART_STATES_RAW_LOG VALUES(1,0,'2016-01-01 18:45:00.000000','2016-01-01 19:00:00.000000',75)
COMMIT
INSERT INTO STATECHART_TRANSITIONS_RAW_LOG VALUES(1,2,0,'2016-01-01 19:00:00.000000',75)
COMMIT
INSERT INTO STATECHART_STATES_RAW_LOG VALUES(1,0,'2016-01-01 19:00:00.000000','2016-01-01 19:15:00.000000',76)
COMMIT
INSERT INTO STATECHART_TRANSITIONS_RAW_LOG VALUES(1,2,0,'2016-01-01 19:15:00.000000',76)
COMMIT
INSERT INTO STATECHART_STATES_RAW_LOG VALUES(1,0,'2016-01-01 19:15:00.000000','2016-01-01 19:30:00.000000',77)
COMMIT
INSERT INTO STATECHART_TRANSITIONS_RAW_LOG VALUES(1,2,0,'2016-01-01 19:30:00.000000',77)
COMMIT
INSERT INTO STATECHART_STATES_RAW_LOG VALUES(1,0,'2016-01-01 19:30:00.000000','2016-01-01 19:45:00.000000',78)
COMMIT
INSERT INTO STATECHART_TRANSITIONS_RAW_LOG VALUES(1,2,0,'2016-01-01 19:45:00.000000',78)
COMMIT
INSERT INTO STATECHART_STATES_RAW_LOG VALUES(1,0,'2016-01-01 19:45:00.000000','2016-01-01 20:00:00.000000',79)
COMMIT
INSERT INTO STATECHART_TRANSITIONS_RAW_LOG VALUES(1,2,0,'2016-01-01 20:00:00.000000',79)
COMMIT
INSERT INTO STATECHART_STATES_RAW_LOG VALUES(1,0,'2016-01-01 20:00:00.000000','2016-01-01 20:15:00.000000',80)
COMMIT
INSERT INTO STATECHART_TRANSITIONS_RAW_LOG VALUES(1,2,0,'2016-01-01 20:15:00.000000',80)
COMMIT
INSERT INTO STATECHART_STATES_RAW_LOG VALUES(1,0,'2016-01-01 20:15:00.000000','2016-01-01 20:30:00.000000',81)
COMMIT
INSERT INTO STATECHART_TRANSITIONS_RAW_LOG VALUES(1,2,0,'2016-01-01 20:30:00.000000',81)
COMMIT
INSERT INTO STATECHART_STATES_RAW_LOG VALUES(1,0,'2016-01-01 20:30:00.000000','2016-01-01 20:45:00.000000',82)
COMMIT
INSERT INTO STATECHART_TRANSITIONS_RAW_LOG VALUES(1,2,0,'2016-01-01 20:45:00.000000',82)
COMMIT
INSERT INTO STATECHART_STATES_RAW_LOG VALUES(1,0,'2016-01-01 20:45:00.000000','2016-01-01 21:00:00.000000',83)
COMMIT
INSERT INTO STATECHART_TRANSITIONS_RAW_LOG VALUES(1,2,0,'2016-01-01 21:00:00.000000',83)
COMMIT
INSERT INTO STATECHART_STATES_RAW_LOG VALUES(1,0,'2016-01-01 21:00:00.000000','2016-01-01 21:15:00.000000',84)
COMMIT
INSERT INTO STATECHART_TRANSITIONS_RAW_LOG VALUES(1,2,0,'2016-01-01 21:15:00.000000',84)
COMMIT
INSERT INTO STATECHART_STATES_RAW_LOG VALUES(1,0,'2016-01-01 21:15:00.000000','2016-01-01 21:30:00.000000',85)
COMMIT
INSERT INTO STATECHART_TRANSITIONS_RAW_LOG VALUES(1,2,0,'2016-01-01 21:30:00.000000',85)
COMMIT
INSERT INTO STATECHART_STATES_RAW_LOG VALUES(1,0,'2016-01-01 21:30:00.000000','2016-01-01 21:45:00.000000',86)
COMMIT
INSERT INTO STATECHART_TRANSITIONS_RAW_LOG VALUES(1,2,0,'2016-01-01 21:45:00.000000',86)
COMMIT
INSERT INTO STATECHART_STATES_RAW_LOG VALUES(1,0,'2016-01-01 21:45:00.000000','2016-01-01 22:00:00.000000',87)
COMMIT
INSERT INTO STATECHART_TRANSITIONS_RAW_LOG VALUES(1,2,0,'2016-01-01 22:00:00.000000',87)
COMMIT
INSERT INTO STATECHART_STATES_RAW_LOG VALUES(1,0,'2016-01-01 22:00:00.000000','2016-01-01 22:15:00.000000',88)
COMMIT
INSERT INTO STATECHART_TRANSITIONS_RAW_LOG VALUES(1,2,0,'2016-01-01 22:15:00.000000',88)
COMMIT
INSERT INTO STATECHART_STATES_RAW_LOG VALUES(1,0,'2016-01-01 22:15:00.000000','2016-01-01 22:30:00.000000',89)
COMMIT
INSERT INTO STATECHART_TRANSITIONS_RAW_LOG VALUES(1,2,0,'2016-01-01 22:30:00.000000',89)
COMMIT
INSERT INTO STATECHART_STATES_RAW_LOG VALUES(1,0,'2016-01-01 22:30:00.000000','2016-01-01 22:45:00.000000',90)
COMMIT
INSERT INTO STATECHART_TRANSITIONS_RAW_LOG VALUES(1,2,0,'2016-01-01 22:45:00.000000',90)
COMMIT
INSERT INTO STATECHART_STATES_RAW_LOG VALUES(1,0,'2016-01-01 22:45:00.000000','2016-01-01 23:00:00.000000',91)
COMMIT
INSERT INTO STATECHART_TRANSITIONS_RAW_LOG VALUES(1,2,0,'2016-01-01 23:00:00.000000',91)
COMMIT
INSERT INTO STATECHART_STATES_RAW_LOG VALUES(1,0,'2016-01-01 23:00:00.000000','2016-01-01 23:15:00.000000',92)
COMMIT
INSERT INTO STATECHART_TRANSITIONS_RAW_LOG VALUES(1,2,0,'2016-01-01 23:15:00.000000',92)
COMMIT
INSERT INTO STATECHART_STATES_RAW_LOG VALUES(1,0,'2016-01-01 23:15:00.000000','2016-01-01 23:30:00.000000',93)
COMMIT
INSERT INTO STATECHART_TRANSITIONS_RAW_LOG VALUES(1,2,0,'2016-01-01 23:30:00.000000',93)
COMMIT
INSERT INTO STATECHART_STATES_RAW_LOG VALUES(1,0,'2016-01-01 23:30:00.000000','2016-01-01 23:45:00.000000',94)
COMMIT
INSERT INTO STATECHART_TRANSITIONS_RAW_LOG VALUES(1,2,0,'2016-01-01 23:45:00.000000',94)
COMMIT
INSERT INTO STATECHART_STATES_RAW_LOG VALUES(1,0,'2016-01-01 23:45:00.000000','2016-01-02 00:00:00.000000',95)
COMMIT
INSERT INTO STATECHART_TRANSITIONS_RAW_LOG VALUES(1,2,0,'2016-01-02 00:00:00.000000',95)
COMMIT
INSERT INTO STATECHART_STATES_RAW_LOG VALUES(1,0,'2016-01-02 00:00:00.000000','2016-01-02 00:15:00.000000',96)
COMMIT
INSERT INTO STATECHART_TRANSITIONS_RAW_LOG VALUES(1,2,0,'2016-01-02 00:15:00.000000',96)
COMMIT
INSERT INTO STATECHART_STATES_RAW_LOG VALUES(1,0,'2016-01-02 00:15:00.000000','2016-01-02 00:30:00.000000',97)
COMMIT
INSERT INTO STATECHART_TRANSITIONS_RAW_LOG VALUES(1,2,0,'2016-01-02 00:30:00.000000',97)
COMMIT
INSERT INTO STATECHART_STATES_RAW_LOG VALUES(1,0,'2016-01-02 00:30:00.000000','2016-01-02 00:45:00.000000',98)
COMMIT
INSERT INTO STATECHART_TRANSITIONS_RAW_LOG VALUES(1,2,0,'2016-01-02 00:45:00.000000',98)
COMMIT
INSERT INTO STATECHART_STATES_RAW_LOG VALUES(1,0,'2016-01-02 00:45:00.000000','2016-01-02 01:00:00.000000',99)
COMMIT
INSERT INTO STATECHART_TRANSITIONS_RAW_LOG VALUES(1,2,0,'2016-01-02 01:00:00.000000',99)
COMMIT
INSERT INTO STATECHART_STATES_RAW_LOG VALUES(1,0,'2016-01-02 01:00:00.000000','2016-01-02 01:15:00.000000',100)
COMMIT
INSERT INTO STATECHART_TRANSITIONS_RAW_LOG VALUES(1,2,0,'2016-01-02 01:15:00.000000',100)
COMMIT
INSERT INTO STATECHART_STATES_RAW_LOG VALUES(1,0,'2016-01-02 01:15:00.000000','2016-01-02 01:30:00.000000',101)
COMMIT
INSERT INTO STATECHART_TRANSITIONS_RAW_LOG VALUES(1,2,0,'2016-01-02 01:30:00.000000',101)
COMMIT
INSERT INTO STATECHART_STATES_RAW_LOG VALUES(1,0,'2016-01-02 01:30:00.000000','2016-01-02 01:45:00.000000',102)
COMMIT
INSERT INTO STATECHART_TRANSITIONS_RAW_LOG VALUES(1,2,0,'2016-01-02 01:45:00.000000',102)
COMMIT
INSERT INTO STATECHART_STATES_RAW_LOG VALUES(1,0,'2016-01-02 01:45:00.000000','2016-01-02 02:00:00.000000',103)
COMMIT
INSERT INTO STATECHART_TRANSITIONS_RAW_LOG VALUES(1,2,0,'2016-01-02 02:00:00.000000',103)
COMMIT
INSERT INTO STATECHART_STATES_RAW_LOG VALUES(1,0,'2016-01-02 02:00:00.000000','2016-01-02 02:15:00.000000',104)
COMMIT
INSERT INTO STATECHART_TRANSITIONS_RAW_LOG VALUES(1,2,0,'2016-01-02 02:15:00.000000',104)
COMMIT
INSERT INTO STATECHART_STATES_RAW_LOG VALUES(1,0,'2016-01-02 02:15:00.000000','2016-01-02 02:30:00.000000',105)
COMMIT
INSERT INTO STATECHART_TRANSITIONS_RAW_LOG VALUES(1,2,0,'2016-01-02 02:30:00.000000',105)
COMMIT
INSERT INTO STATECHART_STATES_RAW_LOG VALUES(1,0,'2016-01-02 02:30:00.000000','2016-01-02 02:45:00.000000',106)
COMMIT
INSERT INTO STATECHART_TRANSITIONS_RAW_LOG VALUES(1,2,0,'2016-01-02 02:45:00.000000',106)
COMMIT
INSERT INTO STATECHART_STATES_RAW_LOG VALUES(1,0,'2016-01-02 02:45:00.000000','2016-01-02 03:00:00.000000',107)
COMMIT
INSERT INTO STATECHART_TRANSITIONS_RAW_LOG VALUES(1,2,0,'2016-01-02 03:00:00.000000',107)
COMMIT
INSERT INTO STATECHART_STATES_RAW_LOG VALUES(1,0,'2016-01-02 03:00:00.000000','2016-01-02 03:15:00.000000',108)
COMMIT
INSERT INTO STATECHART_TRANSITIONS_RAW_LOG VALUES(1,2,0,'2016-01-02 03:15:00.000000',108)
COMMIT
INSERT INTO STATECHART_STATES_RAW_LOG VALUES(1,0,'2016-01-02 03:15:00.000000','2016-01-02 03:30:00.000000',109)
COMMIT
INSERT INTO STATECHART_TRANSITIONS_RAW_LOG VALUES(1,2,0,'2016-01-02 03:30:00.000000',109)
COMMIT
INSERT INTO STATECHART_STATES_RAW_LOG VALUES(1,0,'2016-01-02 03:30:00.000000','2016-01-02 03:45:00.000000',110)
COMMIT
INSERT INTO STATECHART_TRANSITIONS_RAW_LOG VALUES(1,2,0,'2016-01-02 03:45:00.000000',110)
COMMIT
INSERT INTO STATECHART_STATES_RAW_LOG VALUES(1,0,'2016-01-02 03:45:00.000000','2016-01-02 04:00:00.000000',111)
COMMIT
INSERT INTO STATECHART_TRANSITIONS_RAW_LOG VALUES(1,2,0,'2016-01-02 04:00:00.000000',111)
COMMIT
INSERT INTO STATECHART_STATES_RAW_LOG VALUES(1,0,'2016-01-02 04:00:00.000000','2016-01-02 04:15:00.000000',112)
COMMIT
INSERT INTO STATECHART_TRANSITIONS_RAW_LOG VALUES(1,2,0,'2016-01-02 04:15:00.000000',112)
COMMIT
INSERT INTO STATECHART_STATES_RAW_LOG VALUES(1,0,'2016-01-02 04:15:00.000000','2016-01-02 04:30:00.000000',113)
COMMIT
INSERT INTO STATECHART_TRANSITIONS_RAW_LOG VALUES(1,2,0,'2016-01-02 04:30:00.000000',113)
COMMIT
INSERT INTO STATECHART_STATES_RAW_LOG VALUES(1,0,'2016-01-02 04:30:00.000000','2016-01-02 04:45:00.000000',114)
COMMIT
INSERT INTO STATECHART_TRANSITIONS_RAW_LOG VALUES(1,2,0,'2016-01-02 04:45:00.000000',114)
COMMIT
INSERT INTO STATECHART_STATES_RAW_LOG VALUES(1,0,'2016-01-02 04:45:00.000000','2016-01-02 05:00:00.000000',115)
COMMIT
INSERT INTO STATECHART_TRANSITIONS_RAW_LOG VALUES(1,2,0,'2016-01-02 05:00:00.000000',115)
COMMIT
INSERT INTO STATECHART_STATES_RAW_LOG VALUES(1,0,'2016-01-02 05:00:00.000000','2016-01-02 05:15:00.000000',116)
COMMIT
INSERT INTO STATECHART_TRANSITIONS_RAW_LOG VALUES(1,2,0,'2016-01-02 05:15:00.000000',116)
COMMIT
INSERT INTO STATECHART_STATES_RAW_LOG VALUES(1,0,'2016-01-02 05:15:00.000000','2016-01-02 05:30:00.000000',117)
COMMIT
INSERT INTO STATECHART_TRANSITIONS_RAW_LOG VALUES(1,2,0,'2016-01-02 05:30:00.000000',117)
COMMIT
INSERT INTO STATECHART_STATES_RAW_LOG VALUES(1,0,'2016-01-02 05:30:00.000000','2016-01-02 05:45:00.000000',118)
COMMIT
INSERT INTO STATECHART_TRANSITIONS_RAW_LOG VALUES(1,2,0,'2016-01-02 05:45:00.000000',118)
COMMIT
INSERT INTO STATECHART_STATES_RAW_LOG VALUES(1,0,'2016-01-02 05:45:00.000000','2016-01-02 06:00:00.000000',119)
COMMIT
INSERT INTO STATECHART_TRANSITIONS_RAW_LOG VALUES(1,2,0,'2016-01-02 06:00:00.000000',119)
COMMIT
INSERT INTO STATECHART_STATES_RAW_LOG VALUES(1,0,'2016-01-02 06:00:00.000000','2016-01-02 06:15:00.000000',120)
COMMIT
INSERT INTO STATECHART_TRANSITIONS_RAW_LOG VALUES(1,2,0,'2016-01-02 06:15:00.000000',120)
COMMIT
INSERT INTO STATECHART_STATES_RAW_LOG VALUES(1,0,'2016-01-02 06:15:00.000000','2016-01-02 06:30:00.000000',121)
COMMIT
INSERT INTO STATECHART_TRANSITIONS_RAW_LOG VALUES(1,2,0,'2016-01-02 06:30:00.000000',121)
COMMIT
INSERT INTO STATECHART_STATES_RAW_LOG VALUES(1,0,'2016-01-02 06:30:00.000000','2016-01-02 06:45:00.000000',122)
COMMIT
INSERT INTO STATECHART_TRANSITIONS_RAW_LOG VALUES(1,2,0,'2016-01-02 06:45:00.000000',122)
COMMIT
INSERT INTO STATECHART_STATES_RAW_LOG VALUES(1,0,'2016-01-02 06:45:00.000000','2016-01-02 07:00:00.000000',123)
COMMIT
INSERT INTO STATECHART_TRANSITIONS_RAW_LOG VALUES(1,2,0,'2016-01-02 07:00:00.000000',123)
COMMIT
INSERT INTO STATECHART_STATES_RAW_LOG VALUES(1,0,'2016-01-02 07:00:00.000000','2016-01-02 07:15:00.000000',124)
COMMIT
INSERT INTO STATECHART_TRANSITIONS_RAW_LOG VALUES(1,2,0,'2016-01-02 07:15:00.000000',124)
COMMIT
INSERT INTO STATECHART_STATES_RAW_LOG VALUES(1,0,'2016-01-02 07:15:00.000000','2016-01-02 07:30:00.000000',125)
COMMIT
INSERT INTO STATECHART_TRANSITIONS_RAW_LOG VALUES(1,2,0,'2016-01-02 07:30:00.000000',125)
COMMIT
INSERT INTO STATECHART_STATES_RAW_LOG VALUES(1,0,'2016-01-02 07:30:00.000000','2016-01-02 07:45:00.000000',126)
COMMIT
INSERT INTO STATECHART_TRANSITIONS_RAW_LOG VALUES(1,2,0,'2016-01-02 07:45:00.000000',126)
COMMIT
INSERT INTO STATECHART_STATES_RAW_LOG VALUES(1,0,'2016-01-02 07:45:00.000000','2016-01-02 08:00:00.000000',127)
COMMIT
INSERT INTO STATECHART_TRANSITIONS_RAW_LOG VALUES(1,2,0,'2016-01-02 08:00:00.000000',127)
COMMIT
INSERT INTO STATECHART_STATES_RAW_LOG VALUES(1,0,'2016-01-02 08:00:00.000000','2016-01-02 08:15:00.000000',128)
COMMIT
INSERT INTO STATECHART_TRANSITIONS_RAW_LOG VALUES(1,2,0,'2016-01-02 08:15:00.000000',128)
COMMIT
INSERT INTO STATECHART_STATES_RAW_LOG VALUES(1,0,'2016-01-02 08:15:00.000000','2016-01-02 08:30:00.000000',129)
COMMIT
INSERT INTO STATECHART_TRANSITIONS_RAW_LOG VALUES(1,2,0,'2016-01-02 08:30:00.000000',129)
COMMIT
INSERT INTO STATECHART_STATES_RAW_LOG VALUES(1,0,'2016-01-02 08:30:00.000000','2016-01-02 08:45:00.000000',130)
COMMIT
INSERT INTO STATECHART_TRANSITIONS_RAW_LOG VALUES(1,2,0,'2016-01-02 08:45:00.000000',130)
COMMIT
INSERT INTO STATECHART_STATES_RAW_LOG VALUES(1,0,'2016-01-02 08:45:00.000000','2016-01-02 09:00:00.000000',131)
COMMIT
INSERT INTO STATECHART_TRANSITIONS_RAW_LOG VALUES(1,2,0,'2016-01-02 09:00:00.000000',131)
COMMIT
INSERT INTO STATECHART_STATES_RAW_LOG VALUES(1,0,'2016-01-02 09:00:00.000000','2016-01-02 09:15:00.000000',132)
COMMIT
INSERT INTO STATECHART_TRANSITIONS_RAW_LOG VALUES(1,2,0,'2016-01-02 09:15:00.000000',132)
COMMIT
INSERT INTO STATECHART_STATES_RAW_LOG VALUES(1,0,'2016-01-02 09:15:00.000000','2016-01-02 09:30:00.000000',133)
COMMIT
INSERT INTO STATECHART_TRANSITIONS_RAW_LOG VALUES(1,2,0,'2016-01-02 09:30:00.000000',133)
COMMIT
INSERT INTO STATECHART_STATES_RAW_LOG VALUES(1,0,'2016-01-02 09:30:00.000000','2016-01-02 09:45:00.000000',134)
COMMIT
INSERT INTO STATECHART_TRANSITIONS_RAW_LOG VALUES(1,2,0,'2016-01-02 09:45:00.000000',134)
COMMIT
INSERT INTO STATECHART_STATES_RAW_LOG VALUES(1,0,'2016-01-02 09:45:00.000000','2016-01-02 10:00:00.000000',135)
COMMIT
INSERT INTO STATECHART_TRANSITIONS_RAW_LOG VALUES(1,2,0,'2016-01-02 10:00:00.000000',135)
COMMIT
INSERT INTO STATECHART_STATES_RAW_LOG VALUES(1,0,'2016-01-02 10:00:00.000000','2016-01-02 10:15:00.000000',136)
COMMIT
INSERT INTO STATECHART_TRANSITIONS_RAW_LOG VALUES(1,2,0,'2016-01-02 10:15:00.000000',136)
COMMIT
INSERT INTO STATECHART_STATES_RAW_LOG VALUES(1,0,'2016-01-02 10:15:00.000000','2016-01-02 10:30:00.000000',137)
COMMIT
INSERT INTO STATECHART_TRANSITIONS_RAW_LOG VALUES(1,2,0,'2016-01-02 10:30:00.000000',137)
COMMIT
INSERT INTO STATECHART_STATES_RAW_LOG VALUES(1,0,'2016-01-02 10:30:00.000000','2016-01-02 10:45:00.000000',138)
COMMIT
INSERT INTO STATECHART_TRANSITIONS_RAW_LOG VALUES(1,2,0,'2016-01-02 10:45:00.000000',138)
COMMIT
INSERT INTO STATECHART_STATES_RAW_LOG VALUES(1,0,'2016-01-02 10:45:00.000000','2016-01-02 11:00:00.000000',139)
COMMIT
INSERT INTO STATECHART_TRANSITIONS_RAW_LOG VALUES(1,2,0,'2016-01-02 11:00:00.000000',139)
COMMIT
INSERT INTO STATECHART_STATES_RAW_LOG VALUES(1,0,'2016-01-02 11:00:00.000000','2016-01-02 11:15:00.000000',140)
COMMIT
INSERT INTO STATECHART_TRANSITIONS_RAW_LOG VALUES(1,2,0,'2016-01-02 11:15:00.000000',140)
COMMIT
INSERT INTO STATECHART_STATES_RAW_LOG VALUES(1,0,'2016-01-02 11:15:00.000000','2016-01-02 11:30:00.000000',141)
COMMIT
INSERT INTO STATECHART_TRANSITIONS_RAW_LOG VALUES(1,2,0,'2016-01-02 11:30:00.000000',141)
COMMIT
INSERT INTO STATECHART_STATES_RAW_LOG VALUES(1,0,'2016-01-02 11:30:00.000000','2016-01-02 11:45:00.000000',142)
COMMIT
INSERT INTO STATECHART_TRANSITIONS_RAW_LOG VALUES(1,2,0,'2016-01-02 11:45:00.000000',142)
COMMIT
INSERT INTO STATECHART_STATES_RAW_LOG VALUES(1,0,'2016-01-02 11:45:00.000000','2016-01-02 12:00:00.000000',143)
COMMIT
INSERT INTO STATECHART_TRANSITIONS_RAW_LOG VALUES(1,2,0,'2016-01-02 12:00:00.000000',143)
COMMIT
INSERT INTO STATECHART_STATES_RAW_LOG VALUES(1,0,'2016-01-02 12:00:00.000000','2016-01-02 12:15:00.000000',144)
COMMIT
INSERT INTO STATECHART_TRANSITIONS_RAW_LOG VALUES(1,2,0,'2016-01-02 12:15:00.000000',144)
COMMIT
INSERT INTO STATECHART_STATES_RAW_LOG VALUES(1,0,'2016-01-02 12:15:00.000000','2016-01-02 12:30:00.000000',145)
COMMIT
INSERT INTO STATECHART_TRANSITIONS_RAW_LOG VALUES(1,2,0,'2016-01-02 12:30:00.000000',145)
COMMIT
INSERT INTO STATECHART_STATES_RAW_LOG VALUES(1,0,'2016-01-02 12:30:00.000000','2016-01-02 12:45:00.000000',146)
COMMIT
INSERT INTO STATECHART_TRANSITIONS_RAW_LOG VALUES(1,2,0,'2016-01-02 12:45:00.000000',146)
COMMIT
INSERT INTO STATECHART_STATES_RAW_LOG VALUES(1,0,'2016-01-02 12:45:00.000000','2016-01-02 13:00:00.000000',147)
COMMIT
INSERT INTO STATECHART_TRANSITIONS_RAW_LOG VALUES(1,2,0,'2016-01-02 13:00:00.000000',147)
COMMIT
INSERT INTO STATECHART_STATES_RAW_LOG VALUES(1,0,'2016-01-02 13:00:00.000000','2016-01-02 13:15:00.000000',148)
COMMIT
INSERT INTO STATECHART_TRANSITIONS_RAW_LOG VALUES(1,2,0,'2016-01-02 13:15:00.000000',148)
COMMIT
INSERT INTO STATECHART_STATES_RAW_LOG VALUES(1,0,'2016-01-02 13:15:00.000000','2016-01-02 13:30:00.000000',149)
COMMIT
INSERT INTO STATECHART_TRANSITIONS_RAW_LOG VALUES(1,2,0,'2016-01-02 13:30:00.000000',149)
COMMIT
INSERT INTO STATECHART_STATES_RAW_LOG VALUES(1,0,'2016-01-02 13:30:00.000000','2016-01-02 13:45:00.000000',150)
COMMIT
INSERT INTO STATECHART_TRANSITIONS_RAW_LOG VALUES(1,2,0,'2016-01-02 13:45:00.000000',150)
COMMIT
INSERT INTO STATECHART_STATES_RAW_LOG VALUES(1,0,'2016-01-02 13:45:00.000000','2016-01-02 14:00:00.000000',151)
COMMIT
INSERT INTO STATECHART_TRANSITIONS_RAW_LOG VALUES(1,2,0,'2016-01-02 14:00:00.000000',151)
COMMIT
INSERT INTO STATECHART_STATES_RAW_LOG VALUES(1,0,'2016-01-02 14:00:00.000000','2016-01-02 14:15:00.000000',152)
COMMIT
INSERT INTO STATECHART_TRANSITIONS_RAW_LOG VALUES(1,2,0,'2016-01-02 14:15:00.000000',152)
COMMIT
INSERT INTO STATECHART_STATES_RAW_LOG VALUES(1,0,'2016-01-02 14:15:00.000000','2016-01-02 14:30:00.000000',153)
COMMIT
INSERT INTO STATECHART_TRANSITIONS_RAW_LOG VALUES(1,2,0,'2016-01-02 14:30:00.000000',153)
COMMIT
INSERT INTO STATECHART_STATES_RAW_LOG VALUES(1,0,'2016-01-02 14:30:00.000000','2016-01-02 14:45:00.000000',154)
COMMIT
INSERT INTO STATECHART_TRANSITIONS_RAW_LOG VALUES(1,2,0,'2016-01-02 14:45:00.000000',154)
COMMIT
INSERT INTO STATECHART_STATES_RAW_LOG VALUES(1,0,'2016-01-02 14:45:00.000000','2016-01-02 15:00:00.000000',155)
COMMIT
INSERT INTO STATECHART_TRANSITIONS_RAW_LOG VALUES(1,2,0,'2016-01-02 15:00:00.000000',155)
COMMIT
INSERT INTO STATECHART_STATES_RAW_LOG VALUES(1,0,'2016-01-02 15:00:00.000000','2016-01-02 15:15:00.000000',156)
COMMIT
INSERT INTO STATECHART_TRANSITIONS_RAW_LOG VALUES(1,2,0,'2016-01-02 15:15:00.000000',156)
COMMIT
INSERT INTO STATECHART_STATES_RAW_LOG VALUES(1,0,'2016-01-02 15:15:00.000000','2016-01-02 15:30:00.000000',157)
COMMIT
INSERT INTO STATECHART_TRANSITIONS_RAW_LOG VALUES(1,2,0,'2016-01-02 15:30:00.000000',157)
COMMIT
INSERT INTO STATECHART_STATES_RAW_LOG VALUES(1,0,'2016-01-02 15:30:00.000000','2016-01-02 15:45:00.000000',158)
COMMIT
INSERT INTO STATECHART_TRANSITIONS_RAW_LOG VALUES(1,2,0,'2016-01-02 15:45:00.000000',158)
COMMIT
INSERT INTO STATECHART_STATES_RAW_LOG VALUES(1,0,'2016-01-02 15:45:00.000000','2016-01-02 16:00:00.000000',159)
COMMIT
INSERT INTO STATECHART_TRANSITIONS_RAW_LOG VALUES(1,2,0,'2016-01-02 16:00:00.000000',159)
COMMIT
INSERT INTO STATECHART_STATES_RAW_LOG VALUES(1,0,'2016-01-02 16:00:00.000000','2016-01-02 16:15:00.000000',160)
COMMIT
INSERT INTO STATECHART_TRANSITIONS_RAW_LOG VALUES(1,2,0,'2016-01-02 16:15:00.000000',160)
COMMIT
INSERT INTO STATECHART_STATES_RAW_LOG VALUES(1,0,'2016-01-02 16:15:00.000000','2016-01-02 16:30:00.000000',161)
COMMIT
INSERT INTO STATECHART_TRANSITIONS_RAW_LOG VALUES(1,2,0,'2016-01-02 16:30:00.000000',161)
COMMIT
INSERT INTO STATECHART_STATES_RAW_LOG VALUES(1,0,'2016-01-02 16:30:00.000000','2016-01-02 16:45:00.000000',162)
COMMIT
INSERT INTO STATECHART_TRANSITIONS_RAW_LOG VALUES(1,2,0,'2016-01-02 16:45:00.000000',162)
COMMIT
INSERT INTO STATECHART_STATES_RAW_LOG VALUES(1,0,'2016-01-02 16:45:00.000000','2016-01-02 17:00:00.000000',163)
COMMIT
INSERT INTO STATECHART_TRANSITIONS_RAW_LOG VALUES(1,2,0,'2016-01-02 17:00:00.000000',163)
COMMIT
INSERT INTO STATECHART_STATES_RAW_LOG VALUES(1,0,'2016-01-02 17:00:00.000000','2016-01-02 17:15:00.000000',164)
COMMIT
INSERT INTO STATECHART_TRANSITIONS_RAW_LOG VALUES(1,2,0,'2016-01-02 17:15:00.000000',164)
COMMIT
INSERT INTO STATECHART_STATES_RAW_LOG VALUES(1,0,'2016-01-02 17:15:00.000000','2016-01-02 17:30:00.000000',165)
COMMIT
INSERT INTO STATECHART_TRANSITIONS_RAW_LOG VALUES(1,2,0,'2016-01-02 17:30:00.000000',165)
COMMIT
INSERT INTO STATECHART_STATES_RAW_LOG VALUES(1,0,'2016-01-02 17:30:00.000000','2016-01-02 17:45:00.000000',166)
COMMIT
INSERT INTO STATECHART_TRANSITIONS_RAW_LOG VALUES(1,2,0,'2016-01-02 17:45:00.000000',166)
COMMIT
INSERT INTO STATECHART_STATES_RAW_LOG VALUES(1,0,'2016-01-02 17:45:00.000000','2016-01-02 18:00:00.000000',167)
COMMIT
INSERT INTO STATECHART_TRANSITIONS_RAW_LOG VALUES(1,2,0,'2016-01-02 18:00:00.000000',167)
COMMIT
INSERT INTO STATECHART_STATES_RAW_LOG VALUES(1,0,'2016-01-02 18:00:00.000000','2016-01-02 18:15:00.000000',168)
COMMIT
INSERT INTO STATECHART_TRANSITIONS_RAW_LOG VALUES(1,2,0,'2016-01-02 18:15:00.000000',168)
COMMIT
INSERT INTO STATECHART_STATES_RAW_LOG VALUES(1,0,'2016-01-02 18:15:00.000000','2016-01-02 18:30:00.000000',169)
COMMIT
INSERT INTO STATECHART_TRANSITIONS_RAW_LOG VALUES(1,2,0,'2016-01-02 18:30:00.000000',169)
COMMIT
INSERT INTO STATECHART_STATES_RAW_LOG VALUES(1,0,'2016-01-02 18:30:00.000000','2016-01-02 18:45:00.000000',170)
COMMIT
INSERT INTO STATECHART_TRANSITIONS_RAW_LOG VALUES(1,2,0,'2016-01-02 18:45:00.000000',170)
COMMIT
INSERT INTO STATECHART_STATES_RAW_LOG VALUES(1,0,'2016-01-02 18:45:00.000000','2016-01-02 19:00:00.000000',171)
COMMIT
INSERT INTO STATECHART_TRANSITIONS_RAW_LOG VALUES(1,2,0,'2016-01-02 19:00:00.000000',171)
COMMIT
INSERT INTO STATECHART_STATES_RAW_LOG VALUES(1,0,'2016-01-02 19:00:00.000000','2016-01-02 19:15:00.000000',172)
COMMIT
INSERT INTO STATECHART_TRANSITIONS_RAW_LOG VALUES(1,2,0,'2016-01-02 19:15:00.000000',172)
COMMIT
INSERT INTO STATECHART_STATES_RAW_LOG VALUES(1,0,'2016-01-02 19:15:00.000000','2016-01-02 19:30:00.000000',173)
COMMIT
INSERT INTO STATECHART_TRANSITIONS_RAW_LOG VALUES(1,2,0,'2016-01-02 19:30:00.000000',173)
COMMIT
INSERT INTO STATECHART_STATES_RAW_LOG VALUES(1,0,'2016-01-02 19:30:00.000000','2016-01-02 19:45:00.000000',174)
COMMIT
INSERT INTO STATECHART_TRANSITIONS_RAW_LOG VALUES(1,2,0,'2016-01-02 19:45:00.000000',174)
COMMIT
INSERT INTO STATECHART_STATES_RAW_LOG VALUES(1,0,'2016-01-02 19:45:00.000000','2016-01-02 20:00:00.000000',175)
COMMIT
INSERT INTO STATECHART_TRANSITIONS_RAW_LOG VALUES(1,2,0,'2016-01-02 20:00:00.000000',175)
COMMIT
INSERT INTO STATECHART_STATES_RAW_LOG VALUES(1,0,'2016-01-02 20:00:00.000000','2016-01-02 20:15:00.000000',176)
COMMIT
INSERT INTO STATECHART_TRANSITIONS_RAW_LOG VALUES(1,2,0,'2016-01-02 20:15:00.000000',176)
COMMIT
INSERT INTO STATECHART_STATES_RAW_LOG VALUES(1,0,'2016-01-02 20:15:00.000000','2016-01-02 20:30:00.000000',177)
COMMIT
INSERT INTO STATECHART_TRANSITIONS_RAW_LOG VALUES(1,2,0,'2016-01-02 20:30:00.000000',177)
COMMIT
INSERT INTO STATECHART_STATES_RAW_LOG VALUES(1,0,'2016-01-02 20:30:00.000000','2016-01-02 20:45:00.000000',178)
COMMIT
INSERT INTO STATECHART_TRANSITIONS_RAW_LOG VALUES(1,2,0,'2016-01-02 20:45:00.000000',178)
COMMIT
INSERT INTO STATECHART_STATES_RAW_LOG VALUES(1,0,'2016-01-02 20:45:00.000000','2016-01-02 21:00:00.000000',179)
COMMIT
INSERT INTO STATECHART_TRANSITIONS_RAW_LOG VALUES(1,2,0,'2016-01-02 21:00:00.000000',179)
COMMIT
INSERT INTO STATECHART_STATES_RAW_LOG VALUES(1,0,'2016-01-02 21:00:00.000000','2016-01-02 21:15:00.000000',180)
COMMIT
INSERT INTO STATECHART_TRANSITIONS_RAW_LOG VALUES(1,2,0,'2016-01-02 21:15:00.000000',180)
COMMIT
INSERT INTO STATECHART_STATES_RAW_LOG VALUES(1,0,'2016-01-02 21:15:00.000000','2016-01-02 21:30:00.000000',181)
COMMIT
INSERT INTO STATECHART_TRANSITIONS_RAW_LOG VALUES(1,2,0,'2016-01-02 21:30:00.000000',181)
COMMIT
INSERT INTO STATECHART_STATES_RAW_LOG VALUES(1,0,'2016-01-02 21:30:00.000000','2016-01-02 21:45:00.000000',182)
COMMIT
INSERT INTO STATECHART_TRANSITIONS_RAW_LOG VALUES(1,2,0,'2016-01-02 21:45:00.000000',182)
COMMIT
INSERT INTO STATECHART_STATES_RAW_LOG VALUES(1,0,'2016-01-02 21:45:00.000000','2016-01-02 22:00:00.000000',183)
COMMIT
INSERT INTO STATECHART_TRANSITIONS_RAW_LOG VALUES(1,2,0,'2016-01-02 22:00:00.000000',183)
COMMIT
INSERT INTO STATECHART_STATES_RAW_LOG VALUES(1,0,'2016-01-02 22:00:00.000000','2016-01-02 22:15:00.000000',184)
COMMIT
INSERT INTO STATECHART_TRANSITIONS_RAW_LOG VALUES(1,2,0,'2016-01-02 22:15:00.000000',184)
COMMIT
INSERT INTO STATECHART_STATES_RAW_LOG VALUES(1,0,'2016-01-02 22:15:00.000000','2016-01-02 22:30:00.000000',185)
COMMIT
INSERT INTO STATECHART_TRANSITIONS_RAW_LOG VALUES(1,2,0,'2016-01-02 22:30:00.000000',185)
COMMIT
INSERT INTO STATECHART_STATES_RAW_LOG VALUES(1,0,'2016-01-02 22:30:00.000000','2016-01-02 22:45:00.000000',186)
COMMIT
INSERT INTO STATECHART_TRANSITIONS_RAW_LOG VALUES(1,2,0,'2016-01-02 22:45:00.000000',186)
COMMIT
INSERT INTO STATECHART_STATES_RAW_LOG VALUES(1,0,'2016-01-02 22:45:00.000000','2016-01-02 23:00:00.000000',187)
COMMIT
INSERT INTO STATECHART_TRANSITIONS_RAW_LOG VALUES(1,2,0,'2016-01-02 23:00:00.000000',187)
COMMIT
INSERT INTO STATECHART_STATES_RAW_LOG VALUES(1,0,'2016-01-02 23:00:00.000000','2016-01-02 23:15:00.000000',188)
COMMIT
INSERT INTO STATECHART_TRANSITIONS_RAW_LOG VALUES(1,2,0,'2016-01-02 23:15:00.000000',188)
COMMIT
INSERT INTO STATECHART_STATES_RAW_LOG VALUES(1,0,'2016-01-02 23:15:00.000000','2016-01-02 23:30:00.000000',189)
COMMIT
INSERT INTO STATECHART_TRANSITIONS_RAW_LOG VALUES(1,2,0,'2016-01-02 23:30:00.000000',189)
COMMIT
INSERT INTO STATECHART_STATES_RAW_LOG VALUES(1,0,'2016-01-02 23:30:00.000000','2016-01-02 23:45:00.000000',190)
COMMIT
INSERT INTO STATECHART_TRANSITIONS_RAW_LOG VALUES(1,2,0,'2016-01-02 23:45:00.000000',190)
COMMIT
INSERT INTO STATECHART_STATES_RAW_LOG VALUES(1,0,'2016-01-02 23:45:00.000000','2016-01-03 00:00:00.000000',191)
COMMIT
INSERT INTO STATECHART_TRANSITIONS_RAW_LOG VALUES(1,2,0,'2016-01-03 00:00:00.000000',191)
COMMIT
INSERT INTO STATECHART_STATES_RAW_LOG VALUES(1,0,'2016-01-03 00:00:00.000000','2016-01-03 00:15:00.000000',192)
COMMIT
INSERT INTO STATECHART_TRANSITIONS_RAW_LOG VALUES(1,2,0,'2016-01-03 00:15:00.000000',192)
COMMIT
INSERT INTO STATECHART_STATES_RAW_LOG VALUES(1,0,'2016-01-03 00:15:00.000000','2016-01-03 00:30:00.000000',193)
COMMIT
INSERT INTO STATECHART_TRANSITIONS_RAW_LOG VALUES(1,2,0,'2016-01-03 00:30:00.000000',193)
COMMIT
INSERT INTO STATECHART_STATES_RAW_LOG VALUES(1,0,'2016-01-03 00:30:00.000000','2016-01-03 00:45:00.000000',194)
COMMIT
INSERT INTO STATECHART_TRANSITIONS_RAW_LOG VALUES(1,2,0,'2016-01-03 00:45:00.000000',194)
COMMIT
INSERT INTO STATECHART_STATES_RAW_LOG VALUES(1,0,'2016-01-03 00:45:00.000000','2016-01-03 01:00:00.000000',195)
COMMIT
INSERT INTO STATECHART_TRANSITIONS_RAW_LOG VALUES(1,2,0,'2016-01-03 01:00:00.000000',195)
COMMIT
INSERT INTO STATECHART_STATES_RAW_LOG VALUES(1,0,'2016-01-03 01:00:00.000000','2016-01-03 01:15:00.000000',196)
COMMIT
INSERT INTO STATECHART_TRANSITIONS_RAW_LOG VALUES(1,2,0,'2016-01-03 01:15:00.000000',196)
COMMIT
INSERT INTO STATECHART_STATES_RAW_LOG VALUES(1,0,'2016-01-03 01:15:00.000000','2016-01-03 01:30:00.000000',197)
COMMIT
INSERT INTO STATECHART_TRANSITIONS_RAW_LOG VALUES(1,2,0,'2016-01-03 01:30:00.000000',197)
COMMIT
INSERT INTO STATECHART_STATES_RAW_LOG VALUES(1,0,'2016-01-03 01:30:00.000000','2016-01-03 01:45:00.000000',198)
COMMIT
INSERT INTO STATECHART_TRANSITIONS_RAW_LOG VALUES(1,2,0,'2016-01-03 01:45:00.000000',198)
COMMIT
INSERT INTO STATECHART_STATES_RAW_LOG VALUES(1,0,'2016-01-03 01:45:00.000000','2016-01-03 02:00:00.000000',199)
COMMIT
INSERT INTO STATECHART_TRANSITIONS_RAW_LOG VALUES(1,2,0,'2016-01-03 02:00:00.000000',199)
COMMIT
INSERT INTO STATECHART_STATES_RAW_LOG VALUES(1,0,'2016-01-03 02:00:00.000000','2016-01-03 02:15:00.000000',200)
COMMIT
INSERT INTO STATECHART_TRANSITIONS_RAW_LOG VALUES(1,2,0,'2016-01-03 02:15:00.000000',200)
COMMIT
INSERT INTO STATECHART_STATES_RAW_LOG VALUES(1,0,'2016-01-03 02:15:00.000000','2016-01-03 02:30:00.000000',201)
COMMIT
INSERT INTO STATECHART_TRANSITIONS_RAW_LOG VALUES(1,2,0,'2016-01-03 02:30:00.000000',201)
COMMIT
INSERT INTO STATECHART_STATES_RAW_LOG VALUES(1,0,'2016-01-03 02:30:00.000000','2016-01-03 02:45:00.000000',202)
COMMIT
INSERT INTO STATECHART_TRANSITIONS_RAW_LOG VALUES(1,2,0,'2016-01-03 02:45:00.000000',202)
COMMIT
INSERT INTO STATECHART_STATES_RAW_LOG VALUES(1,0,'2016-01-03 02:45:00.000000','2016-01-03 03:00:00.000000',203)
COMMIT
INSERT INTO STATECHART_TRANSITIONS_RAW_LOG VALUES(1,2,0,'2016-01-03 03:00:00.000000',203)
COMMIT
INSERT INTO STATECHART_STATES_RAW_LOG VALUES(1,0,'2016-01-03 03:00:00.000000','2016-01-03 03:15:00.000000',204)
COMMIT
INSERT INTO STATECHART_TRANSITIONS_RAW_LOG VALUES(1,2,0,'2016-01-03 03:15:00.000000',204)
COMMIT
INSERT INTO STATECHART_STATES_RAW_LOG VALUES(1,0,'2016-01-03 03:15:00.000000','2016-01-03 03:30:00.000000',205)
COMMIT
INSERT INTO STATECHART_TRANSITIONS_RAW_LOG VALUES(1,2,0,'2016-01-03 03:30:00.000000',205)
COMMIT
INSERT INTO STATECHART_STATES_RAW_LOG VALUES(1,0,'2016-01-03 03:30:00.000000','2016-01-03 03:45:00.000000',206)
COMMIT
INSERT INTO STATECHART_TRANSITIONS_RAW_LOG VALUES(1,2,0,'2016-01-03 03:45:00.000000',206)
COMMIT
INSERT INTO STATECHART_STATES_RAW_LOG VALUES(1,0,'2016-01-03 03:45:00.000000','2016-01-03 04:00:00.000000',207)
COMMIT
INSERT INTO STATECHART_TRANSITIONS_RAW_LOG VALUES(1,2,0,'2016-01-03 04:00:00.000000',207)
COMMIT
INSERT INTO STATECHART_STATES_RAW_LOG VALUES(1,0,'2016-01-03 04:00:00.000000','2016-01-03 04:15:00.000000',208)
COMMIT
INSERT INTO STATECHART_TRANSITIONS_RAW_LOG VALUES(1,2,0,'2016-01-03 04:15:00.000000',208)
COMMIT
INSERT INTO STATECHART_STATES_RAW_LOG VALUES(1,0,'2016-01-03 04:15:00.000000','2016-01-03 04:30:00.000000',209)
COMMIT
INSERT INTO STATECHART_TRANSITIONS_RAW_LOG VALUES(1,2,0,'2016-01-03 04:30:00.000000',209)
COMMIT
INSERT INTO STATECHART_STATES_RAW_LOG VALUES(1,0,'2016-01-03 04:30:00.000000','2016-01-03 04:45:00.000000',210)
COMMIT
INSERT INTO STATECHART_TRANSITIONS_RAW_LOG VALUES(1,2,0,'2016-01-03 04:45:00.000000',210)
COMMIT
INSERT INTO STATECHART_STATES_RAW_LOG VALUES(1,0,'2016-01-03 04:45:00.000000','2016-01-03 05:00:00.000000',211)
COMMIT
INSERT INTO STATECHART_TRANSITIONS_RAW_LOG VALUES(1,2,0,'2016-01-03 05:00:00.000000',211)
COMMIT
INSERT INTO STATECHART_STATES_RAW_LOG VALUES(1,0,'2016-01-03 05:00:00.000000','2016-01-03 05:15:00.000000',212)
COMMIT
INSERT INTO STATECHART_TRANSITIONS_RAW_LOG VALUES(1,2,0,'2016-01-03 05:15:00.000000',212)
COMMIT
INSERT INTO STATECHART_STATES_RAW_LOG VALUES(1,0,'2016-01-03 05:15:00.000000','2016-01-03 05:30:00.000000',213)
COMMIT
INSERT INTO STATECHART_TRANSITIONS_RAW_LOG VALUES(1,2,0,'2016-01-03 05:30:00.000000',213)
COMMIT
INSERT INTO STATECHART_STATES_RAW_LOG VALUES(1,0,'2016-01-03 05:30:00.000000','2016-01-03 05:45:00.000000',214)
COMMIT
INSERT INTO STATECHART_TRANSITIONS_RAW_LOG VALUES(1,2,0,'2016-01-03 05:45:00.000000',214)
COMMIT
INSERT INTO STATECHART_STATES_RAW_LOG VALUES(1,0,'2016-01-03 05:45:00.000000','2016-01-03 06:00:00.000000',215)
COMMIT
INSERT INTO STATECHART_TRANSITIONS_RAW_LOG VALUES(1,2,0,'2016-01-03 06:00:00.000000',215)
COMMIT
INSERT INTO STATECHART_STATES_RAW_LOG VALUES(1,0,'2016-01-03 06:00:00.000000','2016-01-03 06:15:00.000000',216)
COMMIT
INSERT INTO STATECHART_TRANSITIONS_RAW_LOG VALUES(1,2,0,'2016-01-03 06:15:00.000000',216)
COMMIT
INSERT INTO STATECHART_STATES_RAW_LOG VALUES(1,0,'2016-01-03 06:15:00.000000','2016-01-03 06:30:00.000000',217)
COMMIT
INSERT INTO STATECHART_TRANSITIONS_RAW_LOG VALUES(1,2,0,'2016-01-03 06:30:00.000000',217)
COMMIT
INSERT INTO STATECHART_STATES_RAW_LOG VALUES(1,0,'2016-01-03 06:30:00.000000','2016-01-03 06:45:00.000000',218)
COMMIT
INSERT INTO STATECHART_TRANSITIONS_RAW_LOG VALUES(1,2,0,'2016-01-03 06:45:00.000000',218)
COMMIT
INSERT INTO STATECHART_STATES_RAW_LOG VALUES(1,0,'2016-01-03 06:45:00.000000','2016-01-03 07:00:00.000000',219)
COMMIT
INSERT INTO STATECHART_TRANSITIONS_RAW_LOG VALUES(1,2,0,'2016-01-03 07:00:00.000000',219)
COMMIT
INSERT INTO STATECHART_STATES_RAW_LOG VALUES(1,0,'2016-01-03 07:00:00.000000','2016-01-03 07:15:00.000000',220)
COMMIT
INSERT INTO STATECHART_TRANSITIONS_RAW_LOG VALUES(1,2,0,'2016-01-03 07:15:00.000000',220)
COMMIT
INSERT INTO STATECHART_STATES_RAW_LOG VALUES(1,0,'2016-01-03 07:15:00.000000','2016-01-03 07:30:00.000000',221)
COMMIT
INSERT INTO STATECHART_TRANSITIONS_RAW_LOG VALUES(1,2,0,'2016-01-03 07:30:00.000000',221)
COMMIT
INSERT INTO STATECHART_STATES_RAW_LOG VALUES(1,0,'2016-01-03 07:30:00.000000','2016-01-03 07:45:00.000000',222)
COMMIT
INSERT INTO STATECHART_TRANSITIONS_RAW_LOG VALUES(1,2,0,'2016-01-03 07:45:00.000000',222)
COMMIT
INSERT INTO STATECHART_STATES_RAW_LOG VALUES(1,0,'2016-01-03 07:45:00.000000','2016-01-03 08:00:00.000000',223)
COMMIT
INSERT INTO STATECHART_TRANSITIONS_RAW_LOG VALUES(1,2,0,'2016-01-03 08:00:00.000000',223)
COMMIT
INSERT INTO STATECHART_STATES_RAW_LOG VALUES(1,0,'2016-01-03 08:00:00.000000','2016-01-03 08:15:00.000000',224)
COMMIT
INSERT INTO STATECHART_TRANSITIONS_RAW_LOG VALUES(1,2,0,'2016-01-03 08:15:00.000000',224)
COMMIT
INSERT INTO STATECHART_STATES_RAW_LOG VALUES(1,0,'2016-01-03 08:15:00.000000','2016-01-03 08:30:00.000000',225)
COMMIT
INSERT INTO STATECHART_TRANSITIONS_RAW_LOG VALUES(1,2,0,'2016-01-03 08:30:00.000000',225)
COMMIT
INSERT INTO STATECHART_STATES_RAW_LOG VALUES(1,0,'2016-01-03 08:30:00.000000','2016-01-03 08:45:00.000000',226)
COMMIT
INSERT INTO STATECHART_TRANSITIONS_RAW_LOG VALUES(1,2,0,'2016-01-03 08:45:00.000000',226)
COMMIT
INSERT INTO STATECHART_STATES_RAW_LOG VALUES(1,0,'2016-01-03 08:45:00.000000','2016-01-03 09:00:00.000000',227)
COMMIT
INSERT INTO STATECHART_TRANSITIONS_RAW_LOG VALUES(1,2,0,'2016-01-03 09:00:00.000000',227)
COMMIT
INSERT INTO STATECHART_STATES_RAW_LOG VALUES(1,0,'2016-01-03 09:00:00.000000','2016-01-03 09:15:00.000000',228)
COMMIT
INSERT INTO STATECHART_TRANSITIONS_RAW_LOG VALUES(1,2,0,'2016-01-03 09:15:00.000000',228)
COMMIT
INSERT INTO STATECHART_STATES_RAW_LOG VALUES(1,0,'2016-01-03 09:15:00.000000','2016-01-03 09:30:00.000000',229)
COMMIT
INSERT INTO STATECHART_TRANSITIONS_RAW_LOG VALUES(1,2,0,'2016-01-03 09:30:00.000000',229)
COMMIT
INSERT INTO STATECHART_STATES_RAW_LOG VALUES(1,0,'2016-01-03 09:30:00.000000','2016-01-03 09:45:00.000000',230)
COMMIT
INSERT INTO STATECHART_TRANSITIONS_RAW_LOG VALUES(1,2,0,'2016-01-03 09:45:00.000000',230)
COMMIT
INSERT INTO STATECHART_STATES_RAW_LOG VALUES(1,0,'2016-01-03 09:45:00.000000','2016-01-03 10:00:00.000000',231)
COMMIT
INSERT INTO STATECHART_TRANSITIONS_RAW_LOG VALUES(1,2,0,'2016-01-03 10:00:00.000000',231)
COMMIT
INSERT INTO STATECHART_STATES_RAW_LOG VALUES(1,0,'2016-01-03 10:00:00.000000','2016-01-03 10:15:00.000000',232)
COMMIT
INSERT INTO STATECHART_TRANSITIONS_RAW_LOG VALUES(1,2,0,'2016-01-03 10:15:00.000000',232)
COMMIT
INSERT INTO STATECHART_STATES_RAW_LOG VALUES(1,0,'2016-01-03 10:15:00.000000','2016-01-03 10:30:00.000000',233)
COMMIT
INSERT INTO STATECHART_TRANSITIONS_RAW_LOG VALUES(1,2,0,'2016-01-03 10:30:00.000000',233)
COMMIT
INSERT INTO STATECHART_STATES_RAW_LOG VALUES(1,0,'2016-01-03 10:30:00.000000','2016-01-03 10:45:00.000000',234)
COMMIT
INSERT INTO STATECHART_TRANSITIONS_RAW_LOG VALUES(1,2,0,'2016-01-03 10:45:00.000000',234)
COMMIT
INSERT INTO STATECHART_STATES_RAW_LOG VALUES(1,0,'2016-01-03 10:45:00.000000','2016-01-03 11:00:00.000000',235)
COMMIT
INSERT INTO STATECHART_TRANSITIONS_RAW_LOG VALUES(1,2,0,'2016-01-03 11:00:00.000000',235)
COMMIT
INSERT INTO STATECHART_STATES_RAW_LOG VALUES(1,0,'2016-01-03 11:00:00.000000','2016-01-03 11:15:00.000000',236)
COMMIT
INSERT INTO STATECHART_TRANSITIONS_RAW_LOG VALUES(1,2,0,'2016-01-03 11:15:00.000000',236)
COMMIT
INSERT INTO STATECHART_STATES_RAW_LOG VALUES(1,0,'2016-01-03 11:15:00.000000','2016-01-03 11:30:00.000000',237)
COMMIT
INSERT INTO STATECHART_TRANSITIONS_RAW_LOG VALUES(1,2,0,'2016-01-03 11:30:00.000000',237)
COMMIT
INSERT INTO STATECHART_STATES_RAW_LOG VALUES(1,0,'2016-01-03 11:30:00.000000','2016-01-03 11:45:00.000000',238)
COMMIT
INSERT INTO STATECHART_TRANSITIONS_RAW_LOG VALUES(1,2,0,'2016-01-03 11:45:00.000000',238)
COMMIT
INSERT INTO STATECHART_STATES_RAW_LOG VALUES(1,0,'2016-01-03 11:45:00.000000','2016-01-03 12:00:00.000000',239)
COMMIT
INSERT INTO STATECHART_TRANSITIONS_RAW_LOG VALUES(1,2,0,'2016-01-03 12:00:00.000000',239)
COMMIT
INSERT INTO STATECHART_STATES_RAW_LOG VALUES(1,0,'2016-01-03 12:00:00.000000','2016-01-03 12:15:00.000000',240)
COMMIT
INSERT INTO STATECHART_TRANSITIONS_RAW_LOG VALUES(1,2,0,'2016-01-03 12:15:00.000000',240)
COMMIT
INSERT INTO STATECHART_STATES_RAW_LOG VALUES(1,0,'2016-01-03 12:15:00.000000','2016-01-03 12:30:00.000000',241)
COMMIT
INSERT INTO STATECHART_TRANSITIONS_RAW_LOG VALUES(1,2,0,'2016-01-03 12:30:00.000000',241)
COMMIT
INSERT INTO STATECHART_STATES_RAW_LOG VALUES(1,0,'2016-01-03 12:30:00.000000','2016-01-03 12:45:00.000000',242)
COMMIT
INSERT INTO STATECHART_TRANSITIONS_RAW_LOG VALUES(1,2,0,'2016-01-03 12:45:00.000000',242)
COMMIT
INSERT INTO STATECHART_STATES_RAW_LOG VALUES(1,0,'2016-01-03 12:45:00.000000','2016-01-03 13:00:00.000000',243)
COMMIT
INSERT INTO STATECHART_TRANSITIONS_RAW_LOG VALUES(1,2,0,'2016-01-03 13:00:00.000000',243)
COMMIT
INSERT INTO STATECHART_STATES_RAW_LOG VALUES(1,0,'2016-01-03 13:00:00.000000','2016-01-03 13:15:00.000000',244)
COMMIT
INSERT INTO STATECHART_TRANSITIONS_RAW_LOG VALUES(1,2,0,'2016-01-03 13:15:00.000000',244)
COMMIT
INSERT INTO STATECHART_STATES_RAW_LOG VALUES(1,0,'2016-01-03 13:15:00.000000','2016-01-03 13:30:00.000000',245)
COMMIT
INSERT INTO STATECHART_TRANSITIONS_RAW_LOG VALUES(1,2,0,'2016-01-03 13:30:00.000000',245)
COMMIT
INSERT INTO STATECHART_STATES_RAW_LOG VALUES(1,0,'2016-01-03 13:30:00.000000','2016-01-03 13:45:00.000000',246)
COMMIT
INSERT INTO STATECHART_TRANSITIONS_RAW_LOG VALUES(1,2,0,'2016-01-03 13:45:00.000000',246)
COMMIT
INSERT INTO STATECHART_STATES_RAW_LOG VALUES(1,0,'2016-01-03 13:45:00.000000','2016-01-03 14:00:00.000000',247)
COMMIT
INSERT INTO STATECHART_TRANSITIONS_RAW_LOG VALUES(1,2,0,'2016-01-03 14:00:00.000000',247)
COMMIT
INSERT INTO STATECHART_STATES_RAW_LOG VALUES(1,0,'2016-01-03 14:00:00.000000','2016-01-03 14:15:00.000000',248)
COMMIT
INSERT INTO STATECHART_TRANSITIONS_RAW_LOG VALUES(1,2,0,'2016-01-03 14:15:00.000000',248)
COMMIT
INSERT INTO STATECHART_STATES_RAW_LOG VALUES(1,0,'2016-01-03 14:15:00.000000','2016-01-03 14:30:00.000000',249)
COMMIT
INSERT INTO STATECHART_TRANSITIONS_RAW_LOG VALUES(1,2,0,'2016-01-03 14:30:00.000000',249)
COMMIT
INSERT INTO STATECHART_STATES_RAW_LOG VALUES(1,0,'2016-01-03 14:30:00.000000','2016-01-03 14:45:00.000000',250)
COMMIT
INSERT INTO STATECHART_TRANSITIONS_RAW_LOG VALUES(1,2,0,'2016-01-03 14:45:00.000000',250)
COMMIT
INSERT INTO STATECHART_STATES_RAW_LOG VALUES(1,0,'2016-01-03 14:45:00.000000','2016-01-03 15:00:00.000000',251)
COMMIT
INSERT INTO STATECHART_TRANSITIONS_RAW_LOG VALUES(1,2,0,'2016-01-03 15:00:00.000000',251)
COMMIT
INSERT INTO STATECHART_STATES_RAW_LOG VALUES(1,0,'2016-01-03 15:00:00.000000','2016-01-03 15:15:00.000000',252)
COMMIT
INSERT INTO STATECHART_TRANSITIONS_RAW_LOG VALUES(1,2,0,'2016-01-03 15:15:00.000000',252)
COMMIT
INSERT INTO STATECHART_STATES_RAW_LOG VALUES(1,0,'2016-01-03 15:15:00.000000','2016-01-03 15:30:00.000000',253)
COMMIT
INSERT INTO STATECHART_TRANSITIONS_RAW_LOG VALUES(1,2,0,'2016-01-03 15:30:00.000000',253)
COMMIT
INSERT INTO STATECHART_STATES_RAW_LOG VALUES(1,0,'2016-01-03 15:30:00.000000','2016-01-03 15:45:00.000000',254)
COMMIT
INSERT INTO STATECHART_TRANSITIONS_RAW_LOG VALUES(1,2,0,'2016-01-03 15:45:00.000000',254)
COMMIT
INSERT INTO STATECHART_STATES_RAW_LOG VALUES(1,0,'2016-01-03 15:45:00.000000','2016-01-03 16:00:00.000000',255)
COMMIT
INSERT INTO STATECHART_TRANSITIONS_RAW_LOG VALUES(1,2,0,'2016-01-03 16:00:00.000000',255)
COMMIT
INSERT INTO STATECHART_STATES_RAW_LOG VALUES(1,0,'2016-01-03 16:00:00.000000','2016-01-03 16:15:00.000000',256)
COMMIT
INSERT INTO STATECHART_TRANSITIONS_RAW_LOG VALUES(1,2,0,'2016-01-03 16:15:00.000000',256)
COMMIT
INSERT INTO STATECHART_STATES_RAW_LOG VALUES(1,0,'2016-01-03 16:15:00.000000','2016-01-03 16:30:00.000000',257)
COMMIT
INSERT INTO STATECHART_TRANSITIONS_RAW_LOG VALUES(1,2,0,'2016-01-03 16:30:00.000000',257)
COMMIT
INSERT INTO STATECHART_STATES_RAW_LOG VALUES(1,0,'2016-01-03 16:30:00.000000','2016-01-03 16:45:00.000000',258)
COMMIT
INSERT INTO STATECHART_TRANSITIONS_RAW_LOG VALUES(1,2,0,'2016-01-03 16:45:00.000000',258)
COMMIT
INSERT INTO STATECHART_STATES_RAW_LOG VALUES(1,0,'2016-01-03 16:45:00.000000','2016-01-03 17:00:00.000000',259)
COMMIT
INSERT INTO STATECHART_TRANSITIONS_RAW_LOG VALUES(1,2,0,'2016-01-03 17:00:00.000000',259)
COMMIT
INSERT INTO STATECHART_STATES_RAW_LOG VALUES(1,0,'2016-01-03 17:00:00.000000','2016-01-03 17:15:00.000000',260)
COMMIT
INSERT INTO STATECHART_TRANSITIONS_RAW_LOG VALUES(1,2,0,'2016-01-03 17:15:00.000000',260)
COMMIT
INSERT INTO STATECHART_STATES_RAW_LOG VALUES(1,0,'2016-01-03 17:15:00.000000','2016-01-03 17:30:00.000000',261)
COMMIT
INSERT INTO STATECHART_TRANSITIONS_RAW_LOG VALUES(1,2,0,'2016-01-03 17:30:00.000000',261)
COMMIT
INSERT INTO STATECHART_STATES_RAW_LOG VALUES(1,0,'2016-01-03 17:30:00.000000','2016-01-03 17:45:00.000000',262)
COMMIT
INSERT INTO STATECHART_TRANSITIONS_RAW_LOG VALUES(1,2,0,'2016-01-03 17:45:00.000000',262)
COMMIT
INSERT INTO STATECHART_STATES_RAW_LOG VALUES(1,0,'2016-01-03 17:45:00.000000','2016-01-03 18:00:00.000000',263)
COMMIT
INSERT INTO STATECHART_TRANSITIONS_RAW_LOG VALUES(1,2,0,'2016-01-03 18:00:00.000000',263)
COMMIT
INSERT INTO STATECHART_STATES_RAW_LOG VALUES(1,0,'2016-01-03 18:00:00.000000','2016-01-03 18:15:00.000000',264)
COMMIT
INSERT INTO STATECHART_TRANSITIONS_RAW_LOG VALUES(1,2,0,'2016-01-03 18:15:00.000000',264)
COMMIT
INSERT INTO STATECHART_STATES_RAW_LOG VALUES(1,0,'2016-01-03 18:15:00.000000','2016-01-03 18:30:00.000000',265)
COMMIT
INSERT INTO STATECHART_TRANSITIONS_RAW_LOG VALUES(1,2,0,'2016-01-03 18:30:00.000000',265)
COMMIT
INSERT INTO STATECHART_STATES_RAW_LOG VALUES(1,0,'2016-01-03 18:30:00.000000','2016-01-03 18:45:00.000000',266)
COMMIT
INSERT INTO STATECHART_TRANSITIONS_RAW_LOG VALUES(1,2,0,'2016-01-03 18:45:00.000000',266)
COMMIT
INSERT INTO STATECHART_STATES_RAW_LOG VALUES(1,0,'2016-01-03 18:45:00.000000','2016-01-03 19:00:00.000000',267)
COMMIT
INSERT INTO STATECHART_TRANSITIONS_RAW_LOG VALUES(1,2,0,'2016-01-03 19:00:00.000000',267)
COMMIT
INSERT INTO STATECHART_STATES_RAW_LOG VALUES(1,0,'2016-01-03 19:00:00.000000','2016-01-03 19:15:00.000000',268)
COMMIT
INSERT INTO STATECHART_TRANSITIONS_RAW_LOG VALUES(1,2,0,'2016-01-03 19:15:00.000000',268)
COMMIT
INSERT INTO STATECHART_STATES_RAW_LOG VALUES(1,0,'2016-01-03 19:15:00.000000','2016-01-03 19:30:00.000000',269)
COMMIT
INSERT INTO STATECHART_TRANSITIONS_RAW_LOG VALUES(1,2,0,'2016-01-03 19:30:00.000000',269)
COMMIT
INSERT INTO STATECHART_STATES_RAW_LOG VALUES(1,0,'2016-01-03 19:30:00.000000','2016-01-03 19:45:00.000000',270)
COMMIT
INSERT INTO STATECHART_TRANSITIONS_RAW_LOG VALUES(1,2,0,'2016-01-03 19:45:00.000000',270)
COMMIT
INSERT INTO STATECHART_STATES_RAW_LOG VALUES(1,0,'2016-01-03 19:45:00.000000','2016-01-03 20:00:00.000000',271)
COMMIT
INSERT INTO STATECHART_TRANSITIONS_RAW_LOG VALUES(1,2,0,'2016-01-03 20:00:00.000000',271)
COMMIT
INSERT INTO STATECHART_STATES_RAW_LOG VALUES(1,0,'2016-01-03 20:00:00.000000','2016-01-03 20:15:00.000000',272)
COMMIT
INSERT INTO STATECHART_TRANSITIONS_RAW_LOG VALUES(1,2,0,'2016-01-03 20:15:00.000000',272)
COMMIT
INSERT INTO STATECHART_STATES_RAW_LOG VALUES(1,0,'2016-01-03 20:15:00.000000','2016-01-03 20:30:00.000000',273)
COMMIT
INSERT INTO STATECHART_TRANSITIONS_RAW_LOG VALUES(1,2,0,'2016-01-03 20:30:00.000000',273)
COMMIT
INSERT INTO STATECHART_STATES_RAW_LOG VALUES(1,0,'2016-01-03 20:30:00.000000','2016-01-03 20:45:00.000000',274)
COMMIT
INSERT INTO STATECHART_TRANSITIONS_RAW_LOG VALUES(1,2,0,'2016-01-03 20:45:00.000000',274)
COMMIT
INSERT INTO STATECHART_STATES_RAW_LOG VALUES(1,0,'2016-01-03 20:45:00.000000','2016-01-03 21:00:00.000000',275)
COMMIT
INSERT INTO STATECHART_TRANSITIONS_RAW_LOG VALUES(1,2,0,'2016-01-03 21:00:00.000000',275)
COMMIT
INSERT INTO STATECHART_STATES_RAW_LOG VALUES(1,0,'2016-01-03 21:00:00.000000','2016-01-03 21:15:00.000000',276)
COMMIT
INSERT INTO STATECHART_TRANSITIONS_RAW_LOG VALUES(1,2,0,'2016-01-03 21:15:00.000000',276)
COMMIT
INSERT INTO STATECHART_STATES_RAW_LOG VALUES(1,0,'2016-01-03 21:15:00.000000','2016-01-03 21:30:00.000000',277)
COMMIT
INSERT INTO STATECHART_TRANSITIONS_RAW_LOG VALUES(1,2,0,'2016-01-03 21:30:00.000000',277)
COMMIT
INSERT INTO STATECHART_STATES_RAW_LOG VALUES(1,0,'2016-01-03 21:30:00.000000','2016-01-03 21:45:00.000000',278)
COMMIT
INSERT INTO STATECHART_TRANSITIONS_RAW_LOG VALUES(1,2,0,'2016-01-03 21:45:00.000000',278)
COMMIT
INSERT INTO STATECHART_STATES_RAW_LOG VALUES(1,0,'2016-01-03 21:45:00.000000','2016-01-03 22:00:00.000000',279)
COMMIT
INSERT INTO STATECHART_TRANSITIONS_RAW_LOG VALUES(1,2,0,'2016-01-03 22:00:00.000000',279)
COMMIT
INSERT INTO STATECHART_STATES_RAW_LOG VALUES(1,0,'2016-01-03 22:00:00.000000','2016-01-03 22:15:00.000000',280)
COMMIT
INSERT INTO STATECHART_TRANSITIONS_RAW_LOG VALUES(1,2,0,'2016-01-03 22:15:00.000000',280)
COMMIT
INSERT INTO STATECHART_STATES_RAW_LOG VALUES(1,0,'2016-01-03 22:15:00.000000','2016-01-03 22:30:00.000000',281)
COMMIT
INSERT INTO STATECHART_TRANSITIONS_RAW_LOG VALUES(1,2,0,'2016-01-03 22:30:00.000000',281)
COMMIT
INSERT INTO STATECHART_STATES_RAW_LOG VALUES(1,0,'2016-01-03 22:30:00.000000','2016-01-03 22:45:00.000000',282)
COMMIT
INSERT INTO STATECHART_TRANSITIONS_RAW_LOG VALUES(1,2,0,'2016-01-03 22:45:00.000000',282)
COMMIT
INSERT INTO STATECHART_STATES_RAW_LOG VALUES(1,0,'2016-01-03 22:45:00.000000','2016-01-03 23:00:00.000000',283)
COMMIT
INSERT INTO STATECHART_TRANSITIONS_RAW_LOG VALUES(1,2,0,'2016-01-03 23:00:00.000000',283)
COMMIT
INSERT INTO STATECHART_STATES_RAW_LOG VALUES(1,0,'2016-01-03 23:00:00.000000','2016-01-03 23:15:00.000000',284)
COMMIT
INSERT INTO STATECHART_TRANSITIONS_RAW_LOG VALUES(1,2,0,'2016-01-03 23:15:00.000000',284)
COMMIT
INSERT INTO STATECHART_STATES_RAW_LOG VALUES(1,0,'2016-01-03 23:15:00.000000','2016-01-03 23:30:00.000000',285)
COMMIT
INSERT INTO STATECHART_TRANSITIONS_RAW_LOG VALUES(1,2,0,'2016-01-03 23:30:00.000000',285)
COMMIT
INSERT INTO STATECHART_STATES_RAW_LOG VALUES(1,0,'2016-01-03 23:30:00.000000','2016-01-03 23:45:00.000000',286)
COMMIT
INSERT INTO STATECHART_TRANSITIONS_RAW_LOG VALUES(1,2,0,'2016-01-03 23:45:00.000000',286)
COMMIT
INSERT INTO STATECHART_STATES_RAW_LOG VALUES(1,0,'2016-01-03 23:45:00.000000','2016-01-04 00:00:00.000000',287)
COMMIT
INSERT INTO STATECHART_TRANSITIONS_RAW_LOG VALUES(1,2,0,'2016-01-04 00:00:00.000000',287)
COMMIT
INSERT INTO STATECHART_STATES_RAW_LOG VALUES(1,0,'2016-01-04 00:00:00.000000','2016-01-04 00:15:00.000000',288)
COMMIT
INSERT INTO STATECHART_TRANSITIONS_RAW_LOG VALUES(1,2,0,'2016-01-04 00:15:00.000000',288)
COMMIT
INSERT INTO STATECHART_STATES_RAW_LOG VALUES(1,0,'2016-01-04 00:15:00.000000','2016-01-04 00:30:00.000000',289)
COMMIT
INSERT INTO STATECHART_TRANSITIONS_RAW_LOG VALUES(1,2,0,'2016-01-04 00:30:00.000000',289)
COMMIT
INSERT INTO STATECHART_STATES_RAW_LOG VALUES(1,0,'2016-01-04 00:30:00.000000','2016-01-04 00:45:00.000000',290)
COMMIT
INSERT INTO STATECHART_TRANSITIONS_RAW_LOG VALUES(1,2,0,'2016-01-04 00:45:00.000000',290)
COMMIT
INSERT INTO STATECHART_STATES_RAW_LOG VALUES(1,0,'2016-01-04 00:45:00.000000','2016-01-04 01:00:00.000000',291)
COMMIT
INSERT INTO STATECHART_TRANSITIONS_RAW_LOG VALUES(1,2,0,'2016-01-04 01:00:00.000000',291)
COMMIT
INSERT INTO STATECHART_STATES_RAW_LOG VALUES(1,0,'2016-01-04 01:00:00.000000','2016-01-04 01:15:00.000000',292)
COMMIT
INSERT INTO STATECHART_TRANSITIONS_RAW_LOG VALUES(1,2,0,'2016-01-04 01:15:00.000000',292)
COMMIT
INSERT INTO STATECHART_STATES_RAW_LOG VALUES(1,0,'2016-01-04 01:15:00.000000','2016-01-04 01:30:00.000000',293)
COMMIT
INSERT INTO STATECHART_TRANSITIONS_RAW_LOG VALUES(1,2,0,'2016-01-04 01:30:00.000000',293)
COMMIT
INSERT INTO STATECHART_STATES_RAW_LOG VALUES(1,0,'2016-01-04 01:30:00.000000','2016-01-04 01:45:00.000000',294)
COMMIT
INSERT INTO STATECHART_TRANSITIONS_RAW_LOG VALUES(1,2,0,'2016-01-04 01:45:00.000000',294)
COMMIT
INSERT INTO STATECHART_STATES_RAW_LOG VALUES(1,0,'2016-01-04 01:45:00.000000','2016-01-04 02:00:00.000000',295)
COMMIT
INSERT INTO STATECHART_TRANSITIONS_RAW_LOG VALUES(1,2,0,'2016-01-04 02:00:00.000000',295)
COMMIT
INSERT INTO STATECHART_STATES_RAW_LOG VALUES(1,0,'2016-01-04 02:00:00.000000','2016-01-04 02:15:00.000000',296)
COMMIT
INSERT INTO STATECHART_TRANSITIONS_RAW_LOG VALUES(1,2,0,'2016-01-04 02:15:00.000000',296)
COMMIT
INSERT INTO STATECHART_STATES_RAW_LOG VALUES(1,0,'2016-01-04 02:15:00.000000','2016-01-04 02:30:00.000000',297)
COMMIT
INSERT INTO STATECHART_TRANSITIONS_RAW_LOG VALUES(1,2,0,'2016-01-04 02:30:00.000000',297)
COMMIT
INSERT INTO STATECHART_STATES_RAW_LOG VALUES(1,0,'2016-01-04 02:30:00.000000','2016-01-04 02:45:00.000000',298)
COMMIT
INSERT INTO STATECHART_TRANSITIONS_RAW_LOG VALUES(1,2,0,'2016-01-04 02:45:00.000000',298)
COMMIT
INSERT INTO STATECHART_STATES_RAW_LOG VALUES(1,0,'2016-01-04 02:45:00.000000','2016-01-04 03:00:00.000000',299)
COMMIT
INSERT INTO STATECHART_TRANSITIONS_RAW_LOG VALUES(1,2,0,'2016-01-04 03:00:00.000000',299)
COMMIT
INSERT INTO STATECHART_STATES_RAW_LOG VALUES(1,0,'2016-01-04 03:00:00.000000','2016-01-04 03:15:00.000000',300)
COMMIT
INSERT INTO STATECHART_TRANSITIONS_RAW_LOG VALUES(1,2,0,'2016-01-04 03:15:00.000000',300)
COMMIT
INSERT INTO STATECHART_STATES_RAW_LOG VALUES(1,0,'2016-01-04 03:15:00.000000','2016-01-04 03:30:00.000000',301)
COMMIT
INSERT INTO STATECHART_TRANSITIONS_RAW_LOG VALUES(1,2,0,'2016-01-04 03:30:00.000000',301)
COMMIT
INSERT INTO STATECHART_STATES_RAW_LOG VALUES(1,0,'2016-01-04 03:30:00.000000','2016-01-04 03:45:00.000000',302)
COMMIT
INSERT INTO STATECHART_TRANSITIONS_RAW_LOG VALUES(1,2,0,'2016-01-04 03:45:00.000000',302)
COMMIT
INSERT INTO STATECHART_STATES_RAW_LOG VALUES(1,0,'2016-01-04 03:45:00.000000','2016-01-04 04:00:00.000000',303)
COMMIT
INSERT INTO STATECHART_TRANSITIONS_RAW_LOG VALUES(1,2,0,'2016-01-04 04:00:00.000000',303)
COMMIT
INSERT INTO STATECHART_STATES_RAW_LOG VALUES(1,0,'2016-01-04 04:00:00.000000','2016-01-04 04:15:00.000000',304)
COMMIT
INSERT INTO STATECHART_TRANSITIONS_RAW_LOG VALUES(1,2,0,'2016-01-04 04:15:00.000000',304)
COMMIT
INSERT INTO STATECHART_STATES_RAW_LOG VALUES(1,0,'2016-01-04 04:15:00.000000','2016-01-04 04:30:00.000000',305)
COMMIT
INSERT INTO STATECHART_TRANSITIONS_RAW_LOG VALUES(1,2,0,'2016-01-04 04:30:00.000000',305)
COMMIT
INSERT INTO STATECHART_STATES_RAW_LOG VALUES(1,0,'2016-01-04 04:30:00.000000','2016-01-04 04:45:00.000000',306)
COMMIT
INSERT INTO STATECHART_TRANSITIONS_RAW_LOG VALUES(1,2,0,'2016-01-04 04:45:00.000000',306)
COMMIT
INSERT INTO STATECHART_STATES_RAW_LOG VALUES(1,0,'2016-01-04 04:45:00.000000','2016-01-04 05:00:00.000000',307)
COMMIT
INSERT INTO STATECHART_TRANSITIONS_RAW_LOG VALUES(1,2,0,'2016-01-04 05:00:00.000000',307)
COMMIT
INSERT INTO STATECHART_STATES_RAW_LOG VALUES(1,0,'2016-01-04 05:00:00.000000','2016-01-04 05:15:00.000000',308)
COMMIT
INSERT INTO STATECHART_TRANSITIONS_RAW_LOG VALUES(1,2,0,'2016-01-04 05:15:00.000000',308)
COMMIT
INSERT INTO STATECHART_STATES_RAW_LOG VALUES(1,0,'2016-01-04 05:15:00.000000','2016-01-04 05:30:00.000000',309)
COMMIT
INSERT INTO STATECHART_TRANSITIONS_RAW_LOG VALUES(1,2,0,'2016-01-04 05:30:00.000000',309)
COMMIT
INSERT INTO STATECHART_STATES_RAW_LOG VALUES(1,0,'2016-01-04 05:30:00.000000','2016-01-04 05:45:00.000000',310)
COMMIT
INSERT INTO STATECHART_TRANSITIONS_RAW_LOG VALUES(1,2,0,'2016-01-04 05:45:00.000000',310)
COMMIT
INSERT INTO STATECHART_STATES_RAW_LOG VALUES(1,0,'2016-01-04 05:45:00.000000','2016-01-04 06:00:00.000000',311)
COMMIT
INSERT INTO STATECHART_TRANSITIONS_RAW_LOG VALUES(1,2,0,'2016-01-04 06:00:00.000000',311)
COMMIT
INSERT INTO STATECHART_STATES_RAW_LOG VALUES(1,0,'2016-01-04 06:00:00.000000','2016-01-04 06:15:00.000000',312)
COMMIT
INSERT INTO STATECHART_TRANSITIONS_RAW_LOG VALUES(1,2,0,'2016-01-04 06:15:00.000000',312)
COMMIT
INSERT INTO STATECHART_STATES_RAW_LOG VALUES(1,0,'2016-01-04 06:15:00.000000','2016-01-04 06:30:00.000000',313)
COMMIT
INSERT INTO STATECHART_TRANSITIONS_RAW_LOG VALUES(1,2,0,'2016-01-04 06:30:00.000000',313)
COMMIT
INSERT INTO STATECHART_STATES_RAW_LOG VALUES(1,0,'2016-01-04 06:30:00.000000','2016-01-04 06:45:00.000000',314)
COMMIT
INSERT INTO STATECHART_TRANSITIONS_RAW_LOG VALUES(1,2,0,'2016-01-04 06:45:00.000000',314)
COMMIT
INSERT INTO STATECHART_STATES_RAW_LOG VALUES(1,0,'2016-01-04 06:45:00.000000','2016-01-04 07:00:00.000000',315)
COMMIT
INSERT INTO STATECHART_TRANSITIONS_RAW_LOG VALUES(1,2,0,'2016-01-04 07:00:00.000000',315)
COMMIT
INSERT INTO STATECHART_STATES_RAW_LOG VALUES(1,0,'2016-01-04 07:00:00.000000','2016-01-04 07:15:00.000000',316)
COMMIT
INSERT INTO STATECHART_TRANSITIONS_RAW_LOG VALUES(1,2,0,'2016-01-04 07:15:00.000000',316)
COMMIT
INSERT INTO STATECHART_STATES_RAW_LOG VALUES(1,0,'2016-01-04 07:15:00.000000','2016-01-04 07:30:00.000000',317)
COMMIT
INSERT INTO STATECHART_TRANSITIONS_RAW_LOG VALUES(1,2,0,'2016-01-04 07:30:00.000000',317)
COMMIT
INSERT INTO STATECHART_STATES_RAW_LOG VALUES(1,0,'2016-01-04 07:30:00.000000','2016-01-04 07:45:00.000000',318)
COMMIT
INSERT INTO STATECHART_TRANSITIONS_RAW_LOG VALUES(1,2,0,'2016-01-04 07:45:00.000000',318)
COMMIT
INSERT INTO STATECHART_STATES_RAW_LOG VALUES(1,0,'2016-01-04 07:45:00.000000','2016-01-04 08:00:00.000000',319)
COMMIT
INSERT INTO STATECHART_TRANSITIONS_RAW_LOG VALUES(1,2,0,'2016-01-04 08:00:00.000000',319)
COMMIT
INSERT INTO STATECHART_STATES_RAW_LOG VALUES(1,0,'2016-01-04 08:00:00.000000','2016-01-04 08:15:00.000000',320)
COMMIT
INSERT INTO STATECHART_TRANSITIONS_RAW_LOG VALUES(1,2,0,'2016-01-04 08:15:00.000000',320)
COMMIT
INSERT INTO STATECHART_STATES_RAW_LOG VALUES(1,0,'2016-01-04 08:15:00.000000','2016-01-04 08:30:00.000000',321)
COMMIT
INSERT INTO STATECHART_TRANSITIONS_RAW_LOG VALUES(1,2,0,'2016-01-04 08:30:00.000000',321)
COMMIT
INSERT INTO STATECHART_STATES_RAW_LOG VALUES(1,0,'2016-01-04 08:30:00.000000','2016-01-04 08:45:00.000000',322)
COMMIT
INSERT INTO STATECHART_TRANSITIONS_RAW_LOG VALUES(1,2,0,'2016-01-04 08:45:00.000000',322)
COMMIT
INSERT INTO STATECHART_STATES_RAW_LOG VALUES(1,0,'2016-01-04 08:45:00.000000','2016-01-04 09:00:00.000000',323)
COMMIT
INSERT INTO STATECHART_TRANSITIONS_RAW_LOG VALUES(1,2,0,'2016-01-04 09:00:00.000000',323)
COMMIT
INSERT INTO STATECHART_STATES_RAW_LOG VALUES(1,0,'2016-01-04 09:00:00.000000','2016-01-04 09:15:00.000000',324)
COMMIT
INSERT INTO STATECHART_TRANSITIONS_RAW_LOG VALUES(1,2,0,'2016-01-04 09:15:00.000000',324)
COMMIT
INSERT INTO STATECHART_STATES_RAW_LOG VALUES(1,0,'2016-01-04 09:15:00.000000','2016-01-04 09:30:00.000000',325)
COMMIT
INSERT INTO STATECHART_TRANSITIONS_RAW_LOG VALUES(1,2,0,'2016-01-04 09:30:00.000000',325)
COMMIT
INSERT INTO STATECHART_STATES_RAW_LOG VALUES(1,0,'2016-01-04 09:30:00.000000','2016-01-04 09:45:00.000000',326)
COMMIT
INSERT INTO STATECHART_TRANSITIONS_RAW_LOG VALUES(1,2,0,'2016-01-04 09:45:00.000000',326)
COMMIT
INSERT INTO STATECHART_STATES_RAW_LOG VALUES(1,0,'2016-01-04 09:45:00.000000','2016-01-04 10:00:00.000000',327)
COMMIT
INSERT INTO STATECHART_TRANSITIONS_RAW_LOG VALUES(1,2,0,'2016-01-04 10:00:00.000000',327)
COMMIT
INSERT INTO STATECHART_STATES_RAW_LOG VALUES(1,0,'2016-01-04 10:00:00.000000','2016-01-04 10:15:00.000000',328)
COMMIT
INSERT INTO STATECHART_TRANSITIONS_RAW_LOG VALUES(1,2,0,'2016-01-04 10:15:00.000000',328)
COMMIT
INSERT INTO STATECHART_STATES_RAW_LOG VALUES(1,0,'2016-01-04 10:15:00.000000','2016-01-04 10:30:00.000000',329)
COMMIT
INSERT INTO STATECHART_TRANSITIONS_RAW_LOG VALUES(1,2,0,'2016-01-04 10:30:00.000000',329)
COMMIT
INSERT INTO STATECHART_STATES_RAW_LOG VALUES(1,0,'2016-01-04 10:30:00.000000','2016-01-04 10:45:00.000000',330)
COMMIT
INSERT INTO STATECHART_TRANSITIONS_RAW_LOG VALUES(1,2,0,'2016-01-04 10:45:00.000000',330)
COMMIT
INSERT INTO STATECHART_STATES_RAW_LOG VALUES(1,0,'2016-01-04 10:45:00.000000','2016-01-04 11:00:00.000000',331)
COMMIT
INSERT INTO STATECHART_TRANSITIONS_RAW_LOG VALUES(1,2,0,'2016-01-04 11:00:00.000000',331)
COMMIT
INSERT INTO STATECHART_STATES_RAW_LOG VALUES(1,0,'2016-01-04 11:00:00.000000','2016-01-04 11:15:00.000000',332)
COMMIT
INSERT INTO STATECHART_TRANSITIONS_RAW_LOG VALUES(1,2,0,'2016-01-04 11:15:00.000000',332)
COMMIT
INSERT INTO STATECHART_STATES_RAW_LOG VALUES(1,0,'2016-01-04 11:15:00.000000','2016-01-04 11:30:00.000000',333)
COMMIT
INSERT INTO STATECHART_TRANSITIONS_RAW_LOG VALUES(1,2,0,'2016-01-04 11:30:00.000000',333)
COMMIT
INSERT INTO STATECHART_STATES_RAW_LOG VALUES(1,0,'2016-01-04 11:30:00.000000','2016-01-04 11:45:00.000000',334)
COMMIT
INSERT INTO STATECHART_TRANSITIONS_RAW_LOG VALUES(1,2,0,'2016-01-04 11:45:00.000000',334)
COMMIT
INSERT INTO STATECHART_STATES_RAW_LOG VALUES(1,0,'2016-01-04 11:45:00.000000','2016-01-04 12:00:00.000000',335)
COMMIT
INSERT INTO STATECHART_TRANSITIONS_RAW_LOG VALUES(1,2,0,'2016-01-04 12:00:00.000000',335)
COMMIT
INSERT INTO STATECHART_STATES_RAW_LOG VALUES(1,0,'2016-01-04 12:00:00.000000','2016-01-04 12:15:00.000000',336)
COMMIT
INSERT INTO STATECHART_TRANSITIONS_RAW_LOG VALUES(1,2,0,'2016-01-04 12:15:00.000000',336)
COMMIT
INSERT INTO STATECHART_STATES_RAW_LOG VALUES(1,0,'2016-01-04 12:15:00.000000','2016-01-04 12:30:00.000000',337)
COMMIT
INSERT INTO STATECHART_TRANSITIONS_RAW_LOG VALUES(1,2,0,'2016-01-04 12:30:00.000000',337)
COMMIT
INSERT INTO STATECHART_STATES_RAW_LOG VALUES(1,0,'2016-01-04 12:30:00.000000','2016-01-04 12:45:00.000000',338)
COMMIT
INSERT INTO STATECHART_TRANSITIONS_RAW_LOG VALUES(1,2,0,'2016-01-04 12:45:00.000000',338)
COMMIT
INSERT INTO STATECHART_STATES_RAW_LOG VALUES(1,0,'2016-01-04 12:45:00.000000','2016-01-04 13:00:00.000000',339)
COMMIT
INSERT INTO STATECHART_TRANSITIONS_RAW_LOG VALUES(1,2,0,'2016-01-04 13:00:00.000000',339)
COMMIT
INSERT INTO STATECHART_STATES_RAW_LOG VALUES(1,0,'2016-01-04 13:00:00.000000','2016-01-04 13:15:00.000000',340)
COMMIT
INSERT INTO STATECHART_TRANSITIONS_RAW_LOG VALUES(1,2,0,'2016-01-04 13:15:00.000000',340)
COMMIT
INSERT INTO STATECHART_STATES_RAW_LOG VALUES(1,0,'2016-01-04 13:15:00.000000','2016-01-04 13:30:00.000000',341)
COMMIT
INSERT INTO STATECHART_TRANSITIONS_RAW_LOG VALUES(1,2,0,'2016-01-04 13:30:00.000000',341)
COMMIT
INSERT INTO STATECHART_STATES_RAW_LOG VALUES(1,0,'2016-01-04 13:30:00.000000','2016-01-04 13:45:00.000000',342)
COMMIT
INSERT INTO STATECHART_TRANSITIONS_RAW_LOG VALUES(1,2,0,'2016-01-04 13:45:00.000000',342)
COMMIT
INSERT INTO STATECHART_STATES_RAW_LOG VALUES(1,0,'2016-01-04 13:45:00.000000','2016-01-04 14:00:00.000000',343)
COMMIT
INSERT INTO STATECHART_TRANSITIONS_RAW_LOG VALUES(1,2,0,'2016-01-04 14:00:00.000000',343)
COMMIT
INSERT INTO STATECHART_STATES_RAW_LOG VALUES(1,0,'2016-01-04 14:00:00.000000','2016-01-04 14:15:00.000000',344)
COMMIT
INSERT INTO STATECHART_TRANSITIONS_RAW_LOG VALUES(1,2,0,'2016-01-04 14:15:00.000000',344)
COMMIT
INSERT INTO STATECHART_STATES_RAW_LOG VALUES(1,0,'2016-01-04 14:15:00.000000','2016-01-04 14:30:00.000000',345)
COMMIT
INSERT INTO STATECHART_TRANSITIONS_RAW_LOG VALUES(1,2,0,'2016-01-04 14:30:00.000000',345)
COMMIT
INSERT INTO STATECHART_STATES_RAW_LOG VALUES(1,0,'2016-01-04 14:30:00.000000','2016-01-04 14:45:00.000000',346)
COMMIT
INSERT INTO STATECHART_TRANSITIONS_RAW_LOG VALUES(1,2,0,'2016-01-04 14:45:00.000000',346)
COMMIT
INSERT INTO STATECHART_STATES_RAW_LOG VALUES(1,0,'2016-01-04 14:45:00.000000','2016-01-04 15:00:00.000000',347)
COMMIT
INSERT INTO STATECHART_TRANSITIONS_RAW_LOG VALUES(1,2,0,'2016-01-04 15:00:00.000000',347)
COMMIT
INSERT INTO STATECHART_STATES_RAW_LOG VALUES(1,0,'2016-01-04 15:00:00.000000','2016-01-04 15:15:00.000000',348)
COMMIT
INSERT INTO STATECHART_TRANSITIONS_RAW_LOG VALUES(1,2,0,'2016-01-04 15:15:00.000000',348)
COMMIT
INSERT INTO STATECHART_STATES_RAW_LOG VALUES(1,0,'2016-01-04 15:15:00.000000','2016-01-04 15:30:00.000000',349)
COMMIT
INSERT INTO STATECHART_TRANSITIONS_RAW_LOG VALUES(1,2,0,'2016-01-04 15:30:00.000000',349)
COMMIT
INSERT INTO STATECHART_STATES_RAW_LOG VALUES(1,0,'2016-01-04 15:30:00.000000','2016-01-04 15:45:00.000000',350)
COMMIT
INSERT INTO STATECHART_TRANSITIONS_RAW_LOG VALUES(1,2,0,'2016-01-04 15:45:00.000000',350)
COMMIT
INSERT INTO STATECHART_STATES_RAW_LOG VALUES(1,0,'2016-01-04 15:45:00.000000','2016-01-04 16:00:00.000000',351)
COMMIT
INSERT INTO STATECHART_TRANSITIONS_RAW_LOG VALUES(1,2,0,'2016-01-04 16:00:00.000000',351)
COMMIT
INSERT INTO STATECHART_STATES_RAW_LOG VALUES(1,0,'2016-01-04 16:00:00.000000','2016-01-04 16:15:00.000000',352)
COMMIT
INSERT INTO STATECHART_TRANSITIONS_RAW_LOG VALUES(1,2,0,'2016-01-04 16:15:00.000000',352)
COMMIT
INSERT INTO STATECHART_STATES_RAW_LOG VALUES(1,0,'2016-01-04 16:15:00.000000','2016-01-04 16:30:00.000000',353)
COMMIT
INSERT INTO STATECHART_TRANSITIONS_RAW_LOG VALUES(1,2,0,'2016-01-04 16:30:00.000000',353)
COMMIT
INSERT INTO STATECHART_STATES_RAW_LOG VALUES(1,0,'2016-01-04 16:30:00.000000','2016-01-04 16:45:00.000000',354)
COMMIT
INSERT INTO STATECHART_TRANSITIONS_RAW_LOG VALUES(1,2,0,'2016-01-04 16:45:00.000000',354)
COMMIT
INSERT INTO STATECHART_STATES_RAW_LOG VALUES(1,0,'2016-01-04 16:45:00.000000','2016-01-04 17:00:00.000000',355)
COMMIT
INSERT INTO STATECHART_TRANSITIONS_RAW_LOG VALUES(1,2,0,'2016-01-04 17:00:00.000000',355)
COMMIT
INSERT INTO STATECHART_STATES_RAW_LOG VALUES(1,0,'2016-01-04 17:00:00.000000','2016-01-04 17:15:00.000000',356)
COMMIT
INSERT INTO STATECHART_TRANSITIONS_RAW_LOG VALUES(1,2,0,'2016-01-04 17:15:00.000000',356)
COMMIT
INSERT INTO STATECHART_STATES_RAW_LOG VALUES(1,0,'2016-01-04 17:15:00.000000','2016-01-04 17:30:00.000000',357)
COMMIT
INSERT INTO STATECHART_TRANSITIONS_RAW_LOG VALUES(1,2,0,'2016-01-04 17:30:00.000000',357)
COMMIT
INSERT INTO STATECHART_STATES_RAW_LOG VALUES(1,0,'2016-01-04 17:30:00.000000','2016-01-04 17:45:00.000000',358)
COMMIT
INSERT INTO STATECHART_TRANSITIONS_RAW_LOG VALUES(1,2,0,'2016-01-04 17:45:00.000000',358)
COMMIT
INSERT INTO STATECHART_STATES_RAW_LOG VALUES(1,0,'2016-01-04 17:45:00.000000','2016-01-04 18:00:00.000000',359)
COMMIT
INSERT INTO STATECHART_TRANSITIONS_RAW_LOG VALUES(1,2,0,'2016-01-04 18:00:00.000000',359)
COMMIT
INSERT INTO STATECHART_STATES_RAW_LOG VALUES(1,0,'2016-01-04 18:00:00.000000','2016-01-04 18:15:00.000000',360)
COMMIT
INSERT INTO STATECHART_TRANSITIONS_RAW_LOG VALUES(1,2,0,'2016-01-04 18:15:00.000000',360)
COMMIT
INSERT INTO STATECHART_STATES_RAW_LOG VALUES(1,0,'2016-01-04 18:15:00.000000','2016-01-04 18:30:00.000000',361)
COMMIT
INSERT INTO STATECHART_TRANSITIONS_RAW_LOG VALUES(1,2,0,'2016-01-04 18:30:00.000000',361)
COMMIT
INSERT INTO STATECHART_STATES_RAW_LOG VALUES(1,0,'2016-01-04 18:30:00.000000','2016-01-04 18:45:00.000000',362)
COMMIT
INSERT INTO STATECHART_TRANSITIONS_RAW_LOG VALUES(1,2,0,'2016-01-04 18:45:00.000000',362)
COMMIT
INSERT INTO STATECHART_STATES_RAW_LOG VALUES(1,0,'2016-01-04 18:45:00.000000','2016-01-04 19:00:00.000000',363)
COMMIT
INSERT INTO STATECHART_TRANSITIONS_RAW_LOG VALUES(1,2,0,'2016-01-04 19:00:00.000000',363)
COMMIT
INSERT INTO STATECHART_STATES_RAW_LOG VALUES(1,0,'2016-01-04 19:00:00.000000','2016-01-04 19:15:00.000000',364)
COMMIT
INSERT INTO STATECHART_TRANSITIONS_RAW_LOG VALUES(1,2,0,'2016-01-04 19:15:00.000000',364)
COMMIT
INSERT INTO STATECHART_STATES_RAW_LOG VALUES(1,0,'2016-01-04 19:15:00.000000','2016-01-04 19:30:00.000000',365)
COMMIT
INSERT INTO STATECHART_TRANSITIONS_RAW_LOG VALUES(1,2,0,'2016-01-04 19:30:00.000000',365)
COMMIT
INSERT INTO STATECHART_STATES_RAW_LOG VALUES(1,0,'2016-01-04 19:30:00.000000','2016-01-04 19:45:00.000000',366)
COMMIT
INSERT INTO STATECHART_TRANSITIONS_RAW_LOG VALUES(1,2,0,'2016-01-04 19:45:00.000000',366)
COMMIT
INSERT INTO STATECHART_STATES_RAW_LOG VALUES(1,0,'2016-01-04 19:45:00.000000','2016-01-04 20:00:00.000000',367)
COMMIT
INSERT INTO STATECHART_TRANSITIONS_RAW_LOG VALUES(1,2,0,'2016-01-04 20:00:00.000000',367)
COMMIT
INSERT INTO STATECHART_STATES_RAW_LOG VALUES(1,0,'2016-01-04 20:00:00.000000','2016-01-04 20:15:00.000000',368)
COMMIT
INSERT INTO STATECHART_TRANSITIONS_RAW_LOG VALUES(1,2,0,'2016-01-04 20:15:00.000000',368)
COMMIT
INSERT INTO STATECHART_STATES_RAW_LOG VALUES(1,0,'2016-01-04 20:15:00.000000','2016-01-04 20:30:00.000000',369)
COMMIT
INSERT INTO STATECHART_TRANSITIONS_RAW_LOG VALUES(1,2,0,'2016-01-04 20:30:00.000000',369)
COMMIT
INSERT INTO STATECHART_STATES_RAW_LOG VALUES(1,0,'2016-01-04 20:30:00.000000','2016-01-04 20:45:00.000000',370)
COMMIT
INSERT INTO STATECHART_TRANSITIONS_RAW_LOG VALUES(1,2,0,'2016-01-04 20:45:00.000000',370)
COMMIT
INSERT INTO STATECHART_STATES_RAW_LOG VALUES(1,0,'2016-01-04 20:45:00.000000','2016-01-04 21:00:00.000000',371)
COMMIT
INSERT INTO STATECHART_TRANSITIONS_RAW_LOG VALUES(1,2,0,'2016-01-04 21:00:00.000000',371)
COMMIT
INSERT INTO STATECHART_STATES_RAW_LOG VALUES(1,0,'2016-01-04 21:00:00.000000','2016-01-04 21:15:00.000000',372)
COMMIT
INSERT INTO STATECHART_TRANSITIONS_RAW_LOG VALUES(1,2,0,'2016-01-04 21:15:00.000000',372)
COMMIT
INSERT INTO STATECHART_STATES_RAW_LOG VALUES(1,0,'2016-01-04 21:15:00.000000','2016-01-04 21:30:00.000000',373)
COMMIT
INSERT INTO STATECHART_TRANSITIONS_RAW_LOG VALUES(1,2,0,'2016-01-04 21:30:00.000000',373)
COMMIT
INSERT INTO STATECHART_STATES_RAW_LOG VALUES(1,0,'2016-01-04 21:30:00.000000','2016-01-04 21:45:00.000000',374)
COMMIT
INSERT INTO STATECHART_TRANSITIONS_RAW_LOG VALUES(1,2,0,'2016-01-04 21:45:00.000000',374)
COMMIT
INSERT INTO STATECHART_STATES_RAW_LOG VALUES(1,0,'2016-01-04 21:45:00.000000','2016-01-04 22:00:00.000000',375)
COMMIT
INSERT INTO STATECHART_TRANSITIONS_RAW_LOG VALUES(1,2,0,'2016-01-04 22:00:00.000000',375)
COMMIT
INSERT INTO STATECHART_STATES_RAW_LOG VALUES(1,0,'2016-01-04 22:00:00.000000','2016-01-04 22:15:00.000000',376)
COMMIT
INSERT INTO STATECHART_TRANSITIONS_RAW_LOG VALUES(1,2,0,'2016-01-04 22:15:00.000000',376)
COMMIT
INSERT INTO STATECHART_STATES_RAW_LOG VALUES(1,0,'2016-01-04 22:15:00.000000','2016-01-04 22:30:00.000000',377)
COMMIT
INSERT INTO STATECHART_TRANSITIONS_RAW_LOG VALUES(1,2,0,'2016-01-04 22:30:00.000000',377)
COMMIT
INSERT INTO STATECHART_STATES_RAW_LOG VALUES(1,0,'2016-01-04 22:30:00.000000','2016-01-04 22:45:00.000000',378)
COMMIT
INSERT INTO STATECHART_TRANSITIONS_RAW_LOG VALUES(1,2,0,'2016-01-04 22:45:00.000000',378)
COMMIT
INSERT INTO STATECHART_STATES_RAW_LOG VALUES(1,0,'2016-01-04 22:45:00.000000','2016-01-04 23:00:00.000000',379)
COMMIT
INSERT INTO STATECHART_TRANSITIONS_RAW_LOG VALUES(1,2,0,'2016-01-04 23:00:00.000000',379)
COMMIT
INSERT INTO STATECHART_STATES_RAW_LOG VALUES(1,0,'2016-01-04 23:00:00.000000','2016-01-04 23:15:00.000000',380)
COMMIT
INSERT INTO STATECHART_TRANSITIONS_RAW_LOG VALUES(1,2,0,'2016-01-04 23:15:00.000000',380)
COMMIT
INSERT INTO STATECHART_STATES_RAW_LOG VALUES(1,0,'2016-01-04 23:15:00.000000','2016-01-04 23:30:00.000000',381)
COMMIT
INSERT INTO STATECHART_TRANSITIONS_RAW_LOG VALUES(1,2,0,'2016-01-04 23:30:00.000000',381)
COMMIT
INSERT INTO STATECHART_STATES_RAW_LOG VALUES(1,0,'2016-01-04 23:30:00.000000','2016-01-04 23:45:00.000000',382)
COMMIT
INSERT INTO STATECHART_TRANSITIONS_RAW_LOG VALUES(1,2,0,'2016-01-04 23:45:00.000000',382)
COMMIT
INSERT INTO STATECHART_STATES_RAW_LOG VALUES(1,0,'2016-01-04 23:45:00.000000','2016-01-05 00:00:00.000000',383)
COMMIT
INSERT INTO STATECHART_TRANSITIONS_RAW_LOG VALUES(1,2,0,'2016-01-05 00:00:00.000000',383)
COMMIT
INSERT INTO STATECHART_STATES_RAW_LOG VALUES(1,0,'2016-01-05 00:00:00.000000','2016-01-05 00:15:00.000000',384)
COMMIT
INSERT INTO STATECHART_TRANSITIONS_RAW_LOG VALUES(1,2,0,'2016-01-05 00:15:00.000000',384)
COMMIT
INSERT INTO STATECHART_STATES_RAW_LOG VALUES(1,0,'2016-01-05 00:15:00.000000','2016-01-05 00:30:00.000000',385)
COMMIT
INSERT INTO STATECHART_TRANSITIONS_RAW_LOG VALUES(1,2,0,'2016-01-05 00:30:00.000000',385)
COMMIT
INSERT INTO STATECHART_STATES_RAW_LOG VALUES(1,0,'2016-01-05 00:30:00.000000','2016-01-05 00:45:00.000000',386)
COMMIT
INSERT INTO STATECHART_TRANSITIONS_RAW_LOG VALUES(1,2,0,'2016-01-05 00:45:00.000000',386)
COMMIT
INSERT INTO STATECHART_STATES_RAW_LOG VALUES(1,0,'2016-01-05 00:45:00.000000','2016-01-05 01:00:00.000000',387)
COMMIT
INSERT INTO STATECHART_TRANSITIONS_RAW_LOG VALUES(1,2,0,'2016-01-05 01:00:00.000000',387)
COMMIT
INSERT INTO STATECHART_STATES_RAW_LOG VALUES(1,0,'2016-01-05 01:00:00.000000','2016-01-05 01:15:00.000000',388)
COMMIT
INSERT INTO STATECHART_TRANSITIONS_RAW_LOG VALUES(1,2,0,'2016-01-05 01:15:00.000000',388)
COMMIT
INSERT INTO STATECHART_STATES_RAW_LOG VALUES(1,0,'2016-01-05 01:15:00.000000','2016-01-05 01:30:00.000000',389)
COMMIT
INSERT INTO STATECHART_TRANSITIONS_RAW_LOG VALUES(1,2,0,'2016-01-05 01:30:00.000000',389)
COMMIT
INSERT INTO STATECHART_STATES_RAW_LOG VALUES(1,0,'2016-01-05 01:30:00.000000','2016-01-05 01:45:00.000000',390)
COMMIT
INSERT INTO STATECHART_TRANSITIONS_RAW_LOG VALUES(1,2,0,'2016-01-05 01:45:00.000000',390)
COMMIT
INSERT INTO STATECHART_STATES_RAW_LOG VALUES(1,0,'2016-01-05 01:45:00.000000','2016-01-05 02:00:00.000000',391)
COMMIT
INSERT INTO STATECHART_TRANSITIONS_RAW_LOG VALUES(1,2,0,'2016-01-05 02:00:00.000000',391)
COMMIT
INSERT INTO STATECHART_STATES_RAW_LOG VALUES(1,0,'2016-01-05 02:00:00.000000','2016-01-05 02:15:00.000000',392)
COMMIT
INSERT INTO STATECHART_TRANSITIONS_RAW_LOG VALUES(1,2,0,'2016-01-05 02:15:00.000000',392)
COMMIT
INSERT INTO STATECHART_STATES_RAW_LOG VALUES(1,0,'2016-01-05 02:15:00.000000','2016-01-05 02:30:00.000000',393)
COMMIT
INSERT INTO STATECHART_TRANSITIONS_RAW_LOG VALUES(1,2,0,'2016-01-05 02:30:00.000000',393)
COMMIT
INSERT INTO STATECHART_STATES_RAW_LOG VALUES(1,0,'2016-01-05 02:30:00.000000','2016-01-05 02:45:00.000000',394)
COMMIT
INSERT INTO STATECHART_TRANSITIONS_RAW_LOG VALUES(1,2,0,'2016-01-05 02:45:00.000000',394)
COMMIT
INSERT INTO STATECHART_STATES_RAW_LOG VALUES(1,0,'2016-01-05 02:45:00.000000','2016-01-05 03:00:00.000000',395)
COMMIT
INSERT INTO STATECHART_TRANSITIONS_RAW_LOG VALUES(1,2,0,'2016-01-05 03:00:00.000000',395)
COMMIT
INSERT INTO STATECHART_STATES_RAW_LOG VALUES(1,0,'2016-01-05 03:00:00.000000','2016-01-05 03:15:00.000000',396)
COMMIT
INSERT INTO STATECHART_TRANSITIONS_RAW_LOG VALUES(1,2,0,'2016-01-05 03:15:00.000000',396)
COMMIT
INSERT INTO STATECHART_STATES_RAW_LOG VALUES(1,0,'2016-01-05 03:15:00.000000','2016-01-05 03:30:00.000000',397)
COMMIT
INSERT INTO STATECHART_TRANSITIONS_RAW_LOG VALUES(1,2,0,'2016-01-05 03:30:00.000000',397)
COMMIT
INSERT INTO STATECHART_STATES_RAW_LOG VALUES(1,0,'2016-01-05 03:30:00.000000','2016-01-05 03:45:00.000000',398)
COMMIT
INSERT INTO STATECHART_TRANSITIONS_RAW_LOG VALUES(1,2,0,'2016-01-05 03:45:00.000000',398)
COMMIT
INSERT INTO STATECHART_STATES_RAW_LOG VALUES(1,0,'2016-01-05 03:45:00.000000','2016-01-05 04:00:00.000000',399)
COMMIT
INSERT INTO STATECHART_TRANSITIONS_RAW_LOG VALUES(1,2,0,'2016-01-05 04:00:00.000000',399)
COMMIT
INSERT INTO STATECHART_STATES_RAW_LOG VALUES(1,0,'2016-01-05 04:00:00.000000','2016-01-05 04:15:00.000000',400)
COMMIT
INSERT INTO STATECHART_TRANSITIONS_RAW_LOG VALUES(1,2,0,'2016-01-05 04:15:00.000000',400)
COMMIT
INSERT INTO STATECHART_STATES_RAW_LOG VALUES(1,0,'2016-01-05 04:15:00.000000','2016-01-05 04:30:00.000000',401)
COMMIT
INSERT INTO STATECHART_TRANSITIONS_RAW_LOG VALUES(1,2,0,'2016-01-05 04:30:00.000000',401)
COMMIT
INSERT INTO STATECHART_STATES_RAW_LOG VALUES(1,0,'2016-01-05 04:30:00.000000','2016-01-05 04:45:00.000000',402)
COMMIT
INSERT INTO STATECHART_TRANSITIONS_RAW_LOG VALUES(1,2,0,'2016-01-05 04:45:00.000000',402)
COMMIT
INSERT INTO STATECHART_STATES_RAW_LOG VALUES(1,0,'2016-01-05 04:45:00.000000','2016-01-05 05:00:00.000000',403)
COMMIT
INSERT INTO STATECHART_TRANSITIONS_RAW_LOG VALUES(1,2,0,'2016-01-05 05:00:00.000000',403)
COMMIT
INSERT INTO STATECHART_STATES_RAW_LOG VALUES(1,0,'2016-01-05 05:00:00.000000','2016-01-05 05:15:00.000000',404)
COMMIT
INSERT INTO STATECHART_TRANSITIONS_RAW_LOG VALUES(1,2,0,'2016-01-05 05:15:00.000000',404)
COMMIT
INSERT INTO STATECHART_STATES_RAW_LOG VALUES(1,0,'2016-01-05 05:15:00.000000','2016-01-05 05:30:00.000000',405)
COMMIT
INSERT INTO STATECHART_TRANSITIONS_RAW_LOG VALUES(1,2,0,'2016-01-05 05:30:00.000000',405)
COMMIT
INSERT INTO STATECHART_STATES_RAW_LOG VALUES(1,0,'2016-01-05 05:30:00.000000','2016-01-05 05:45:00.000000',406)
COMMIT
INSERT INTO STATECHART_TRANSITIONS_RAW_LOG VALUES(1,2,0,'2016-01-05 05:45:00.000000',406)
COMMIT
INSERT INTO STATECHART_STATES_RAW_LOG VALUES(1,0,'2016-01-05 05:45:00.000000','2016-01-05 06:00:00.000000',407)
COMMIT
INSERT INTO STATECHART_TRANSITIONS_RAW_LOG VALUES(1,2,0,'2016-01-05 06:00:00.000000',407)
COMMIT
INSERT INTO STATECHART_STATES_RAW_LOG VALUES(1,0,'2016-01-05 06:00:00.000000','2016-01-05 06:15:00.000000',408)
COMMIT
INSERT INTO STATECHART_TRANSITIONS_RAW_LOG VALUES(1,2,0,'2016-01-05 06:15:00.000000',408)
COMMIT
INSERT INTO STATECHART_STATES_RAW_LOG VALUES(1,0,'2016-01-05 06:15:00.000000','2016-01-05 06:30:00.000000',409)
COMMIT
INSERT INTO STATECHART_TRANSITIONS_RAW_LOG VALUES(1,2,0,'2016-01-05 06:30:00.000000',409)
COMMIT
INSERT INTO STATECHART_STATES_RAW_LOG VALUES(1,0,'2016-01-05 06:30:00.000000','2016-01-05 06:45:00.000000',410)
COMMIT
INSERT INTO STATECHART_TRANSITIONS_RAW_LOG VALUES(1,2,0,'2016-01-05 06:45:00.000000',410)
COMMIT
INSERT INTO STATECHART_STATES_RAW_LOG VALUES(1,0,'2016-01-05 06:45:00.000000','2016-01-05 07:00:00.000000',411)
COMMIT
INSERT INTO STATECHART_TRANSITIONS_RAW_LOG VALUES(1,2,0,'2016-01-05 07:00:00.000000',411)
COMMIT
INSERT INTO STATECHART_STATES_RAW_LOG VALUES(1,0,'2016-01-05 07:00:00.000000','2016-01-05 07:15:00.000000',412)
COMMIT
INSERT INTO STATECHART_TRANSITIONS_RAW_LOG VALUES(1,2,0,'2016-01-05 07:15:00.000000',412)
COMMIT
INSERT INTO STATECHART_STATES_RAW_LOG VALUES(1,0,'2016-01-05 07:15:00.000000','2016-01-05 07:30:00.000000',413)
COMMIT
INSERT INTO STATECHART_TRANSITIONS_RAW_LOG VALUES(1,2,0,'2016-01-05 07:30:00.000000',413)
COMMIT
INSERT INTO STATECHART_STATES_RAW_LOG VALUES(1,0,'2016-01-05 07:30:00.000000','2016-01-05 07:45:00.000000',414)
COMMIT
INSERT INTO STATECHART_TRANSITIONS_RAW_LOG VALUES(1,2,0,'2016-01-05 07:45:00.000000',414)
COMMIT
INSERT INTO STATECHART_STATES_RAW_LOG VALUES(1,0,'2016-01-05 07:45:00.000000','2016-01-05 08:00:00.000000',415)
COMMIT
INSERT INTO STATECHART_TRANSITIONS_RAW_LOG VALUES(1,2,0,'2016-01-05 08:00:00.000000',415)
COMMIT
INSERT INTO STATECHART_STATES_RAW_LOG VALUES(1,0,'2016-01-05 08:00:00.000000','2016-01-05 08:15:00.000000',416)
COMMIT
INSERT INTO STATECHART_TRANSITIONS_RAW_LOG VALUES(1,2,0,'2016-01-05 08:15:00.000000',416)
COMMIT
INSERT INTO STATECHART_STATES_RAW_LOG VALUES(1,0,'2016-01-05 08:15:00.000000','2016-01-05 08:30:00.000000',417)
COMMIT
INSERT INTO STATECHART_TRANSITIONS_RAW_LOG VALUES(1,2,0,'2016-01-05 08:30:00.000000',417)
COMMIT
INSERT INTO STATECHART_STATES_RAW_LOG VALUES(1,0,'2016-01-05 08:30:00.000000','2016-01-05 08:45:00.000000',418)
COMMIT
INSERT INTO STATECHART_TRANSITIONS_RAW_LOG VALUES(1,2,0,'2016-01-05 08:45:00.000000',418)
COMMIT
INSERT INTO STATECHART_STATES_RAW_LOG VALUES(1,0,'2016-01-05 08:45:00.000000','2016-01-05 09:00:00.000000',419)
COMMIT
INSERT INTO STATECHART_TRANSITIONS_RAW_LOG VALUES(1,2,0,'2016-01-05 09:00:00.000000',419)
COMMIT
INSERT INTO STATECHART_STATES_RAW_LOG VALUES(1,0,'2016-01-05 09:00:00.000000','2016-01-05 09:15:00.000000',420)
COMMIT
INSERT INTO STATECHART_TRANSITIONS_RAW_LOG VALUES(1,2,0,'2016-01-05 09:15:00.000000',420)
COMMIT
INSERT INTO STATECHART_STATES_RAW_LOG VALUES(1,0,'2016-01-05 09:15:00.000000','2016-01-05 09:30:00.000000',421)
COMMIT
INSERT INTO STATECHART_TRANSITIONS_RAW_LOG VALUES(1,2,0,'2016-01-05 09:30:00.000000',421)
COMMIT
INSERT INTO STATECHART_STATES_RAW_LOG VALUES(1,0,'2016-01-05 09:30:00.000000','2016-01-05 09:45:00.000000',422)
COMMIT
INSERT INTO STATECHART_TRANSITIONS_RAW_LOG VALUES(1,2,0,'2016-01-05 09:45:00.000000',422)
COMMIT
INSERT INTO STATECHART_STATES_RAW_LOG VALUES(1,0,'2016-01-05 09:45:00.000000','2016-01-05 10:00:00.000000',423)
COMMIT
INSERT INTO STATECHART_TRANSITIONS_RAW_LOG VALUES(1,2,0,'2016-01-05 10:00:00.000000',423)
COMMIT
INSERT INTO STATECHART_STATES_RAW_LOG VALUES(1,0,'2016-01-05 10:00:00.000000','2016-01-05 10:15:00.000000',424)
COMMIT
INSERT INTO STATECHART_TRANSITIONS_RAW_LOG VALUES(1,2,0,'2016-01-05 10:15:00.000000',424)
COMMIT
INSERT INTO STATECHART_STATES_RAW_LOG VALUES(1,0,'2016-01-05 10:15:00.000000','2016-01-05 10:30:00.000000',425)
COMMIT
INSERT INTO STATECHART_TRANSITIONS_RAW_LOG VALUES(1,2,0,'2016-01-05 10:30:00.000000',425)
COMMIT
INSERT INTO STATECHART_STATES_RAW_LOG VALUES(1,0,'2016-01-05 10:30:00.000000','2016-01-05 10:45:00.000000',426)
COMMIT
INSERT INTO STATECHART_TRANSITIONS_RAW_LOG VALUES(1,2,0,'2016-01-05 10:45:00.000000',426)
COMMIT
INSERT INTO STATECHART_STATES_RAW_LOG VALUES(1,0,'2016-01-05 10:45:00.000000','2016-01-05 11:00:00.000000',427)
COMMIT
INSERT INTO STATECHART_TRANSITIONS_RAW_LOG VALUES(1,2,0,'2016-01-05 11:00:00.000000',427)
COMMIT
INSERT INTO STATECHART_STATES_RAW_LOG VALUES(1,0,'2016-01-05 11:00:00.000000','2016-01-05 11:15:00.000000',428)
COMMIT
INSERT INTO STATECHART_TRANSITIONS_RAW_LOG VALUES(1,2,0,'2016-01-05 11:15:00.000000',428)
COMMIT
INSERT INTO STATECHART_STATES_RAW_LOG VALUES(1,0,'2016-01-05 11:15:00.000000','2016-01-05 11:30:00.000000',429)
COMMIT
INSERT INTO STATECHART_TRANSITIONS_RAW_LOG VALUES(1,2,0,'2016-01-05 11:30:00.000000',429)
COMMIT
INSERT INTO STATECHART_STATES_RAW_LOG VALUES(1,0,'2016-01-05 11:30:00.000000','2016-01-05 11:45:00.000000',430)
COMMIT
INSERT INTO STATECHART_TRANSITIONS_RAW_LOG VALUES(1,2,0,'2016-01-05 11:45:00.000000',430)
COMMIT
INSERT INTO STATECHART_STATES_RAW_LOG VALUES(1,0,'2016-01-05 11:45:00.000000','2016-01-05 12:00:00.000000',431)
COMMIT
INSERT INTO STATECHART_TRANSITIONS_RAW_LOG VALUES(1,2,0,'2016-01-05 12:00:00.000000',431)
COMMIT
INSERT INTO STATECHART_STATES_RAW_LOG VALUES(1,0,'2016-01-05 12:00:00.000000','2016-01-05 12:15:00.000000',432)
COMMIT
INSERT INTO STATECHART_TRANSITIONS_RAW_LOG VALUES(1,2,0,'2016-01-05 12:15:00.000000',432)
COMMIT
INSERT INTO STATECHART_STATES_RAW_LOG VALUES(1,0,'2016-01-05 12:15:00.000000','2016-01-05 12:30:00.000000',433)
COMMIT
INSERT INTO STATECHART_TRANSITIONS_RAW_LOG VALUES(1,2,0,'2016-01-05 12:30:00.000000',433)
COMMIT
INSERT INTO STATECHART_STATES_RAW_LOG VALUES(1,0,'2016-01-05 12:30:00.000000','2016-01-05 12:45:00.000000',434)
COMMIT
INSERT INTO STATECHART_TRANSITIONS_RAW_LOG VALUES(1,2,0,'2016-01-05 12:45:00.000000',434)
COMMIT
INSERT INTO STATECHART_STATES_RAW_LOG VALUES(1,0,'2016-01-05 12:45:00.000000','2016-01-05 13:00:00.000000',435)
COMMIT
INSERT INTO STATECHART_TRANSITIONS_RAW_LOG VALUES(1,2,0,'2016-01-05 13:00:00.000000',435)
COMMIT
INSERT INTO STATECHART_STATES_RAW_LOG VALUES(1,0,'2016-01-05 13:00:00.000000','2016-01-05 13:15:00.000000',436)
COMMIT
INSERT INTO STATECHART_TRANSITIONS_RAW_LOG VALUES(1,2,0,'2016-01-05 13:15:00.000000',436)
COMMIT
INSERT INTO STATECHART_STATES_RAW_LOG VALUES(1,0,'2016-01-05 13:15:00.000000','2016-01-05 13:30:00.000000',437)
COMMIT
INSERT INTO STATECHART_TRANSITIONS_RAW_LOG VALUES(1,2,0,'2016-01-05 13:30:00.000000',437)
COMMIT
INSERT INTO STATECHART_STATES_RAW_LOG VALUES(1,0,'2016-01-05 13:30:00.000000','2016-01-05 13:45:00.000000',438)
COMMIT
INSERT INTO STATECHART_TRANSITIONS_RAW_LOG VALUES(1,2,0,'2016-01-05 13:45:00.000000',438)
COMMIT
INSERT INTO STATECHART_STATES_RAW_LOG VALUES(1,0,'2016-01-05 13:45:00.000000','2016-01-05 14:00:00.000000',439)
COMMIT
INSERT INTO STATECHART_TRANSITIONS_RAW_LOG VALUES(1,2,0,'2016-01-05 14:00:00.000000',439)
COMMIT
INSERT INTO STATECHART_STATES_RAW_LOG VALUES(1,0,'2016-01-05 14:00:00.000000','2016-01-05 14:15:00.000000',440)
COMMIT
INSERT INTO STATECHART_TRANSITIONS_RAW_LOG VALUES(1,2,0,'2016-01-05 14:15:00.000000',440)
COMMIT
INSERT INTO STATECHART_STATES_RAW_LOG VALUES(1,0,'2016-01-05 14:15:00.000000','2016-01-05 14:30:00.000000',441)
COMMIT
INSERT INTO STATECHART_TRANSITIONS_RAW_LOG VALUES(1,2,0,'2016-01-05 14:30:00.000000',441)
COMMIT
INSERT INTO STATECHART_STATES_RAW_LOG VALUES(1,0,'2016-01-05 14:30:00.000000','2016-01-05 14:45:00.000000',442)
COMMIT
INSERT INTO STATECHART_TRANSITIONS_RAW_LOG VALUES(1,2,0,'2016-01-05 14:45:00.000000',442)
COMMIT
INSERT INTO STATECHART_STATES_RAW_LOG VALUES(1,0,'2016-01-05 14:45:00.000000','2016-01-05 15:00:00.000000',443)
COMMIT
INSERT INTO STATECHART_TRANSITIONS_RAW_LOG VALUES(1,2,0,'2016-01-05 15:00:00.000000',443)
COMMIT
INSERT INTO STATECHART_STATES_RAW_LOG VALUES(1,0,'2016-01-05 15:00:00.000000','2016-01-05 15:15:00.000000',444)
COMMIT
INSERT INTO STATECHART_TRANSITIONS_RAW_LOG VALUES(1,2,0,'2016-01-05 15:15:00.000000',444)
COMMIT
INSERT INTO STATECHART_STATES_RAW_LOG VALUES(1,0,'2016-01-05 15:15:00.000000','2016-01-05 15:30:00.000000',445)
COMMIT
INSERT INTO STATECHART_TRANSITIONS_RAW_LOG VALUES(1,2,0,'2016-01-05 15:30:00.000000',445)
COMMIT
INSERT INTO STATECHART_STATES_RAW_LOG VALUES(1,0,'2016-01-05 15:30:00.000000','2016-01-05 15:45:00.000000',446)
COMMIT
INSERT INTO STATECHART_TRANSITIONS_RAW_LOG VALUES(1,2,0,'2016-01-05 15:45:00.000000',446)
COMMIT
INSERT INTO STATECHART_STATES_RAW_LOG VALUES(1,0,'2016-01-05 15:45:00.000000','2016-01-05 16:00:00.000000',447)
COMMIT
INSERT INTO STATECHART_TRANSITIONS_RAW_LOG VALUES(1,2,0,'2016-01-05 16:00:00.000000',447)
COMMIT
INSERT INTO STATECHART_STATES_RAW_LOG VALUES(1,0,'2016-01-05 16:00:00.000000','2016-01-05 16:15:00.000000',448)
COMMIT
INSERT INTO STATECHART_TRANSITIONS_RAW_LOG VALUES(1,2,0,'2016-01-05 16:15:00.000000',448)
COMMIT
INSERT INTO STATECHART_STATES_RAW_LOG VALUES(1,0,'2016-01-05 16:15:00.000000','2016-01-05 16:30:00.000000',449)
COMMIT
INSERT INTO STATECHART_TRANSITIONS_RAW_LOG VALUES(1,2,0,'2016-01-05 16:30:00.000000',449)
COMMIT
INSERT INTO STATECHART_STATES_RAW_LOG VALUES(1,0,'2016-01-05 16:30:00.000000','2016-01-05 16:45:00.000000',450)
COMMIT
INSERT INTO STATECHART_TRANSITIONS_RAW_LOG VALUES(1,2,0,'2016-01-05 16:45:00.000000',450)
COMMIT
INSERT INTO STATECHART_STATES_RAW_LOG VALUES(1,0,'2016-01-05 16:45:00.000000','2016-01-05 17:00:00.000000',451)
COMMIT
INSERT INTO STATECHART_TRANSITIONS_RAW_LOG VALUES(1,2,0,'2016-01-05 17:00:00.000000',451)
COMMIT
INSERT INTO STATECHART_STATES_RAW_LOG VALUES(1,0,'2016-01-05 17:00:00.000000','2016-01-05 17:15:00.000000',452)
COMMIT
INSERT INTO STATECHART_TRANSITIONS_RAW_LOG VALUES(1,2,0,'2016-01-05 17:15:00.000000',452)
COMMIT
INSERT INTO STATECHART_STATES_RAW_LOG VALUES(1,0,'2016-01-05 17:15:00.000000','2016-01-05 17:30:00.000000',453)
COMMIT
INSERT INTO STATECHART_TRANSITIONS_RAW_LOG VALUES(1,2,0,'2016-01-05 17:30:00.000000',453)
COMMIT
INSERT INTO STATECHART_STATES_RAW_LOG VALUES(1,0,'2016-01-05 17:30:00.000000','2016-01-05 17:45:00.000000',454)
COMMIT
INSERT INTO STATECHART_TRANSITIONS_RAW_LOG VALUES(1,2,0,'2016-01-05 17:45:00.000000',454)
COMMIT
INSERT INTO STATECHART_STATES_RAW_LOG VALUES(1,0,'2016-01-05 17:45:00.000000','2016-01-05 18:00:00.000000',455)
COMMIT
INSERT INTO STATECHART_TRANSITIONS_RAW_LOG VALUES(1,2,0,'2016-01-05 18:00:00.000000',455)
COMMIT
INSERT INTO STATECHART_STATES_RAW_LOG VALUES(1,0,'2016-01-05 18:00:00.000000','2016-01-05 18:15:00.000000',456)
COMMIT
INSERT INTO STATECHART_TRANSITIONS_RAW_LOG VALUES(1,2,0,'2016-01-05 18:15:00.000000',456)
COMMIT
INSERT INTO STATECHART_STATES_RAW_LOG VALUES(1,0,'2016-01-05 18:15:00.000000','2016-01-05 18:30:00.000000',457)
COMMIT
INSERT INTO STATECHART_TRANSITIONS_RAW_LOG VALUES(1,2,0,'2016-01-05 18:30:00.000000',457)
COMMIT
INSERT INTO STATECHART_STATES_RAW_LOG VALUES(1,0,'2016-01-05 18:30:00.000000','2016-01-05 18:45:00.000000',458)
COMMIT
INSERT INTO STATECHART_TRANSITIONS_RAW_LOG VALUES(1,2,0,'2016-01-05 18:45:00.000000',458)
COMMIT
INSERT INTO STATECHART_STATES_RAW_LOG VALUES(1,0,'2016-01-05 18:45:00.000000','2016-01-05 19:00:00.000000',459)
COMMIT
INSERT INTO STATECHART_TRANSITIONS_RAW_LOG VALUES(1,2,0,'2016-01-05 19:00:00.000000',459)
COMMIT
INSERT INTO STATECHART_STATES_RAW_LOG VALUES(1,0,'2016-01-05 19:00:00.000000','2016-01-05 19:15:00.000000',460)
COMMIT
INSERT INTO STATECHART_TRANSITIONS_RAW_LOG VALUES(1,2,0,'2016-01-05 19:15:00.000000',460)
COMMIT
INSERT INTO STATECHART_STATES_RAW_LOG VALUES(1,0,'2016-01-05 19:15:00.000000','2016-01-05 19:30:00.000000',461)
COMMIT
INSERT INTO STATECHART_TRANSITIONS_RAW_LOG VALUES(1,2,0,'2016-01-05 19:30:00.000000',461)
COMMIT
INSERT INTO STATECHART_STATES_RAW_LOG VALUES(1,0,'2016-01-05 19:30:00.000000','2016-01-05 19:45:00.000000',462)
COMMIT
INSERT INTO STATECHART_TRANSITIONS_RAW_LOG VALUES(1,2,0,'2016-01-05 19:45:00.000000',462)
COMMIT
INSERT INTO STATECHART_STATES_RAW_LOG VALUES(1,0,'2016-01-05 19:45:00.000000','2016-01-05 20:00:00.000000',463)
COMMIT
INSERT INTO STATECHART_TRANSITIONS_RAW_LOG VALUES(1,2,0,'2016-01-05 20:00:00.000000',463)
COMMIT
INSERT INTO STATECHART_STATES_RAW_LOG VALUES(1,0,'2016-01-05 20:00:00.000000','2016-01-05 20:15:00.000000',464)
COMMIT
INSERT INTO STATECHART_TRANSITIONS_RAW_LOG VALUES(1,2,0,'2016-01-05 20:15:00.000000',464)
COMMIT
INSERT INTO STATECHART_STATES_RAW_LOG VALUES(1,0,'2016-01-05 20:15:00.000000','2016-01-05 20:30:00.000000',465)
COMMIT
INSERT INTO STATECHART_TRANSITIONS_RAW_LOG VALUES(1,2,0,'2016-01-05 20:30:00.000000',465)
COMMIT
INSERT INTO STATECHART_STATES_RAW_LOG VALUES(1,0,'2016-01-05 20:30:00.000000','2016-01-05 20:45:00.000000',466)
COMMIT
INSERT INTO STATECHART_TRANSITIONS_RAW_LOG VALUES(1,2,0,'2016-01-05 20:45:00.000000',466)
COMMIT
INSERT INTO STATECHART_STATES_RAW_LOG VALUES(1,0,'2016-01-05 20:45:00.000000','2016-01-05 21:00:00.000000',467)
COMMIT
INSERT INTO STATECHART_TRANSITIONS_RAW_LOG VALUES(1,2,0,'2016-01-05 21:00:00.000000',467)
COMMIT
INSERT INTO STATECHART_STATES_RAW_LOG VALUES(1,0,'2016-01-05 21:00:00.000000','2016-01-05 21:15:00.000000',468)
COMMIT
INSERT INTO STATECHART_TRANSITIONS_RAW_LOG VALUES(1,2,0,'2016-01-05 21:15:00.000000',468)
COMMIT
INSERT INTO STATECHART_STATES_RAW_LOG VALUES(1,0,'2016-01-05 21:15:00.000000','2016-01-05 21:30:00.000000',469)
COMMIT
INSERT INTO STATECHART_TRANSITIONS_RAW_LOG VALUES(1,2,0,'2016-01-05 21:30:00.000000',469)
COMMIT
INSERT INTO STATECHART_STATES_RAW_LOG VALUES(1,0,'2016-01-05 21:30:00.000000','2016-01-05 21:45:00.000000',470)
COMMIT
INSERT INTO STATECHART_TRANSITIONS_RAW_LOG VALUES(1,2,0,'2016-01-05 21:45:00.000000',470)
COMMIT
INSERT INTO STATECHART_STATES_RAW_LOG VALUES(1,0,'2016-01-05 21:45:00.000000','2016-01-05 22:00:00.000000',471)
COMMIT
INSERT INTO STATECHART_TRANSITIONS_RAW_LOG VALUES(1,2,0,'2016-01-05 22:00:00.000000',471)
COMMIT
INSERT INTO STATECHART_STATES_RAW_LOG VALUES(1,0,'2016-01-05 22:00:00.000000','2016-01-05 22:15:00.000000',472)
COMMIT
INSERT INTO STATECHART_TRANSITIONS_RAW_LOG VALUES(1,2,0,'2016-01-05 22:15:00.000000',472)
COMMIT
INSERT INTO STATECHART_STATES_RAW_LOG VALUES(1,0,'2016-01-05 22:15:00.000000','2016-01-05 22:30:00.000000',473)
COMMIT
INSERT INTO STATECHART_TRANSITIONS_RAW_LOG VALUES(1,2,0,'2016-01-05 22:30:00.000000',473)
COMMIT
INSERT INTO STATECHART_STATES_RAW_LOG VALUES(1,0,'2016-01-05 22:30:00.000000','2016-01-05 22:45:00.000000',474)
COMMIT
INSERT INTO STATECHART_TRANSITIONS_RAW_LOG VALUES(1,2,0,'2016-01-05 22:45:00.000000',474)
COMMIT
INSERT INTO STATECHART_STATES_RAW_LOG VALUES(1,0,'2016-01-05 22:45:00.000000','2016-01-05 23:00:00.000000',475)
COMMIT
INSERT INTO STATECHART_TRANSITIONS_RAW_LOG VALUES(1,2,0,'2016-01-05 23:00:00.000000',475)
COMMIT
INSERT INTO STATECHART_STATES_RAW_LOG VALUES(1,0,'2016-01-05 23:00:00.000000','2016-01-05 23:15:00.000000',476)
COMMIT
INSERT INTO STATECHART_TRANSITIONS_RAW_LOG VALUES(1,2,0,'2016-01-05 23:15:00.000000',476)
COMMIT
INSERT INTO STATECHART_STATES_RAW_LOG VALUES(1,0,'2016-01-05 23:15:00.000000','2016-01-05 23:30:00.000000',477)
COMMIT
INSERT INTO STATECHART_TRANSITIONS_RAW_LOG VALUES(1,2,0,'2016-01-05 23:30:00.000000',477)
COMMIT
INSERT INTO STATECHART_STATES_RAW_LOG VALUES(1,0,'2016-01-05 23:30:00.000000','2016-01-05 23:45:00.000000',478)
COMMIT
INSERT INTO STATECHART_TRANSITIONS_RAW_LOG VALUES(1,2,0,'2016-01-05 23:45:00.000000',478)
COMMIT
INSERT INTO STATECHART_STATES_RAW_LOG VALUES(1,0,'2016-01-05 23:45:00.000000','2016-01-06 00:00:00.000000',479)
COMMIT
INSERT INTO STATECHART_TRANSITIONS_RAW_LOG VALUES(1,2,0,'2016-01-06 00:00:00.000000',479)
COMMIT
INSERT INTO STATECHART_STATES_RAW_LOG VALUES(1,0,'2016-01-06 00:00:00.000000','2016-01-06 00:15:00.000000',480)
COMMIT
INSERT INTO STATECHART_TRANSITIONS_RAW_LOG VALUES(1,2,0,'2016-01-06 00:15:00.000000',480)
COMMIT
INSERT INTO STATECHART_STATES_RAW_LOG VALUES(1,0,'2016-01-06 00:15:00.000000','2016-01-06 00:30:00.000000',481)
COMMIT
INSERT INTO STATECHART_TRANSITIONS_RAW_LOG VALUES(1,2,0,'2016-01-06 00:30:00.000000',481)
COMMIT
INSERT INTO STATECHART_STATES_RAW_LOG VALUES(1,0,'2016-01-06 00:30:00.000000','2016-01-06 00:45:00.000000',482)
COMMIT
INSERT INTO STATECHART_TRANSITIONS_RAW_LOG VALUES(1,2,0,'2016-01-06 00:45:00.000000',482)
COMMIT
INSERT INTO STATECHART_STATES_RAW_LOG VALUES(1,0,'2016-01-06 00:45:00.000000','2016-01-06 01:00:00.000000',483)
COMMIT
INSERT INTO STATECHART_TRANSITIONS_RAW_LOG VALUES(1,2,0,'2016-01-06 01:00:00.000000',483)
COMMIT
INSERT INTO STATECHART_STATES_RAW_LOG VALUES(1,0,'2016-01-06 01:00:00.000000','2016-01-06 01:15:00.000000',484)
COMMIT
INSERT INTO STATECHART_TRANSITIONS_RAW_LOG VALUES(1,2,0,'2016-01-06 01:15:00.000000',484)
COMMIT
INSERT INTO STATECHART_STATES_RAW_LOG VALUES(1,0,'2016-01-06 01:15:00.000000','2016-01-06 01:30:00.000000',485)
COMMIT
INSERT INTO STATECHART_TRANSITIONS_RAW_LOG VALUES(1,2,0,'2016-01-06 01:30:00.000000',485)
COMMIT
INSERT INTO STATECHART_STATES_RAW_LOG VALUES(1,0,'2016-01-06 01:30:00.000000','2016-01-06 01:45:00.000000',486)
COMMIT
INSERT INTO STATECHART_TRANSITIONS_RAW_LOG VALUES(1,2,0,'2016-01-06 01:45:00.000000',486)
COMMIT
INSERT INTO STATECHART_STATES_RAW_LOG VALUES(1,0,'2016-01-06 01:45:00.000000','2016-01-06 02:00:00.000000',487)
COMMIT
INSERT INTO STATECHART_TRANSITIONS_RAW_LOG VALUES(1,2,0,'2016-01-06 02:00:00.000000',487)
COMMIT
INSERT INTO STATECHART_STATES_RAW_LOG VALUES(1,0,'2016-01-06 02:00:00.000000','2016-01-06 02:15:00.000000',488)
COMMIT
INSERT INTO STATECHART_TRANSITIONS_RAW_LOG VALUES(1,2,0,'2016-01-06 02:15:00.000000',488)
COMMIT
INSERT INTO STATECHART_STATES_RAW_LOG VALUES(1,0,'2016-01-06 02:15:00.000000','2016-01-06 02:30:00.000000',489)
COMMIT
INSERT INTO STATECHART_TRANSITIONS_RAW_LOG VALUES(1,2,0,'2016-01-06 02:30:00.000000',489)
COMMIT
INSERT INTO STATECHART_STATES_RAW_LOG VALUES(1,0,'2016-01-06 02:30:00.000000','2016-01-06 02:45:00.000000',490)
COMMIT
INSERT INTO STATECHART_TRANSITIONS_RAW_LOG VALUES(1,2,0,'2016-01-06 02:45:00.000000',490)
COMMIT
INSERT INTO STATECHART_STATES_RAW_LOG VALUES(1,0,'2016-01-06 02:45:00.000000','2016-01-06 03:00:00.000000',491)
COMMIT
INSERT INTO STATECHART_TRANSITIONS_RAW_LOG VALUES(1,2,0,'2016-01-06 03:00:00.000000',491)
COMMIT
INSERT INTO STATECHART_STATES_RAW_LOG VALUES(1,0,'2016-01-06 03:00:00.000000','2016-01-06 03:15:00.000000',492)
COMMIT
INSERT INTO STATECHART_TRANSITIONS_RAW_LOG VALUES(1,2,0,'2016-01-06 03:15:00.000000',492)
COMMIT
INSERT INTO STATECHART_STATES_RAW_LOG VALUES(1,0,'2016-01-06 03:15:00.000000','2016-01-06 03:30:00.000000',493)
COMMIT
INSERT INTO STATECHART_TRANSITIONS_RAW_LOG VALUES(1,2,0,'2016-01-06 03:30:00.000000',493)
COMMIT
INSERT INTO STATECHART_STATES_RAW_LOG VALUES(1,0,'2016-01-06 03:30:00.000000','2016-01-06 03:45:00.000000',494)
COMMIT
INSERT INTO STATECHART_TRANSITIONS_RAW_LOG VALUES(1,2,0,'2016-01-06 03:45:00.000000',494)
COMMIT
INSERT INTO STATECHART_STATES_RAW_LOG VALUES(1,0,'2016-01-06 03:45:00.000000','2016-01-06 04:00:00.000000',495)
COMMIT
INSERT INTO STATECHART_TRANSITIONS_RAW_LOG VALUES(1,2,0,'2016-01-06 04:00:00.000000',495)
COMMIT
INSERT INTO STATECHART_STATES_RAW_LOG VALUES(1,0,'2016-01-06 04:00:00.000000','2016-01-06 04:15:00.000000',496)
COMMIT
INSERT INTO STATECHART_TRANSITIONS_RAW_LOG VALUES(1,2,0,'2016-01-06 04:15:00.000000',496)
COMMIT
INSERT INTO STATECHART_STATES_RAW_LOG VALUES(1,0,'2016-01-06 04:15:00.000000','2016-01-06 04:30:00.000000',497)
COMMIT
INSERT INTO STATECHART_TRANSITIONS_RAW_LOG VALUES(1,2,0,'2016-01-06 04:30:00.000000',497)
COMMIT
INSERT INTO STATECHART_STATES_RAW_LOG VALUES(1,0,'2016-01-06 04:30:00.000000','2016-01-06 04:45:00.000000',498)
COMMIT
INSERT INTO STATECHART_TRANSITIONS_RAW_LOG VALUES(1,2,0,'2016-01-06 04:45:00.000000',498)
COMMIT
INSERT INTO STATECHART_STATES_RAW_LOG VALUES(1,0,'2016-01-06 04:45:00.000000','2016-01-06 05:00:00.000000',499)
COMMIT
INSERT INTO STATECHART_TRANSITIONS_RAW_LOG VALUES(1,2,0,'2016-01-06 05:00:00.000000',499)
COMMIT
INSERT INTO STATECHART_STATES_RAW_LOG VALUES(1,0,'2016-01-06 05:00:00.000000','2016-01-06 05:15:00.000000',500)
COMMIT
INSERT INTO STATECHART_TRANSITIONS_RAW_LOG VALUES(1,2,0,'2016-01-06 05:15:00.000000',500)
COMMIT
INSERT INTO STATECHART_STATES_RAW_LOG VALUES(1,0,'2016-01-06 05:15:00.000000','2016-01-06 05:30:00.000000',501)
COMMIT
INSERT INTO STATECHART_TRANSITIONS_RAW_LOG VALUES(1,2,0,'2016-01-06 05:30:00.000000',501)
COMMIT
INSERT INTO STATECHART_STATES_RAW_LOG VALUES(1,0,'2016-01-06 05:30:00.000000','2016-01-06 05:45:00.000000',502)
COMMIT
INSERT INTO STATECHART_TRANSITIONS_RAW_LOG VALUES(1,2,0,'2016-01-06 05:45:00.000000',502)
COMMIT
INSERT INTO STATECHART_STATES_RAW_LOG VALUES(1,0,'2016-01-06 05:45:00.000000','2016-01-06 06:00:00.000000',503)
COMMIT
INSERT INTO STATECHART_TRANSITIONS_RAW_LOG VALUES(1,2,0,'2016-01-06 06:00:00.000000',503)
COMMIT
INSERT INTO STATECHART_STATES_RAW_LOG VALUES(1,0,'2016-01-06 06:00:00.000000','2016-01-06 06:15:00.000000',504)
COMMIT
INSERT INTO STATECHART_TRANSITIONS_RAW_LOG VALUES(1,2,0,'2016-01-06 06:15:00.000000',504)
COMMIT
INSERT INTO STATECHART_STATES_RAW_LOG VALUES(1,0,'2016-01-06 06:15:00.000000','2016-01-06 06:30:00.000000',505)
COMMIT
INSERT INTO STATECHART_TRANSITIONS_RAW_LOG VALUES(1,2,0,'2016-01-06 06:30:00.000000',505)
COMMIT
INSERT INTO STATECHART_STATES_RAW_LOG VALUES(1,0,'2016-01-06 06:30:00.000000','2016-01-06 06:45:00.000000',506)
COMMIT
INSERT INTO STATECHART_TRANSITIONS_RAW_LOG VALUES(1,2,0,'2016-01-06 06:45:00.000000',506)
COMMIT
INSERT INTO STATECHART_STATES_RAW_LOG VALUES(1,0,'2016-01-06 06:45:00.000000','2016-01-06 07:00:00.000000',507)
COMMIT
INSERT INTO STATECHART_TRANSITIONS_RAW_LOG VALUES(1,2,0,'2016-01-06 07:00:00.000000',507)
COMMIT
INSERT INTO STATECHART_STATES_RAW_LOG VALUES(1,0,'2016-01-06 07:00:00.000000','2016-01-06 07:15:00.000000',508)
COMMIT
INSERT INTO STATECHART_TRANSITIONS_RAW_LOG VALUES(1,2,0,'2016-01-06 07:15:00.000000',508)
COMMIT
INSERT INTO STATECHART_STATES_RAW_LOG VALUES(1,0,'2016-01-06 07:15:00.000000','2016-01-06 07:30:00.000000',509)
COMMIT
INSERT INTO STATECHART_TRANSITIONS_RAW_LOG VALUES(1,2,0,'2016-01-06 07:30:00.000000',509)
COMMIT
INSERT INTO STATECHART_STATES_RAW_LOG VALUES(1,0,'2016-01-06 07:30:00.000000','2016-01-06 07:45:00.000000',510)
COMMIT
INSERT INTO STATECHART_TRANSITIONS_RAW_LOG VALUES(1,2,0,'2016-01-06 07:45:00.000000',510)
COMMIT
INSERT INTO STATECHART_STATES_RAW_LOG VALUES(1,0,'2016-01-06 07:45:00.000000','2016-01-06 08:00:00.000000',511)
COMMIT
INSERT INTO STATECHART_TRANSITIONS_RAW_LOG VALUES(1,2,0,'2016-01-06 08:00:00.000000',511)
COMMIT
INSERT INTO STATECHART_STATES_RAW_LOG VALUES(1,0,'2016-01-06 08:00:00.000000','2016-01-06 08:15:00.000000',512)
COMMIT
INSERT INTO STATECHART_TRANSITIONS_RAW_LOG VALUES(1,2,0,'2016-01-06 08:15:00.000000',512)
COMMIT
INSERT INTO STATECHART_STATES_RAW_LOG VALUES(1,0,'2016-01-06 08:15:00.000000','2016-01-06 08:30:00.000000',513)
COMMIT
INSERT INTO STATECHART_TRANSITIONS_RAW_LOG VALUES(1,2,0,'2016-01-06 08:30:00.000000',513)
COMMIT
INSERT INTO STATECHART_STATES_RAW_LOG VALUES(1,0,'2016-01-06 08:30:00.000000','2016-01-06 08:45:00.000000',514)
COMMIT
INSERT INTO STATECHART_TRANSITIONS_RAW_LOG VALUES(1,2,0,'2016-01-06 08:45:00.000000',514)
COMMIT
INSERT INTO STATECHART_STATES_RAW_LOG VALUES(1,0,'2016-01-06 08:45:00.000000','2016-01-06 09:00:00.000000',515)
COMMIT
INSERT INTO STATECHART_TRANSITIONS_RAW_LOG VALUES(1,2,0,'2016-01-06 09:00:00.000000',515)
COMMIT
INSERT INTO STATECHART_STATES_RAW_LOG VALUES(1,0,'2016-01-06 09:00:00.000000','2016-01-06 09:15:00.000000',516)
COMMIT
INSERT INTO STATECHART_TRANSITIONS_RAW_LOG VALUES(1,2,0,'2016-01-06 09:15:00.000000',516)
COMMIT
INSERT INTO STATECHART_STATES_RAW_LOG VALUES(1,0,'2016-01-06 09:15:00.000000','2016-01-06 09:30:00.000000',517)
COMMIT
INSERT INTO STATECHART_TRANSITIONS_RAW_LOG VALUES(1,2,0,'2016-01-06 09:30:00.000000',517)
COMMIT
INSERT INTO STATECHART_STATES_RAW_LOG VALUES(1,0,'2016-01-06 09:30:00.000000','2016-01-06 09:45:00.000000',518)
COMMIT
INSERT INTO STATECHART_TRANSITIONS_RAW_LOG VALUES(1,2,0,'2016-01-06 09:45:00.000000',518)
COMMIT
INSERT INTO STATECHART_STATES_RAW_LOG VALUES(1,0,'2016-01-06 09:45:00.000000','2016-01-06 10:00:00.000000',519)
COMMIT
INSERT INTO STATECHART_TRANSITIONS_RAW_LOG VALUES(1,2,0,'2016-01-06 10:00:00.000000',519)
COMMIT
INSERT INTO STATECHART_STATES_RAW_LOG VALUES(1,0,'2016-01-06 10:00:00.000000','2016-01-06 10:15:00.000000',520)
COMMIT
INSERT INTO STATECHART_TRANSITIONS_RAW_LOG VALUES(1,2,0,'2016-01-06 10:15:00.000000',520)
COMMIT
INSERT INTO STATECHART_STATES_RAW_LOG VALUES(1,0,'2016-01-06 10:15:00.000000','2016-01-06 10:30:00.000000',521)
COMMIT
INSERT INTO STATECHART_TRANSITIONS_RAW_LOG VALUES(1,2,0,'2016-01-06 10:30:00.000000',521)
COMMIT
INSERT INTO STATECHART_STATES_RAW_LOG VALUES(1,0,'2016-01-06 10:30:00.000000','2016-01-06 10:45:00.000000',522)
COMMIT
INSERT INTO STATECHART_TRANSITIONS_RAW_LOG VALUES(1,2,0,'2016-01-06 10:45:00.000000',522)
COMMIT
INSERT INTO STATECHART_STATES_RAW_LOG VALUES(1,0,'2016-01-06 10:45:00.000000','2016-01-06 11:00:00.000000',523)
COMMIT
INSERT INTO STATECHART_TRANSITIONS_RAW_LOG VALUES(1,2,0,'2016-01-06 11:00:00.000000',523)
COMMIT
INSERT INTO STATECHART_STATES_RAW_LOG VALUES(1,0,'2016-01-06 11:00:00.000000','2016-01-06 11:15:00.000000',524)
COMMIT
INSERT INTO STATECHART_TRANSITIONS_RAW_LOG VALUES(1,2,0,'2016-01-06 11:15:00.000000',524)
COMMIT
INSERT INTO STATECHART_STATES_RAW_LOG VALUES(1,0,'2016-01-06 11:15:00.000000','2016-01-06 11:30:00.000000',525)
COMMIT
INSERT INTO STATECHART_TRANSITIONS_RAW_LOG VALUES(1,2,0,'2016-01-06 11:30:00.000000',525)
COMMIT
INSERT INTO STATECHART_STATES_RAW_LOG VALUES(1,0,'2016-01-06 11:30:00.000000','2016-01-06 11:45:00.000000',526)
COMMIT
INSERT INTO STATECHART_TRANSITIONS_RAW_LOG VALUES(1,2,0,'2016-01-06 11:45:00.000000',526)
COMMIT
INSERT INTO STATECHART_STATES_RAW_LOG VALUES(1,0,'2016-01-06 11:45:00.000000','2016-01-06 12:00:00.000000',527)
COMMIT
INSERT INTO STATECHART_TRANSITIONS_RAW_LOG VALUES(1,2,0,'2016-01-06 12:00:00.000000',527)
COMMIT
INSERT INTO STATECHART_STATES_RAW_LOG VALUES(1,0,'2016-01-06 12:00:00.000000','2016-01-06 12:15:00.000000',528)
COMMIT
INSERT INTO STATECHART_TRANSITIONS_RAW_LOG VALUES(1,2,0,'2016-01-06 12:15:00.000000',528)
COMMIT
INSERT INTO STATECHART_STATES_RAW_LOG VALUES(1,0,'2016-01-06 12:15:00.000000','2016-01-06 12:30:00.000000',529)
COMMIT
INSERT INTO STATECHART_TRANSITIONS_RAW_LOG VALUES(1,2,0,'2016-01-06 12:30:00.000000',529)
COMMIT
INSERT INTO STATECHART_STATES_RAW_LOG VALUES(1,0,'2016-01-06 12:30:00.000000','2016-01-06 12:45:00.000000',530)
COMMIT
INSERT INTO STATECHART_TRANSITIONS_RAW_LOG VALUES(1,2,0,'2016-01-06 12:45:00.000000',530)
COMMIT
INSERT INTO STATECHART_STATES_RAW_LOG VALUES(1,0,'2016-01-06 12:45:00.000000','2016-01-06 13:00:00.000000',531)
COMMIT
INSERT INTO STATECHART_TRANSITIONS_RAW_LOG VALUES(1,2,0,'2016-01-06 13:00:00.000000',531)
COMMIT
INSERT INTO STATECHART_STATES_RAW_LOG VALUES(1,0,'2016-01-06 13:00:00.000000','2016-01-06 13:15:00.000000',532)
COMMIT
INSERT INTO STATECHART_TRANSITIONS_RAW_LOG VALUES(1,2,0,'2016-01-06 13:15:00.000000',532)
COMMIT
INSERT INTO STATECHART_STATES_RAW_LOG VALUES(1,0,'2016-01-06 13:15:00.000000','2016-01-06 13:30:00.000000',533)
COMMIT
INSERT INTO STATECHART_TRANSITIONS_RAW_LOG VALUES(1,2,0,'2016-01-06 13:30:00.000000',533)
COMMIT
INSERT INTO STATECHART_STATES_RAW_LOG VALUES(1,0,'2016-01-06 13:30:00.000000','2016-01-06 13:45:00.000000',534)
COMMIT
INSERT INTO STATECHART_TRANSITIONS_RAW_LOG VALUES(1,2,0,'2016-01-06 13:45:00.000000',534)
COMMIT
INSERT INTO STATECHART_STATES_RAW_LOG VALUES(1,0,'2016-01-06 13:45:00.000000','2016-01-06 14:00:00.000000',535)
COMMIT
INSERT INTO STATECHART_TRANSITIONS_RAW_LOG VALUES(1,2,0,'2016-01-06 14:00:00.000000',535)
COMMIT
INSERT INTO STATECHART_STATES_RAW_LOG VALUES(1,0,'2016-01-06 14:00:00.000000','2016-01-06 14:15:00.000000',536)
COMMIT
INSERT INTO STATECHART_TRANSITIONS_RAW_LOG VALUES(1,2,0,'2016-01-06 14:15:00.000000',536)
COMMIT
INSERT INTO STATECHART_STATES_RAW_LOG VALUES(1,0,'2016-01-06 14:15:00.000000','2016-01-06 14:30:00.000000',537)
COMMIT
INSERT INTO STATECHART_TRANSITIONS_RAW_LOG VALUES(1,2,0,'2016-01-06 14:30:00.000000',537)
COMMIT
INSERT INTO STATECHART_STATES_RAW_LOG VALUES(1,0,'2016-01-06 14:30:00.000000','2016-01-06 14:45:00.000000',538)
COMMIT
INSERT INTO STATECHART_TRANSITIONS_RAW_LOG VALUES(1,2,0,'2016-01-06 14:45:00.000000',538)
COMMIT
INSERT INTO STATECHART_STATES_RAW_LOG VALUES(1,0,'2016-01-06 14:45:00.000000','2016-01-06 15:00:00.000000',539)
COMMIT
INSERT INTO STATECHART_TRANSITIONS_RAW_LOG VALUES(1,2,0,'2016-01-06 15:00:00.000000',539)
COMMIT
INSERT INTO STATECHART_STATES_RAW_LOG VALUES(1,0,'2016-01-06 15:00:00.000000','2016-01-06 15:15:00.000000',540)
COMMIT
INSERT INTO STATECHART_TRANSITIONS_RAW_LOG VALUES(1,2,0,'2016-01-06 15:15:00.000000',540)
COMMIT
INSERT INTO STATECHART_STATES_RAW_LOG VALUES(1,0,'2016-01-06 15:15:00.000000','2016-01-06 15:30:00.000000',541)
COMMIT
INSERT INTO STATECHART_TRANSITIONS_RAW_LOG VALUES(1,2,0,'2016-01-06 15:30:00.000000',541)
COMMIT
INSERT INTO STATECHART_STATES_RAW_LOG VALUES(1,0,'2016-01-06 15:30:00.000000','2016-01-06 15:45:00.000000',542)
COMMIT
INSERT INTO STATECHART_TRANSITIONS_RAW_LOG VALUES(1,2,0,'2016-01-06 15:45:00.000000',542)
COMMIT
INSERT INTO STATECHART_STATES_RAW_LOG VALUES(1,0,'2016-01-06 15:45:00.000000','2016-01-06 16:00:00.000000',543)
COMMIT
INSERT INTO STATECHART_TRANSITIONS_RAW_LOG VALUES(1,2,0,'2016-01-06 16:00:00.000000',543)
COMMIT
INSERT INTO STATECHART_STATES_RAW_LOG VALUES(1,0,'2016-01-06 16:00:00.000000','2016-01-06 16:15:00.000000',544)
COMMIT
INSERT INTO STATECHART_TRANSITIONS_RAW_LOG VALUES(1,2,0,'2016-01-06 16:15:00.000000',544)
COMMIT
INSERT INTO STATECHART_STATES_RAW_LOG VALUES(1,0,'2016-01-06 16:15:00.000000','2016-01-06 16:30:00.000000',545)
COMMIT
INSERT INTO STATECHART_TRANSITIONS_RAW_LOG VALUES(1,2,0,'2016-01-06 16:30:00.000000',545)
COMMIT
INSERT INTO STATECHART_STATES_RAW_LOG VALUES(1,0,'2016-01-06 16:30:00.000000','2016-01-06 16:45:00.000000',546)
COMMIT
INSERT INTO STATECHART_TRANSITIONS_RAW_LOG VALUES(1,2,0,'2016-01-06 16:45:00.000000',546)
COMMIT
INSERT INTO STATECHART_STATES_RAW_LOG VALUES(1,0,'2016-01-06 16:45:00.000000','2016-01-06 17:00:00.000000',547)
COMMIT
INSERT INTO STATECHART_TRANSITIONS_RAW_LOG VALUES(1,2,0,'2016-01-06 17:00:00.000000',547)
COMMIT
INSERT INTO STATECHART_STATES_RAW_LOG VALUES(1,0,'2016-01-06 17:00:00.000000','2016-01-06 17:15:00.000000',548)
COMMIT
INSERT INTO STATECHART_TRANSITIONS_RAW_LOG VALUES(1,2,0,'2016-01-06 17:15:00.000000',548)
COMMIT
INSERT INTO STATECHART_STATES_RAW_LOG VALUES(1,0,'2016-01-06 17:15:00.000000','2016-01-06 17:30:00.000000',549)
COMMIT
INSERT INTO STATECHART_TRANSITIONS_RAW_LOG VALUES(1,2,0,'2016-01-06 17:30:00.000000',549)
COMMIT
INSERT INTO STATECHART_STATES_RAW_LOG VALUES(1,0,'2016-01-06 17:30:00.000000','2016-01-06 17:45:00.000000',550)
COMMIT
INSERT INTO STATECHART_TRANSITIONS_RAW_LOG VALUES(1,2,0,'2016-01-06 17:45:00.000000',550)
COMMIT
INSERT INTO STATECHART_STATES_RAW_LOG VALUES(1,0,'2016-01-06 17:45:00.000000','2016-01-06 18:00:00.000000',551)
COMMIT
INSERT INTO STATECHART_TRANSITIONS_RAW_LOG VALUES(1,2,0,'2016-01-06 18:00:00.000000',551)
COMMIT
INSERT INTO STATECHART_STATES_RAW_LOG VALUES(1,0,'2016-01-06 18:00:00.000000','2016-01-06 18:15:00.000000',552)
COMMIT
INSERT INTO STATECHART_TRANSITIONS_RAW_LOG VALUES(1,2,0,'2016-01-06 18:15:00.000000',552)
COMMIT
INSERT INTO STATECHART_STATES_RAW_LOG VALUES(1,0,'2016-01-06 18:15:00.000000','2016-01-06 18:30:00.000000',553)
COMMIT
INSERT INTO STATECHART_TRANSITIONS_RAW_LOG VALUES(1,2,0,'2016-01-06 18:30:00.000000',553)
COMMIT
INSERT INTO STATECHART_STATES_RAW_LOG VALUES(1,0,'2016-01-06 18:30:00.000000','2016-01-06 18:45:00.000000',554)
COMMIT
INSERT INTO STATECHART_TRANSITIONS_RAW_LOG VALUES(1,2,0,'2016-01-06 18:45:00.000000',554)
COMMIT
INSERT INTO STATECHART_STATES_RAW_LOG VALUES(1,0,'2016-01-06 18:45:00.000000','2016-01-06 19:00:00.000000',555)
COMMIT
INSERT INTO STATECHART_TRANSITIONS_RAW_LOG VALUES(1,2,0,'2016-01-06 19:00:00.000000',555)
COMMIT
INSERT INTO STATECHART_STATES_RAW_LOG VALUES(1,0,'2016-01-06 19:00:00.000000','2016-01-06 19:15:00.000000',556)
COMMIT
INSERT INTO STATECHART_TRANSITIONS_RAW_LOG VALUES(1,2,0,'2016-01-06 19:15:00.000000',556)
COMMIT
INSERT INTO STATECHART_STATES_RAW_LOG VALUES(1,0,'2016-01-06 19:15:00.000000','2016-01-06 19:30:00.000000',557)
COMMIT
INSERT INTO STATECHART_TRANSITIONS_RAW_LOG VALUES(1,2,0,'2016-01-06 19:30:00.000000',557)
COMMIT
INSERT INTO STATECHART_STATES_RAW_LOG VALUES(1,0,'2016-01-06 19:30:00.000000','2016-01-06 19:45:00.000000',558)
COMMIT
INSERT INTO STATECHART_TRANSITIONS_RAW_LOG VALUES(1,2,0,'2016-01-06 19:45:00.000000',558)
COMMIT
INSERT INTO STATECHART_STATES_RAW_LOG VALUES(1,0,'2016-01-06 19:45:00.000000','2016-01-06 20:00:00.000000',559)
COMMIT
INSERT INTO STATECHART_TRANSITIONS_RAW_LOG VALUES(1,2,0,'2016-01-06 20:00:00.000000',559)
COMMIT
INSERT INTO STATECHART_STATES_RAW_LOG VALUES(1,0,'2016-01-06 20:00:00.000000','2016-01-06 20:15:00.000000',560)
COMMIT
INSERT INTO STATECHART_TRANSITIONS_RAW_LOG VALUES(1,2,0,'2016-01-06 20:15:00.000000',560)
COMMIT
INSERT INTO STATECHART_STATES_RAW_LOG VALUES(1,0,'2016-01-06 20:15:00.000000','2016-01-06 20:30:00.000000',561)
COMMIT
INSERT INTO STATECHART_TRANSITIONS_RAW_LOG VALUES(1,2,0,'2016-01-06 20:30:00.000000',561)
COMMIT
INSERT INTO STATECHART_STATES_RAW_LOG VALUES(1,0,'2016-01-06 20:30:00.000000','2016-01-06 20:45:00.000000',562)
COMMIT
INSERT INTO STATECHART_TRANSITIONS_RAW_LOG VALUES(1,2,0,'2016-01-06 20:45:00.000000',562)
COMMIT
INSERT INTO STATECHART_STATES_RAW_LOG VALUES(1,0,'2016-01-06 20:45:00.000000','2016-01-06 21:00:00.000000',563)
COMMIT
INSERT INTO STATECHART_TRANSITIONS_RAW_LOG VALUES(1,2,0,'2016-01-06 21:00:00.000000',563)
COMMIT
INSERT INTO STATECHART_STATES_RAW_LOG VALUES(1,0,'2016-01-06 21:00:00.000000','2016-01-06 21:15:00.000000',564)
COMMIT
INSERT INTO STATECHART_TRANSITIONS_RAW_LOG VALUES(1,2,0,'2016-01-06 21:15:00.000000',564)
COMMIT
INSERT INTO STATECHART_STATES_RAW_LOG VALUES(1,0,'2016-01-06 21:15:00.000000','2016-01-06 21:30:00.000000',565)
COMMIT
INSERT INTO STATECHART_TRANSITIONS_RAW_LOG VALUES(1,2,0,'2016-01-06 21:30:00.000000',565)
COMMIT
INSERT INTO STATECHART_STATES_RAW_LOG VALUES(1,0,'2016-01-06 21:30:00.000000','2016-01-06 21:45:00.000000',566)
COMMIT
INSERT INTO STATECHART_TRANSITIONS_RAW_LOG VALUES(1,2,0,'2016-01-06 21:45:00.000000',566)
COMMIT
INSERT INTO STATECHART_STATES_RAW_LOG VALUES(1,0,'2016-01-06 21:45:00.000000','2016-01-06 22:00:00.000000',567)
COMMIT
INSERT INTO STATECHART_TRANSITIONS_RAW_LOG VALUES(1,2,0,'2016-01-06 22:00:00.000000',567)
COMMIT
INSERT INTO STATECHART_STATES_RAW_LOG VALUES(1,0,'2016-01-06 22:00:00.000000','2016-01-06 22:15:00.000000',568)
COMMIT
INSERT INTO STATECHART_TRANSITIONS_RAW_LOG VALUES(1,2,0,'2016-01-06 22:15:00.000000',568)
COMMIT
INSERT INTO STATECHART_STATES_RAW_LOG VALUES(1,0,'2016-01-06 22:15:00.000000','2016-01-06 22:30:00.000000',569)
COMMIT
INSERT INTO STATECHART_TRANSITIONS_RAW_LOG VALUES(1,2,0,'2016-01-06 22:30:00.000000',569)
COMMIT
INSERT INTO STATECHART_STATES_RAW_LOG VALUES(1,0,'2016-01-06 22:30:00.000000','2016-01-06 22:45:00.000000',570)
COMMIT
INSERT INTO STATECHART_TRANSITIONS_RAW_LOG VALUES(1,2,0,'2016-01-06 22:45:00.000000',570)
COMMIT
INSERT INTO STATECHART_STATES_RAW_LOG VALUES(1,0,'2016-01-06 22:45:00.000000','2016-01-06 23:00:00.000000',571)
COMMIT
INSERT INTO STATECHART_TRANSITIONS_RAW_LOG VALUES(1,2,0,'2016-01-06 23:00:00.000000',571)
COMMIT
INSERT INTO STATECHART_STATES_RAW_LOG VALUES(1,0,'2016-01-06 23:00:00.000000','2016-01-06 23:15:00.000000',572)
COMMIT
INSERT INTO STATECHART_TRANSITIONS_RAW_LOG VALUES(1,2,0,'2016-01-06 23:15:00.000000',572)
COMMIT
INSERT INTO STATECHART_STATES_RAW_LOG VALUES(1,0,'2016-01-06 23:15:00.000000','2016-01-06 23:30:00.000000',573)
COMMIT
INSERT INTO STATECHART_TRANSITIONS_RAW_LOG VALUES(1,2,0,'2016-01-06 23:30:00.000000',573)
COMMIT
INSERT INTO STATECHART_STATES_RAW_LOG VALUES(1,0,'2016-01-06 23:30:00.000000','2016-01-06 23:45:00.000000',574)
COMMIT
INSERT INTO STATECHART_TRANSITIONS_RAW_LOG VALUES(1,2,0,'2016-01-06 23:45:00.000000',574)
COMMIT
INSERT INTO STATECHART_STATES_RAW_LOG VALUES(1,0,'2016-01-06 23:45:00.000000','2016-01-07 00:00:00.000000',575)
COMMIT
INSERT INTO STATECHART_TRANSITIONS_RAW_LOG VALUES(1,2,0,'2016-01-07 00:00:00.000000',575)
COMMIT
INSERT INTO STATECHART_STATES_RAW_LOG VALUES(1,0,'2016-01-07 00:00:00.000000','2016-01-07 00:15:00.000000',576)
COMMIT
INSERT INTO STATECHART_TRANSITIONS_RAW_LOG VALUES(1,2,0,'2016-01-07 00:15:00.000000',576)
COMMIT
INSERT INTO STATECHART_STATES_RAW_LOG VALUES(1,0,'2016-01-07 00:15:00.000000','2016-01-07 00:30:00.000000',577)
COMMIT
INSERT INTO STATECHART_TRANSITIONS_RAW_LOG VALUES(1,2,0,'2016-01-07 00:30:00.000000',577)
COMMIT
INSERT INTO STATECHART_STATES_RAW_LOG VALUES(1,0,'2016-01-07 00:30:00.000000','2016-01-07 00:45:00.000000',578)
COMMIT
INSERT INTO STATECHART_TRANSITIONS_RAW_LOG VALUES(1,2,0,'2016-01-07 00:45:00.000000',578)
COMMIT
INSERT INTO STATECHART_STATES_RAW_LOG VALUES(1,0,'2016-01-07 00:45:00.000000','2016-01-07 01:00:00.000000',579)
COMMIT
INSERT INTO STATECHART_TRANSITIONS_RAW_LOG VALUES(1,2,0,'2016-01-07 01:00:00.000000',579)
COMMIT
INSERT INTO STATECHART_STATES_RAW_LOG VALUES(1,0,'2016-01-07 01:00:00.000000','2016-01-07 01:15:00.000000',580)
COMMIT
INSERT INTO STATECHART_TRANSITIONS_RAW_LOG VALUES(1,2,0,'2016-01-07 01:15:00.000000',580)
COMMIT
INSERT INTO STATECHART_STATES_RAW_LOG VALUES(1,0,'2016-01-07 01:15:00.000000','2016-01-07 01:30:00.000000',581)
COMMIT
INSERT INTO STATECHART_TRANSITIONS_RAW_LOG VALUES(1,2,0,'2016-01-07 01:30:00.000000',581)
COMMIT
INSERT INTO STATECHART_STATES_RAW_LOG VALUES(1,0,'2016-01-07 01:30:00.000000','2016-01-07 01:45:00.000000',582)
COMMIT
INSERT INTO STATECHART_TRANSITIONS_RAW_LOG VALUES(1,2,0,'2016-01-07 01:45:00.000000',582)
COMMIT
INSERT INTO STATECHART_STATES_RAW_LOG VALUES(1,0,'2016-01-07 01:45:00.000000','2016-01-07 02:00:00.000000',583)
COMMIT
INSERT INTO STATECHART_TRANSITIONS_RAW_LOG VALUES(1,2,0,'2016-01-07 02:00:00.000000',583)
COMMIT
INSERT INTO STATECHART_STATES_RAW_LOG VALUES(1,0,'2016-01-07 02:00:00.000000','2016-01-07 02:15:00.000000',584)
COMMIT
INSERT INTO STATECHART_TRANSITIONS_RAW_LOG VALUES(1,2,0,'2016-01-07 02:15:00.000000',584)
COMMIT
INSERT INTO STATECHART_STATES_RAW_LOG VALUES(1,0,'2016-01-07 02:15:00.000000','2016-01-07 02:30:00.000000',585)
COMMIT
INSERT INTO STATECHART_TRANSITIONS_RAW_LOG VALUES(1,2,0,'2016-01-07 02:30:00.000000',585)
COMMIT
INSERT INTO STATECHART_STATES_RAW_LOG VALUES(1,0,'2016-01-07 02:30:00.000000','2016-01-07 02:45:00.000000',586)
COMMIT
INSERT INTO STATECHART_TRANSITIONS_RAW_LOG VALUES(1,2,0,'2016-01-07 02:45:00.000000',586)
COMMIT
INSERT INTO STATECHART_STATES_RAW_LOG VALUES(1,0,'2016-01-07 02:45:00.000000','2016-01-07 03:00:00.000000',587)
COMMIT
INSERT INTO STATECHART_TRANSITIONS_RAW_LOG VALUES(1,2,0,'2016-01-07 03:00:00.000000',587)
COMMIT
INSERT INTO STATECHART_STATES_RAW_LOG VALUES(1,0,'2016-01-07 03:00:00.000000','2016-01-07 03:15:00.000000',588)
COMMIT
INSERT INTO STATECHART_TRANSITIONS_RAW_LOG VALUES(1,2,0,'2016-01-07 03:15:00.000000',588)
COMMIT
INSERT INTO STATECHART_STATES_RAW_LOG VALUES(1,0,'2016-01-07 03:15:00.000000','2016-01-07 03:30:00.000000',589)
COMMIT
INSERT INTO STATECHART_TRANSITIONS_RAW_LOG VALUES(1,2,0,'2016-01-07 03:30:00.000000',589)
COMMIT
INSERT INTO STATECHART_STATES_RAW_LOG VALUES(1,0,'2016-01-07 03:30:00.000000','2016-01-07 03:45:00.000000',590)
COMMIT
INSERT INTO STATECHART_TRANSITIONS_RAW_LOG VALUES(1,2,0,'2016-01-07 03:45:00.000000',590)
COMMIT
INSERT INTO STATECHART_STATES_RAW_LOG VALUES(1,0,'2016-01-07 03:45:00.000000','2016-01-07 04:00:00.000000',591)
COMMIT
INSERT INTO STATECHART_TRANSITIONS_RAW_LOG VALUES(1,2,0,'2016-01-07 04:00:00.000000',591)
COMMIT
INSERT INTO STATECHART_STATES_RAW_LOG VALUES(1,0,'2016-01-07 04:00:00.000000','2016-01-07 04:15:00.000000',592)
COMMIT
INSERT INTO STATECHART_TRANSITIONS_RAW_LOG VALUES(1,2,0,'2016-01-07 04:15:00.000000',592)
COMMIT
INSERT INTO STATECHART_STATES_RAW_LOG VALUES(1,0,'2016-01-07 04:15:00.000000','2016-01-07 04:30:00.000000',593)
COMMIT
INSERT INTO STATECHART_TRANSITIONS_RAW_LOG VALUES(1,2,0,'2016-01-07 04:30:00.000000',593)
COMMIT
INSERT INTO STATECHART_STATES_RAW_LOG VALUES(1,0,'2016-01-07 04:30:00.000000','2016-01-07 04:45:00.000000',594)
COMMIT
INSERT INTO STATECHART_TRANSITIONS_RAW_LOG VALUES(1,2,0,'2016-01-07 04:45:00.000000',594)
COMMIT
INSERT INTO STATECHART_STATES_RAW_LOG VALUES(1,0,'2016-01-07 04:45:00.000000','2016-01-07 05:00:00.000000',595)
COMMIT
INSERT INTO STATECHART_TRANSITIONS_RAW_LOG VALUES(1,2,0,'2016-01-07 05:00:00.000000',595)
COMMIT
INSERT INTO STATECHART_STATES_RAW_LOG VALUES(1,0,'2016-01-07 05:00:00.000000','2016-01-07 05:15:00.000000',596)
COMMIT
INSERT INTO STATECHART_TRANSITIONS_RAW_LOG VALUES(1,2,0,'2016-01-07 05:15:00.000000',596)
COMMIT
INSERT INTO STATECHART_STATES_RAW_LOG VALUES(1,0,'2016-01-07 05:15:00.000000','2016-01-07 05:30:00.000000',597)
COMMIT
INSERT INTO STATECHART_TRANSITIONS_RAW_LOG VALUES(1,2,0,'2016-01-07 05:30:00.000000',597)
COMMIT
INSERT INTO STATECHART_STATES_RAW_LOG VALUES(1,0,'2016-01-07 05:30:00.000000','2016-01-07 05:45:00.000000',598)
COMMIT
INSERT INTO STATECHART_TRANSITIONS_RAW_LOG VALUES(1,2,0,'2016-01-07 05:45:00.000000',598)
COMMIT
INSERT INTO STATECHART_STATES_RAW_LOG VALUES(1,0,'2016-01-07 05:45:00.000000','2016-01-07 06:00:00.000000',599)
COMMIT
INSERT INTO STATECHART_TRANSITIONS_RAW_LOG VALUES(1,2,0,'2016-01-07 06:00:00.000000',599)
COMMIT
INSERT INTO STATECHART_STATES_RAW_LOG VALUES(1,0,'2016-01-07 06:00:00.000000','2016-01-07 06:15:00.000000',600)
COMMIT
INSERT INTO STATECHART_TRANSITIONS_RAW_LOG VALUES(1,2,0,'2016-01-07 06:15:00.000000',600)
COMMIT
INSERT INTO STATECHART_STATES_RAW_LOG VALUES(1,0,'2016-01-07 06:15:00.000000','2016-01-07 06:30:00.000000',601)
COMMIT
INSERT INTO STATECHART_TRANSITIONS_RAW_LOG VALUES(1,2,0,'2016-01-07 06:30:00.000000',601)
COMMIT
INSERT INTO STATECHART_STATES_RAW_LOG VALUES(1,0,'2016-01-07 06:30:00.000000','2016-01-07 06:45:00.000000',602)
COMMIT
INSERT INTO STATECHART_TRANSITIONS_RAW_LOG VALUES(1,2,0,'2016-01-07 06:45:00.000000',602)
COMMIT
INSERT INTO STATECHART_STATES_RAW_LOG VALUES(1,0,'2016-01-07 06:45:00.000000','2016-01-07 07:00:00.000000',603)
COMMIT
INSERT INTO STATECHART_TRANSITIONS_RAW_LOG VALUES(1,2,0,'2016-01-07 07:00:00.000000',603)
COMMIT
INSERT INTO STATECHART_STATES_RAW_LOG VALUES(1,0,'2016-01-07 07:00:00.000000','2016-01-07 07:15:00.000000',604)
COMMIT
INSERT INTO STATECHART_TRANSITIONS_RAW_LOG VALUES(1,2,0,'2016-01-07 07:15:00.000000',604)
COMMIT
INSERT INTO STATECHART_STATES_RAW_LOG VALUES(1,0,'2016-01-07 07:15:00.000000','2016-01-07 07:30:00.000000',605)
COMMIT
INSERT INTO STATECHART_TRANSITIONS_RAW_LOG VALUES(1,2,0,'2016-01-07 07:30:00.000000',605)
COMMIT
INSERT INTO STATECHART_STATES_RAW_LOG VALUES(1,0,'2016-01-07 07:30:00.000000','2016-01-07 07:45:00.000000',606)
COMMIT
INSERT INTO STATECHART_TRANSITIONS_RAW_LOG VALUES(1,2,0,'2016-01-07 07:45:00.000000',606)
COMMIT
INSERT INTO STATECHART_STATES_RAW_LOG VALUES(1,0,'2016-01-07 07:45:00.000000','2016-01-07 08:00:00.000000',607)
COMMIT
INSERT INTO STATECHART_TRANSITIONS_RAW_LOG VALUES(1,2,0,'2016-01-07 08:00:00.000000',607)
COMMIT
INSERT INTO STATECHART_STATES_RAW_LOG VALUES(1,0,'2016-01-07 08:00:00.000000','2016-01-07 08:15:00.000000',608)
COMMIT
INSERT INTO STATECHART_TRANSITIONS_RAW_LOG VALUES(1,2,0,'2016-01-07 08:15:00.000000',608)
COMMIT
INSERT INTO STATECHART_STATES_RAW_LOG VALUES(1,0,'2016-01-07 08:15:00.000000','2016-01-07 08:30:00.000000',609)
COMMIT
INSERT INTO STATECHART_TRANSITIONS_RAW_LOG VALUES(1,2,0,'2016-01-07 08:30:00.000000',609)
COMMIT
INSERT INTO STATECHART_STATES_RAW_LOG VALUES(1,0,'2016-01-07 08:30:00.000000','2016-01-07 08:45:00.000000',610)
COMMIT
INSERT INTO STATECHART_TRANSITIONS_RAW_LOG VALUES(1,2,0,'2016-01-07 08:45:00.000000',610)
COMMIT
INSERT INTO STATECHART_STATES_RAW_LOG VALUES(1,0,'2016-01-07 08:45:00.000000','2016-01-07 09:00:00.000000',611)
COMMIT
INSERT INTO STATECHART_TRANSITIONS_RAW_LOG VALUES(1,2,0,'2016-01-07 09:00:00.000000',611)
COMMIT
INSERT INTO STATECHART_STATES_RAW_LOG VALUES(1,0,'2016-01-07 09:00:00.000000','2016-01-07 09:15:00.000000',612)
COMMIT
INSERT INTO STATECHART_TRANSITIONS_RAW_LOG VALUES(1,2,0,'2016-01-07 09:15:00.000000',612)
COMMIT
INSERT INTO STATECHART_STATES_RAW_LOG VALUES(1,0,'2016-01-07 09:15:00.000000','2016-01-07 09:30:00.000000',613)
COMMIT
INSERT INTO STATECHART_TRANSITIONS_RAW_LOG VALUES(1,2,0,'2016-01-07 09:30:00.000000',613)
COMMIT
INSERT INTO STATECHART_STATES_RAW_LOG VALUES(1,0,'2016-01-07 09:30:00.000000','2016-01-07 09:45:00.000000',614)
COMMIT
INSERT INTO STATECHART_TRANSITIONS_RAW_LOG VALUES(1,2,0,'2016-01-07 09:45:00.000000',614)
COMMIT
INSERT INTO STATECHART_STATES_RAW_LOG VALUES(1,0,'2016-01-07 09:45:00.000000','2016-01-07 10:00:00.000000',615)
COMMIT
INSERT INTO STATECHART_TRANSITIONS_RAW_LOG VALUES(1,2,0,'2016-01-07 10:00:00.000000',615)
COMMIT
INSERT INTO STATECHART_STATES_RAW_LOG VALUES(1,0,'2016-01-07 10:00:00.000000','2016-01-07 10:15:00.000000',616)
COMMIT
INSERT INTO STATECHART_TRANSITIONS_RAW_LOG VALUES(1,2,0,'2016-01-07 10:15:00.000000',616)
COMMIT
INSERT INTO STATECHART_STATES_RAW_LOG VALUES(1,0,'2016-01-07 10:15:00.000000','2016-01-07 10:30:00.000000',617)
COMMIT
INSERT INTO STATECHART_TRANSITIONS_RAW_LOG VALUES(1,2,0,'2016-01-07 10:30:00.000000',617)
COMMIT
INSERT INTO STATECHART_STATES_RAW_LOG VALUES(1,0,'2016-01-07 10:30:00.000000','2016-01-07 10:45:00.000000',618)
COMMIT
INSERT INTO STATECHART_TRANSITIONS_RAW_LOG VALUES(1,2,0,'2016-01-07 10:45:00.000000',618)
COMMIT
INSERT INTO STATECHART_STATES_RAW_LOG VALUES(1,0,'2016-01-07 10:45:00.000000','2016-01-07 11:00:00.000000',619)
COMMIT
INSERT INTO STATECHART_TRANSITIONS_RAW_LOG VALUES(1,2,0,'2016-01-07 11:00:00.000000',619)
COMMIT
INSERT INTO STATECHART_STATES_RAW_LOG VALUES(1,0,'2016-01-07 11:00:00.000000','2016-01-07 11:15:00.000000',620)
COMMIT
INSERT INTO STATECHART_TRANSITIONS_RAW_LOG VALUES(1,2,0,'2016-01-07 11:15:00.000000',620)
COMMIT
INSERT INTO STATECHART_STATES_RAW_LOG VALUES(1,0,'2016-01-07 11:15:00.000000','2016-01-07 11:30:00.000000',621)
COMMIT
INSERT INTO STATECHART_TRANSITIONS_RAW_LOG VALUES(1,2,0,'2016-01-07 11:30:00.000000',621)
COMMIT
INSERT INTO STATECHART_STATES_RAW_LOG VALUES(1,0,'2016-01-07 11:30:00.000000','2016-01-07 11:45:00.000000',622)
COMMIT
INSERT INTO STATECHART_TRANSITIONS_RAW_LOG VALUES(1,2,0,'2016-01-07 11:45:00.000000',622)
COMMIT
INSERT INTO STATECHART_STATES_RAW_LOG VALUES(1,0,'2016-01-07 11:45:00.000000','2016-01-07 12:00:00.000000',623)
COMMIT
INSERT INTO STATECHART_TRANSITIONS_RAW_LOG VALUES(1,2,0,'2016-01-07 12:00:00.000000',623)
COMMIT
INSERT INTO STATECHART_STATES_RAW_LOG VALUES(1,0,'2016-01-07 12:00:00.000000','2016-01-07 12:15:00.000000',624)
COMMIT
INSERT INTO STATECHART_TRANSITIONS_RAW_LOG VALUES(1,2,0,'2016-01-07 12:15:00.000000',624)
COMMIT
INSERT INTO STATECHART_STATES_RAW_LOG VALUES(1,0,'2016-01-07 12:15:00.000000','2016-01-07 12:30:00.000000',625)
COMMIT
INSERT INTO STATECHART_TRANSITIONS_RAW_LOG VALUES(1,2,0,'2016-01-07 12:30:00.000000',625)
COMMIT
INSERT INTO STATECHART_STATES_RAW_LOG VALUES(1,0,'2016-01-07 12:30:00.000000','2016-01-07 12:45:00.000000',626)
COMMIT
INSERT INTO STATECHART_TRANSITIONS_RAW_LOG VALUES(1,2,0,'2016-01-07 12:45:00.000000',626)
COMMIT
INSERT INTO STATECHART_STATES_RAW_LOG VALUES(1,0,'2016-01-07 12:45:00.000000','2016-01-07 13:00:00.000000',627)
COMMIT
INSERT INTO STATECHART_TRANSITIONS_RAW_LOG VALUES(1,2,0,'2016-01-07 13:00:00.000000',627)
COMMIT
INSERT INTO STATECHART_STATES_RAW_LOG VALUES(1,0,'2016-01-07 13:00:00.000000','2016-01-07 13:15:00.000000',628)
COMMIT
INSERT INTO STATECHART_TRANSITIONS_RAW_LOG VALUES(1,2,0,'2016-01-07 13:15:00.000000',628)
COMMIT
INSERT INTO STATECHART_STATES_RAW_LOG VALUES(1,0,'2016-01-07 13:15:00.000000','2016-01-07 13:30:00.000000',629)
COMMIT
INSERT INTO STATECHART_TRANSITIONS_RAW_LOG VALUES(1,2,0,'2016-01-07 13:30:00.000000',629)
COMMIT
INSERT INTO STATECHART_STATES_RAW_LOG VALUES(1,0,'2016-01-07 13:30:00.000000','2016-01-07 13:45:00.000000',630)
COMMIT
INSERT INTO STATECHART_TRANSITIONS_RAW_LOG VALUES(1,2,0,'2016-01-07 13:45:00.000000',630)
COMMIT
INSERT INTO STATECHART_STATES_RAW_LOG VALUES(1,0,'2016-01-07 13:45:00.000000','2016-01-07 14:00:00.000000',631)
COMMIT
INSERT INTO STATECHART_TRANSITIONS_RAW_LOG VALUES(1,2,0,'2016-01-07 14:00:00.000000',631)
COMMIT
INSERT INTO STATECHART_STATES_RAW_LOG VALUES(1,0,'2016-01-07 14:00:00.000000','2016-01-07 14:15:00.000000',632)
COMMIT
INSERT INTO STATECHART_TRANSITIONS_RAW_LOG VALUES(1,2,0,'2016-01-07 14:15:00.000000',632)
COMMIT
INSERT INTO STATECHART_STATES_RAW_LOG VALUES(1,0,'2016-01-07 14:15:00.000000','2016-01-07 14:30:00.000000',633)
COMMIT
INSERT INTO STATECHART_TRANSITIONS_RAW_LOG VALUES(1,2,0,'2016-01-07 14:30:00.000000',633)
COMMIT
INSERT INTO STATECHART_STATES_RAW_LOG VALUES(1,0,'2016-01-07 14:30:00.000000','2016-01-07 14:45:00.000000',634)
COMMIT
INSERT INTO STATECHART_TRANSITIONS_RAW_LOG VALUES(1,2,0,'2016-01-07 14:45:00.000000',634)
COMMIT
INSERT INTO STATECHART_STATES_RAW_LOG VALUES(1,0,'2016-01-07 14:45:00.000000','2016-01-07 15:00:00.000000',635)
COMMIT
INSERT INTO STATECHART_TRANSITIONS_RAW_LOG VALUES(1,2,0,'2016-01-07 15:00:00.000000',635)
COMMIT
INSERT INTO STATECHART_STATES_RAW_LOG VALUES(1,0,'2016-01-07 15:00:00.000000','2016-01-07 15:15:00.000000',636)
COMMIT
INSERT INTO STATECHART_TRANSITIONS_RAW_LOG VALUES(1,2,0,'2016-01-07 15:15:00.000000',636)
COMMIT
INSERT INTO STATECHART_STATES_RAW_LOG VALUES(1,0,'2016-01-07 15:15:00.000000','2016-01-07 15:30:00.000000',637)
COMMIT
INSERT INTO STATECHART_TRANSITIONS_RAW_LOG VALUES(1,2,0,'2016-01-07 15:30:00.000000',637)
COMMIT
INSERT INTO STATECHART_STATES_RAW_LOG VALUES(1,0,'2016-01-07 15:30:00.000000','2016-01-07 15:45:00.000000',638)
COMMIT
INSERT INTO STATECHART_TRANSITIONS_RAW_LOG VALUES(1,2,0,'2016-01-07 15:45:00.000000',638)
COMMIT
INSERT INTO STATECHART_STATES_RAW_LOG VALUES(1,0,'2016-01-07 15:45:00.000000','2016-01-07 16:00:00.000000',639)
COMMIT
INSERT INTO STATECHART_TRANSITIONS_RAW_LOG VALUES(1,2,0,'2016-01-07 16:00:00.000000',639)
COMMIT
INSERT INTO STATECHART_STATES_RAW_LOG VALUES(1,0,'2016-01-07 16:00:00.000000','2016-01-07 16:15:00.000000',640)
COMMIT
INSERT INTO STATECHART_TRANSITIONS_RAW_LOG VALUES(1,2,0,'2016-01-07 16:15:00.000000',640)
COMMIT
INSERT INTO STATECHART_STATES_RAW_LOG VALUES(1,0,'2016-01-07 16:15:00.000000','2016-01-07 16:30:00.000000',641)
COMMIT
INSERT INTO STATECHART_TRANSITIONS_RAW_LOG VALUES(1,2,0,'2016-01-07 16:30:00.000000',641)
COMMIT
INSERT INTO STATECHART_STATES_RAW_LOG VALUES(1,0,'2016-01-07 16:30:00.000000','2016-01-07 16:45:00.000000',642)
COMMIT
INSERT INTO STATECHART_TRANSITIONS_RAW_LOG VALUES(1,2,0,'2016-01-07 16:45:00.000000',642)
COMMIT
INSERT INTO STATECHART_STATES_RAW_LOG VALUES(1,0,'2016-01-07 16:45:00.000000','2016-01-07 17:00:00.000000',643)
COMMIT
INSERT INTO STATECHART_TRANSITIONS_RAW_LOG VALUES(1,2,0,'2016-01-07 17:00:00.000000',643)
COMMIT
INSERT INTO STATECHART_STATES_RAW_LOG VALUES(1,0,'2016-01-07 17:00:00.000000','2016-01-07 17:15:00.000000',644)
COMMIT
INSERT INTO STATECHART_TRANSITIONS_RAW_LOG VALUES(1,2,0,'2016-01-07 17:15:00.000000',644)
COMMIT
INSERT INTO STATECHART_STATES_RAW_LOG VALUES(1,0,'2016-01-07 17:15:00.000000','2016-01-07 17:30:00.000000',645)
COMMIT
INSERT INTO STATECHART_TRANSITIONS_RAW_LOG VALUES(1,2,0,'2016-01-07 17:30:00.000000',645)
COMMIT
INSERT INTO STATECHART_STATES_RAW_LOG VALUES(1,0,'2016-01-07 17:30:00.000000','2016-01-07 17:45:00.000000',646)
COMMIT
INSERT INTO STATECHART_TRANSITIONS_RAW_LOG VALUES(1,2,0,'2016-01-07 17:45:00.000000',646)
COMMIT
INSERT INTO STATECHART_STATES_RAW_LOG VALUES(1,0,'2016-01-07 17:45:00.000000','2016-01-07 18:00:00.000000',647)
COMMIT
INSERT INTO STATECHART_TRANSITIONS_RAW_LOG VALUES(1,2,0,'2016-01-07 18:00:00.000000',647)
COMMIT
INSERT INTO STATECHART_STATES_RAW_LOG VALUES(1,0,'2016-01-07 18:00:00.000000','2016-01-07 18:15:00.000000',648)
COMMIT
INSERT INTO STATECHART_TRANSITIONS_RAW_LOG VALUES(1,2,0,'2016-01-07 18:15:00.000000',648)
COMMIT
INSERT INTO STATECHART_STATES_RAW_LOG VALUES(1,0,'2016-01-07 18:15:00.000000','2016-01-07 18:30:00.000000',649)
COMMIT
INSERT INTO STATECHART_TRANSITIONS_RAW_LOG VALUES(1,2,0,'2016-01-07 18:30:00.000000',649)
COMMIT
INSERT INTO STATECHART_STATES_RAW_LOG VALUES(1,0,'2016-01-07 18:30:00.000000','2016-01-07 18:45:00.000000',650)
COMMIT
INSERT INTO STATECHART_TRANSITIONS_RAW_LOG VALUES(1,2,0,'2016-01-07 18:45:00.000000',650)
COMMIT
INSERT INTO STATECHART_STATES_RAW_LOG VALUES(1,0,'2016-01-07 18:45:00.000000','2016-01-07 19:00:00.000000',651)
COMMIT
INSERT INTO STATECHART_TRANSITIONS_RAW_LOG VALUES(1,2,0,'2016-01-07 19:00:00.000000',651)
COMMIT
INSERT INTO STATECHART_STATES_RAW_LOG VALUES(1,0,'2016-01-07 19:00:00.000000','2016-01-07 19:15:00.000000',652)
COMMIT
INSERT INTO STATECHART_TRANSITIONS_RAW_LOG VALUES(1,2,0,'2016-01-07 19:15:00.000000',652)
COMMIT
INSERT INTO STATECHART_STATES_RAW_LOG VALUES(1,0,'2016-01-07 19:15:00.000000','2016-01-07 19:30:00.000000',653)
COMMIT
INSERT INTO STATECHART_TRANSITIONS_RAW_LOG VALUES(1,2,0,'2016-01-07 19:30:00.000000',653)
COMMIT
INSERT INTO STATECHART_STATES_RAW_LOG VALUES(1,0,'2016-01-07 19:30:00.000000','2016-01-07 19:45:00.000000',654)
COMMIT
INSERT INTO STATECHART_TRANSITIONS_RAW_LOG VALUES(1,2,0,'2016-01-07 19:45:00.000000',654)
COMMIT
INSERT INTO STATECHART_STATES_RAW_LOG VALUES(1,0,'2016-01-07 19:45:00.000000','2016-01-07 20:00:00.000000',655)
COMMIT
INSERT INTO STATECHART_TRANSITIONS_RAW_LOG VALUES(1,2,0,'2016-01-07 20:00:00.000000',655)
COMMIT
INSERT INTO STATECHART_STATES_RAW_LOG VALUES(1,0,'2016-01-07 20:00:00.000000','2016-01-07 20:15:00.000000',656)
COMMIT
INSERT INTO STATECHART_TRANSITIONS_RAW_LOG VALUES(1,2,0,'2016-01-07 20:15:00.000000',656)
COMMIT
INSERT INTO STATECHART_STATES_RAW_LOG VALUES(1,0,'2016-01-07 20:15:00.000000','2016-01-07 20:30:00.000000',657)
COMMIT
INSERT INTO STATECHART_TRANSITIONS_RAW_LOG VALUES(1,2,0,'2016-01-07 20:30:00.000000',657)
COMMIT
INSERT INTO STATECHART_STATES_RAW_LOG VALUES(1,0,'2016-01-07 20:30:00.000000','2016-01-07 20:45:00.000000',658)
COMMIT
INSERT INTO STATECHART_TRANSITIONS_RAW_LOG VALUES(1,2,0,'2016-01-07 20:45:00.000000',658)
COMMIT
INSERT INTO STATECHART_STATES_RAW_LOG VALUES(1,0,'2016-01-07 20:45:00.000000','2016-01-07 21:00:00.000000',659)
COMMIT
INSERT INTO STATECHART_TRANSITIONS_RAW_LOG VALUES(1,2,0,'2016-01-07 21:00:00.000000',659)
COMMIT
INSERT INTO STATECHART_STATES_RAW_LOG VALUES(1,0,'2016-01-07 21:00:00.000000','2016-01-07 21:15:00.000000',660)
COMMIT
INSERT INTO STATECHART_TRANSITIONS_RAW_LOG VALUES(1,2,0,'2016-01-07 21:15:00.000000',660)
COMMIT
INSERT INTO STATECHART_STATES_RAW_LOG VALUES(1,0,'2016-01-07 21:15:00.000000','2016-01-07 21:30:00.000000',661)
COMMIT
INSERT INTO STATECHART_TRANSITIONS_RAW_LOG VALUES(1,2,0,'2016-01-07 21:30:00.000000',661)
COMMIT
INSERT INTO STATECHART_STATES_RAW_LOG VALUES(1,0,'2016-01-07 21:30:00.000000','2016-01-07 21:45:00.000000',662)
COMMIT
INSERT INTO STATECHART_TRANSITIONS_RAW_LOG VALUES(1,2,0,'2016-01-07 21:45:00.000000',662)
COMMIT
INSERT INTO STATECHART_STATES_RAW_LOG VALUES(1,0,'2016-01-07 21:45:00.000000','2016-01-07 22:00:00.000000',663)
COMMIT
INSERT INTO STATECHART_TRANSITIONS_RAW_LOG VALUES(1,2,0,'2016-01-07 22:00:00.000000',663)
COMMIT
INSERT INTO STATECHART_STATES_RAW_LOG VALUES(1,0,'2016-01-07 22:00:00.000000','2016-01-07 22:15:00.000000',664)
COMMIT
INSERT INTO STATECHART_TRANSITIONS_RAW_LOG VALUES(1,2,0,'2016-01-07 22:15:00.000000',664)
COMMIT
INSERT INTO STATECHART_STATES_RAW_LOG VALUES(1,0,'2016-01-07 22:15:00.000000','2016-01-07 22:30:00.000000',665)
COMMIT
INSERT INTO STATECHART_TRANSITIONS_RAW_LOG VALUES(1,2,0,'2016-01-07 22:30:00.000000',665)
COMMIT
INSERT INTO STATECHART_STATES_RAW_LOG VALUES(1,0,'2016-01-07 22:30:00.000000','2016-01-07 22:45:00.000000',666)
COMMIT
INSERT INTO STATECHART_TRANSITIONS_RAW_LOG VALUES(1,2,0,'2016-01-07 22:45:00.000000',666)
COMMIT
INSERT INTO STATECHART_STATES_RAW_LOG VALUES(1,0,'2016-01-07 22:45:00.000000','2016-01-07 23:00:00.000000',667)
COMMIT
INSERT INTO STATECHART_TRANSITIONS_RAW_LOG VALUES(1,2,0,'2016-01-07 23:00:00.000000',667)
COMMIT
INSERT INTO STATECHART_STATES_RAW_LOG VALUES(1,0,'2016-01-07 23:00:00.000000','2016-01-07 23:15:00.000000',668)
COMMIT
INSERT INTO STATECHART_TRANSITIONS_RAW_LOG VALUES(1,2,0,'2016-01-07 23:15:00.000000',668)
COMMIT
INSERT INTO STATECHART_STATES_RAW_LOG VALUES(1,0,'2016-01-07 23:15:00.000000','2016-01-07 23:30:00.000000',669)
COMMIT
INSERT INTO STATECHART_TRANSITIONS_RAW_LOG VALUES(1,2,0,'2016-01-07 23:30:00.000000',669)
COMMIT
INSERT INTO STATECHART_STATES_RAW_LOG VALUES(1,0,'2016-01-07 23:30:00.000000','2016-01-07 23:45:00.000000',670)
COMMIT
INSERT INTO STATECHART_TRANSITIONS_RAW_LOG VALUES(1,2,0,'2016-01-07 23:45:00.000000',670)
COMMIT
INSERT INTO STATECHART_STATES_RAW_LOG VALUES(1,0,'2016-01-07 23:45:00.000000','2016-01-08 00:00:00.000000',671)
COMMIT
INSERT INTO STATECHART_TRANSITIONS_RAW_LOG VALUES(1,2,0,'2016-01-08 00:00:00.000000',671)
COMMIT
