Property_ID,Included_SPF_analysis,Excluded_SPF_analysis_reason,Whole_dataset_start,Whole_dataset_end,Whole_dataset_duration_days,Cleansed_dataset_start,Cleansed_dataset_end,Cleansed_dataset_duration_days,Selected_window_start,Selected_window_end,Max_quality_score_selected_window,Mean_quality_score_selected_window,SPFH2_selected_window,SPFH3_selected_window,SPFH4_selected_window,Whole_System_Energy_Consumed_selected_window,HP_Energy_Output_selected_window,IH_Energy_Consumed_selected_window,BUH_Energy_Consumed_selected_window,CP_Energy_Consumed_selected_window,Boiler_Energy_Output_selected_window,Difference_SPFH2_SCOP,Proportional_difference_SPFH2_SCOP,Ratio_SPFH2_SCOP,Mean_annual_SH_flow_temp_selected_window,Mean_annual_HW_flow_temp_selected_window,Mean_annual_Return_temp_selected_window,Winter_mean_SH_flow_temp_selected_window,Winter_mean_return_temp_selected_window,Max_SH_flow_temp_selected_window,Flow_>65C_flag_selected_window,Proportion_flow_>65C_selected_window,Temp_cleaning_outcome,SW_proportion_complete_Whole_System_Energy_Consumed,SW_proportion_complete_HP_Energy_Output,SW_proportion_complete_IH_Energy_Consumed,SW_proportion_complete_BUH_Energy_Consumed,SW_proportion_complete_CP_Energy_Consumed,SW_proportion_complete_Boiler_Energy_Output,Acceptable_windows_count,Acceptable_windows_SPFH2_mean,Acceptable_windows_SPFH2_std,Acceptable_windows_SPFH2_median,Acceptable_windows_SPFH3_mean,Acceptable_windows_SPFH3_std,Acceptable_windows_SPFH3_median,Acceptable_windows_SPFH4_mean,Acceptable_windows_SPFH4_std,Acceptable_windows_SPFH4_median,Included_coldest_day_analysis,Coldest_day_start,Coldest_day_COPH4,Coldest_day_External_Air_Temp_mean,Coldest_day_External_Air_Temp_max,Coldest_day_External_Air_Temp_min,Coldest_day_Internal_Air_Temp_mean,Coldest_day_Internal_Air_Temp_max,Coldest_day_Internal_Air_Temp_min,Coldest_day_Whole_System_Energy_Consumed,Coldest_day_HP_Energy_Output,Coldest_day_IH_Energy_Consumed,Coldest_day_BUH_Energy_Consumed,Coldest_day_CP_Energy_Consumed,Coldest_day_Boiler_Energy_Output,CD_proportion_complete_Whole_System_Energy_Consumed,CD_proportion_complete_HP_Energy_Output,CD_proportion_complete_IH_Energy_Consumed,CD_proportion_complete_BUH_Energy_Consumed,CD_proportion_complete_CP_Energy_Consumed,CD_proportion_complete_Boiler_Energy_Output
EOH0001,FALSE,Less than 1yr data available,01/12/2021 11:04,15/08/2022 09:16,256.93,01/12/2021 11:04,15/08/2022 09:14,256.92,,,,,,,,,,,,,,,,,,,,,,,,,cleaned,,,,,,,,,,,,,,,,,TRUE,22/12/2021 00:00,0.912,0.8,5.1,-4.3,11.92,14.48,10.38,7.73,4.76,2.29,0,0,,1,1,1,,1,
EOH0003,TRUE,,15/04/2021 16:16,28/09/2023 23:58,896.32,15/04/2021 16:18,28/09/2023 23:56,896.32,23/05/2021,23/05/2022,2,0.001,2.737,2.592,2.502,3640.01,8811.39,294.14,0,126.84,,-0.833,-23.33,1.3,30.74,34.23,28.33,33.28,30.53,55.07,FALSE,0,cleaned,0.998,0.998,0.999,,0.998,,478,2.776,0.054,2.75,2.673,0.073,2.676,2.575,0.067,2.578,TRUE,13/12/2022 00:00,1.96,-5.52,-2.97,-7.94,18.14,18.91,16.96,36.15,58.88,11.99,0,0.9,,1,1,1,,1,
EOH0005,TRUE,,21/05/2021 14:00,28/09/2023 23:58,860.42,21/05/2021 14:02,28/09/2023 23:56,860.41,27/07/2022,27/07/2023,2,0.001,3.476,3.476,3.405,3220.01,10964.88,0,0,65.28,,0.086,2.53,0.98,35.6,38.82,33.52,37.54,35.16,76.77,TRUE,0.00007,cleaned,0.999,0.999,,,0.999,,258,3.15,0.439,3.392,3.15,0.439,3.392,3.088,0.428,3.324,TRUE,13/12/2022 00:00,2.698,-6.42,-2.6,-8.37,19.85,21.79,17.95,32.97,88.94,0,0,0.47,,1,1,,,1,
EOH0014,TRUE,,22/06/2021 14:30,29/12/2022 16:26,555.08,29/08/2021 00:00,29/12/2022 16:26,487.68,29/08/2021,29/08/2022,3.3,0.8,2.531,2.531,2.076,1908.84,3962.69,0,0,343.42,3959.46,-0.499,-16.46,1.2,41.46,41.46,35.04,41.69,35.87,56.32,FALSE,0,cleaned,0.972,0.972,,,0.972,0.895,114,2.37,0.089,2.362,2.37,0.089,2.362,1.887,0.105,1.877,FALSE,13/12/2022 00:00,0.02,-5.52,-2.97,-7.94,16.39,19.59,14.42,3.51,0.07,0,0,1.56,77.82,1,1,,,1,1
EOH0018,TRUE,,19/12/2020 10:40,29/09/2023 00:00,1013.56,19/12/2020 10:44,28/09/2023 23:58,1013.55,17/04/2021,17/04/2022,2,0,4.023,4.023,3.788,2384.79,9033.81,0,0,139.08,4534.93,1.063,35.9,0.74,39.42,39.42,34.37,40.31,35.22,64.65,TRUE,0.00001,cleaned,0.999,0.999,,,0.999,0.92,331,4.278,0.342,4.088,4.278,0.342,4.088,4.015,0.294,3.849,FALSE,13/12/2022 00:00,21.19,-5.52,-2.97,-7.94,20.21,21,19.37,3.07,65.05,0,0,1.33,63.94,1,1,,,1,1
EOH0021,TRUE,,17/08/2021 15:30,28/09/2023 23:58,772.35,17/08/2021 15:32,28/09/2023 23:56,772.35,03/05/2022,03/05/2023,2,0.061,3.369,3.337,2.81,3304.87,9248.67,37.07,0,522.53,,-0.441,-11.58,1.13,33.97,36.94,32.12,35.86,33.78,60.22,FALSE,0,cleaned,0.971,0.961,0.971,,0.971,,360,3.39,0.028,3.382,3.359,0.026,3.348,2.832,0.022,2.824,TRUE,13/12/2022 00:00,2.186,-6.42,-2.6,-8.37,17.04,19.37,14.5,50.1,109.51,0,0,4.06,,1,1,1,,1,
EOH0025,FALSE,Less than 1yr data available,15/04/2021 13:04,31/03/2022 23:58,350.45,15/04/2021 13:06,31/03/2022 23:56,350.45,,,,,,,,,,,,,,,,,,,,,,,,,cleaned,,,,,,,,,,,,,,,,,TRUE,18/01/2022 00:00,2.827,1.44,5.3,-3.4,19.16,21.09,17.27,15.42,43.6,0,0,0.26,,1,1,1,,1,
EOH0026,TRUE,,05/05/2021 14:20,28/09/2023 23:58,876.4,06/05/2021 00:00,28/09/2023 23:56,876,23/07/2022,23/07/2023,1,0,2.858,2.808,2.724,5231.91,14116.03,135.8,0,156.16,,-0.362,-11.26,1.13,37.76,38.26,34.37,38.25,34.94,55.96,FALSE,0,cleaned,0.999,0.999,0.999,,0.999,,510,2.84,0.016,2.836,2.798,0.014,2.802,2.717,0.013,2.722,TRUE,13/12/2022 00:00,2.367,-5.52,-2.97,-7.94,13.19,13.96,12.49,34.98,78.69,4.13,0,1.04,,1,1,1,,1,
EOH0027,FALSE,Quality score outside threshold,26/07/2021 11:06,27/07/2023 13:18,731.09,06/08/2021 00:00,27/07/2023 13:16,720.55,31/12/2021,31/12/2022,4,2.242,2.858,2.858,2.759,2501.24,6900.68,0,0,86.61,,,,,40.96,41.43,34.64,40.82,35.08,55.26,FALSE,0,cleaned,0.252,0.252,,,0.252,,88,2.826,0.018,2.818,2.826,0.018,2.818,2.729,0.018,2.722,TRUE,16/01/2023 00:00,2.408,-2.4,0.27,-5.71,15.56,16.29,14.98,22.73,54.72,0,0,0.83,,1,1,,,1,
EOH0029,FALSE,Less than 1yr data available,23/11/2021 18:02,17/03/2022 00:04,113.25,23/11/2021 18:04,17/03/2022 00:04,113.25,,,,,,,,,,,,,,,,,,,,,,,,,cleaned,,,,,,,,,,,,,,,,,TRUE,04/01/2022 00:00,1.93,-0.99,0.59,-3.3,19.29,21.23,17.95,34.84,67.25,0,0,0.42,,1,1,,,1,
EOH0031,TRUE,,26/02/2021 14:16,28/09/2023 23:58,944.4,26/02/2021 14:18,28/09/2023 23:56,944.4,21/05/2021,21/05/2022,0,0,2.94,2.94,2.901,6045.89,17540.01,0,0,80.11,,-0.71,-19.45,1.24,40.46,42.58,35.09,41.99,37.07,74.33,TRUE,0.00049,cleaned,0.999,0.999,,,0.999,,578,2.86,0.077,2.9,2.86,0.077,2.9,2.822,0.076,2.861,TRUE,13/12/2022 00:00,2.372,-6.42,-2.6,-8.37,21.52,21.91,20.61,39.41,93.46,0,0,0.6,,1,1,,,1,
EOH0033,TRUE,,07/07/2021 10:50,28/09/2023 23:58,813.55,07/07/2021 10:50,28/09/2023 23:56,813.55,31/08/2021,31/08/2022,2,0.001,2.649,2.649,2.52,4346.23,10954.2,0,0,211.23,,-1.561,-37.07,1.59,42.27,45.28,39.37,45.17,41.61,77.08,TRUE,0.00159,cleaned,0.999,0.999,,,0.999,,310,2.183,0.372,1.868,2.183,0.372,1.868,2.085,0.352,1.788,TRUE,28/11/2021 00:00,2.307,0.35,3.2,-2.78,18.72,20.56,17.62,46.38,107.01,0,0,1.5,,1,1,,,1,
EOH0034,FALSE,Less than 1yr data available,25/05/2021 14:22,31/03/2022 23:58,310.4,25/05/2021 14:24,31/03/2022 23:56,310.4,,,,,,,,,,,,,,,,,,,,,,,,,cleaned,,,,,,,,,,,,,,,,,TRUE,04/01/2022 00:00,2.72,-0.99,0.59,-3.3,17.21,19.5,15.55,11.58,31.52,0,0,0.31,,1,1,,,1,
EOH0038,TRUE,,17/08/2021 12:52,20/08/2023 23:58,733.46,17/08/2021 12:54,20/08/2023 23:56,733.46,20/08/2022,20/08/2023,3.3,0.128,3.019,3.019,2.942,1281.97,3771.82,0,0,32.75,,-0.751,-19.91,1.25,38.41,42.6,33.45,40.51,34.96,69.64,TRUE,0.00044,cleaned,0.98,0.98,,,0.98,,361,2.802,0.165,2.82,2.802,0.165,2.82,2.667,0.209,2.668,TRUE,13/12/2022 00:00,2.71,-1.35,1.62,-4.46,13.26,14.8,12.67,16.93,45.86,0,0,0.35,,1,1,,,1,
EOH0043,FALSE,Less than 1yr data available,28/06/2021 12:44,14/06/2022 23:58,351.47,28/06/2021 12:46,14/06/2022 23:56,351.47,,,,,,,,,,,,,,,,,,,,,,,,,cleaned,,,,,,,,,,,,,,,,,TRUE,28/11/2021 00:00,2.839,0.35,3.2,-2.78,20.06,21.69,17.51,33.98,96.46,0,0,0.24,,1,1,,,1,
EOH0047,TRUE,,07/05/2021 11:04,28/09/2023 23:58,874.54,07/05/2021 11:06,28/09/2023 23:56,874.53,13/07/2022,13/07/2023,1,0,3.132,3.132,3.011,7088.01,21341.22,0,0,274.48,,-0.778,-19.89,1.25,34.92,34.91,31.28,37.28,32.8,72.11,TRUE,0.00002,cleaned,0.999,0.999,,,0.999,,442,3.042,0.156,3.13,3.042,0.156,3.13,2.937,0.136,3.009,TRUE,13/12/2022 00:00,2.028,-5.52,-2.97,-7.94,17.52,19.13,15.98,65.7,133.28,0,0,0.77,,1,1,,,1,
EOH0048,TRUE,,22/09/2021 15:06,28/09/2023 23:58,736.37,28/09/2021 00:00,28/09/2023 23:56,731,09/08/2022,09/08/2023,2,0,3.095,3.035,2.904,4456.59,12820.7,121.07,0,192.93,,-0.715,-18.77,1.23,41.93,44.5,36.02,44.03,37.87,62.42,FALSE,0,cleaned,0.999,0.999,0.999,,0.999,,355,3.12,0.031,3.11,3.082,0.044,3.071,2.944,0.037,2.935,TRUE,13/12/2022 00:00,1.981,-8.28,-4.1,-10.91,17.65,18.48,16.83,66.69,131.24,0.85,0,1.25,,1,1,1,,1,
EOH0063,TRUE,,26/03/2021 09:10,26/09/2023 11:18,914.09,26/03/2021 09:12,26/09/2023 11:16,914.09,31/05/2022,31/05/2023,2,0.001,2.922,2.87,2.723,3210.18,8660.02,81.65,0,164.43,,-0.598,-17,1.2,33.03,35.75,30.36,35.35,32.75,59.85,FALSE,0,cleaned,0.998,0.998,0.998,,0.998,,535,2.958,0.03,2.964,2.912,0.035,2.918,2.763,0.034,2.769,TRUE,13/12/2022 00:00,2.373,-5.52,-2.97,-7.94,18.42,19.73,16.11,30.53,70.44,2.02,0,1.14,,1,1,1,,1,
EOH0065,TRUE,,04/03/2021 16:46,28/09/2023 23:58,938.3,04/03/2021 16:48,28/09/2023 23:56,938.3,05/05/2021,05/05/2022,0,0,3.346,3.346,3.314,2280.97,7559.76,0,0,21.32,,-0.304,-8.34,1.09,36.29,39.62,32.56,38.26,34.18,75.53,TRUE,0.00035,cleaned,1,1,,,1,,555,3.374,0.035,3.378,3.374,0.035,3.378,3.339,0.032,3.341,TRUE,13/12/2022 00:00,2.642,-6.42,-2.6,-8.37,19.21,20.34,18.46,23.39,61.81,0,0,0.18,,1,1,,,1,
EOH0066,TRUE,,26/08/2021 13:46,28/09/2023 23:58,763.43,26/08/2021 13:48,28/09/2023 23:56,763.42,04/09/2022,04/09/2023,2,0.081,4.167,4.167,3.9,1773.26,6915.52,0,0,113.6,,0.257,6.57,0.94,28.86,29.9,26.49,30.05,27.53,58.39,FALSE,0,cleaned,0.959,0.959,,,0.959,,379,3.989,0.208,4.097,3.989,0.208,4.097,3.763,0.164,3.848,TRUE,12/12/2022 00:00,3.628,-3.87,-0.32,-5.95,13.53,13.63,13.12,14.13,51.25,0,0,0.83,,1,1,,,1,
EOH0067,TRUE,,26/01/2021 14:24,28/09/2023 23:58,975.4,26/01/2021 14:26,28/09/2023 23:56,975.4,06/09/2022,06/09/2023,1,0,2.947,2.89,2.865,2659,7541.9,76.55,0,22.84,,-1.193,-28.83,1.41,40.11,42.03,36.96,41.26,37.98,60.02,FALSE,0,cleaned,0.999,0.999,0.999,,0.999,,608,3.005,0.047,3.005,2.933,0.039,2.941,2.906,0.038,2.911,TRUE,13/12/2022 00:00,2.063,-7.92,-2.77,-11.6,18.77,20.31,16.93,36.73,75.78,0,0,0.26,,1,1,1,,1,
EOH0069,TRUE,,24/03/2021 16:24,14/09/2023 13:50,903.89,25/03/2021 00:00,14/09/2023 13:48,903.58,19/04/2021,19/04/2022,3.3,0.894,2.894,2.894,2.731,2048.41,5593.98,0,0,115.42,4070.61,-0.066,-2.23,1.02,39.58,39.58,34.6,40,35.18,49.41,FALSE,0,cleaned,0.999,1,,,1,0.89,49,2.9,0.023,2.911,2.9,0.023,2.911,2.739,0.026,2.75,FALSE,13/12/2022 00:00,0.073,-5.52,-2.97,-7.94,14.69,15.67,13.82,3.21,0.24,0,0,1.43,50.75,0.587,0.587,,,0.588,0.588
EOH0073,TRUE,,18/05/2021 13:56,29/09/2023 00:00,863.42,18/05/2021 13:58,28/09/2023 23:58,863.42,23/05/2021,23/05/2022,1,0,3.491,3.421,3.147,2938.38,9171.22,75.57,0,235.65,,-0.349,-9.09,1.1,41.12,43.73,37.97,42.7,39.56,60.6,FALSE,0,cleaned,0.999,0.999,0.999,,0.999,,477,3.394,0.073,3.359,3.322,0.074,3.288,3.081,0.053,3.071,TRUE,13/12/2022 00:00,2.581,-1.6,0.49,-3.77,17.77,19.81,16.14,21.67,55.93,0,0,2.1,,1,1,0.999,,1,
EOH0075,TRUE,,22/04/2021 15:02,28/09/2023 23:58,889.37,22/04/2021 15:06,28/09/2023 23:58,889.37,30/05/2022,30/05/2023,3.3,0.56,2.269,2.269,2.056,954.39,1961.88,0,0,89.69,4787.2,,,,39.08,39.08,34.62,40.67,36.54,56.91,FALSE,0,cleaned,0.999,0.999,,,0.999,0.987,521,2.194,0.061,2.17,2.194,0.061,2.17,1.943,0.091,1.899,FALSE,13/12/2022 00:00,0.06,-5.52,-2.97,-7.94,19.32,21.11,16.71,2.74,0.16,0,0,1.19,68.23,1,1,,,1,1
EOH0079,TRUE,,03/08/2021 11:30,28/09/2023 23:58,786.52,04/08/2021 00:00,28/09/2023 23:56,786,16/06/2022,16/06/2023,2,0,4.301,3.927,3.867,3043.26,11428.52,339.47,0,46.55,,0.651,17.83,0.85,37.97,44.32,32.7,42.16,36.42,72.08,TRUE,0.00463,cleaned,0.999,0.999,0.999,,0.999,,413,4.261,0.048,4.28,3.905,0.027,3.914,3.845,0.026,3.854,FALSE,13/12/2022 00:00,4.099,-6.42,-2.6,-8.37,17.4,18.31,15.82,29.02,114.43,4.54,0,0.42,,1,1,1,,1,
EOH0082,TRUE,,04/03/2021 12:30,28/09/2023 23:58,938.48,04/03/2021 12:30,28/09/2023 23:56,938.48,15/03/2022,15/03/2023,2,0.001,3.251,3.243,3.221,4398.25,14153.7,14.43,0,29.72,,-0.889,-21.48,1.27,42.34,43.61,37.63,43.51,38.76,61.15,FALSE,0,cleaned,0.998,0.998,0.998,,0.998,,507,3.276,0.034,3.268,3.266,0.037,3.261,3.244,0.037,3.238,TRUE,13/12/2022 00:00,2.488,-6.42,-2.6,-8.37,18.08,18.86,16.63,56.68,141,0,0,0.33,,1,1,1,,1,
EOH0087,FALSE,Less than 1yr data available,18/05/2021 11:10,14/03/2022 11:34,300.02,18/05/2021 11:12,14/03/2022 11:32,300.01,,,,,,,,,,,,,,,,,,,,,,,,,cleaned,,,,,,,,,,,,,,,,,TRUE,07/01/2022 00:00,2.436,1.51,2.85,0.8,,,,15.27,37.2,0,0,0.1,,1,1,1,,1,
EOH0091,TRUE,,16/06/2021 13:18,29/09/2023 00:00,834.45,16/06/2021 13:20,28/09/2023 23:58,834.44,21/07/2022,21/07/2023,2,0.015,3.054,3.054,3.002,2754.61,8270.57,0,0,46.31,,-0.866,-22.1,1.28,36.77,41.66,34.35,39.99,37.15,73.36,TRUE,0.00038,cleaned,0.99,0.99,,,0.99,,431,3.241,0.157,3.197,3.241,0.157,3.197,3.155,0.135,3.107,TRUE,13/12/2022 00:00,2.224,-6.42,-2.6,-8.37,19.43,19.59,19.09,38.07,84.68,0,0,0.44,,1,1,,,1,
EOH0094,TRUE,,16/06/2021 09:32,29/09/2023 00:00,834.6,16/06/2021 09:32,28/09/2023 23:58,834.6,20/10/2021,20/10/2022,2,0.001,3.655,3.655,3.527,5199.2,18336.62,0,0,182.42,,-0.115,-3.05,1.03,34.82,37.71,31.04,36.07,32.14,64.41,FALSE,0,cleaned,0.999,0.999,0.999,,0.999,,445,3.528,0.139,3.467,3.528,0.139,3.467,3.41,0.127,3.353,TRUE,13/12/2022 00:00,2.756,-6.42,-2.6,-8.37,17.5,19.05,15.59,58.02,159.91,0,0,1.43,,1,1,1,,1,
EOH0102,TRUE,,29/01/2021 14:26,29/09/2023 00:00,972.4,29/01/2021 14:28,28/09/2023 23:58,972.4,03/03/2021,03/03/2022,2,0.04,2.956,2.956,2.751,6643.66,18274.46,0,0,462.33,,-0.854,-22.4,1.29,42.22,42.85,39.93,41.26,38.6,63.31,FALSE,0,cleaned,0.979,0.979,0.979,,0.979,,533,2.896,0.381,3.01,2.896,0.381,3.01,2.682,0.344,2.799,TRUE,11/02/2021 00:00,1.29,-7.07,-0.4,-11.9,14.63,15.31,14.06,45.32,58.47,0,0,1.63,,1,1,1,,1,
EOH0105,TRUE,,27/02/2021 13:44,05/10/2022 07:36,584.74,27/02/2021 13:46,05/10/2022 07:34,584.74,14/08/2021,14/08/2022,2,0.004,3.142,3.073,2.916,3642.06,10508.54,111.8,0,185.93,,-0.278,-8.12,1.09,42.5,43.84,38.28,44.57,39.98,58.06,FALSE,0,cleaned,0.996,0.996,0.996,,0.996,,216,3.108,0.037,3.103,3.037,0.041,3.035,2.882,0.039,2.881,TRUE,08/03/2021 00:00,2.408,0.02,0.08,-0.04,19.43,19.45,19.33,39.14,92.56,1.7,0,1.58,,1,1,1,,1,
EOH0107,TRUE,,02/09/2021 12:14,12/09/2023 12:44,740.02,02/09/2021 12:16,12/09/2023 12:44,740.02,27/03/2022,27/03/2023,2,0.08,2.866,2.767,2.717,2443.71,6512.74,126.5,0,44.41,,-0.944,-24.79,1.33,39.11,40.15,36.25,40.24,37.39,57.86,FALSE,0,cleaned,0.951,0.951,0.95,,0.951,,241,2.866,0.027,2.862,2.773,0.027,2.762,2.725,0.028,2.712,TRUE,13/12/2022 00:00,2.439,-6.42,-2.6,-8.37,17.44,18.64,16.8,36,87.82,0,0,0.41,,1,1,1,,1,
EOH0119,TRUE,,22/04/2021 14:28,28/09/2023 23:58,889.4,22/04/2021 14:30,28/09/2023 23:56,889.39,18/07/2022,18/07/2023,1,0.002,2.961,2.799,2.482,2342.8,5644.07,171.42,0,265.1,,-0.969,-24.66,1.33,40.46,44.27,37.83,43,39.87,59.24,FALSE,0,cleaned,0.997,0.997,0.997,,0.997,,439,3.074,0.088,3.09,2.918,0.094,2.932,2.607,0.101,2.616,TRUE,13/12/2022 00:00,1.976,-1.35,1.62,-4.46,14.09,18.2,11.9,24.02,44.19,3.28,0,2.04,,1,1,1,,1,
EOH0121,TRUE,,19/03/2021 17:06,28/09/2023 23:58,923.29,19/03/2021 17:06,28/09/2023 23:56,923.28,22/02/2022,22/02/2023,1,0.001,2.521,2.521,2.521,2635.34,6643.4,0,0,0.01,,-1.039,-29.19,1.41,39.21,45.1,35.5,43.73,39.96,60.16,FALSE,0,cleaned,0.998,0.998,0.998,,0.998,,446,2.571,0.046,2.545,2.571,0.046,2.545,2.571,0.046,2.545,TRUE,17/01/2023 00:00,2.176,-2.27,0.11,-4.29,18.33,19.83,16.86,26.56,57.81,0,0,0,,1,1,1,,1,
EOH0126,TRUE,,27/04/2021 09:12,29/12/2022 16:24,611.3,28/04/2021 00:00,29/12/2022 16:22,610.68,15/05/2021,15/05/2022,2,0.003,2.705,2.657,2.657,4415.64,11610.77,122.88,0,0,,-0.865,-24.24,1.32,34.6,36.12,31.03,35.85,32.34,55.51,FALSE,0,cleaned,0.996,0.996,0.996,,0.996,,245,2.679,0.026,2.685,2.609,0.034,2.613,2.609,0.034,2.613,TRUE,13/12/2022 00:00,1.991,-5.52,-2.97,-7.94,,,,39.25,73.33,4.81,0,0,,1,1,1,,1,
EOH0132,FALSE,Less than 1yr data available,30/09/2021 14:20,28/09/2022 23:58,363.4,30/09/2021 14:22,28/09/2022 23:56,363.4,,,,,,,,,,,,,,,,,,,,,,,,,cleaned,,,,,,,,,,,,,,,,,TRUE,17/12/2021 00:00,2.552,0.06,0.1,0,18.33,18.49,18.18,21.11,51.52,2.37,0,0.2,,1,1,1,,1,
EOH0136,FALSE,Less than 1yr usable data,10/12/2020 17:16,09/04/2022 07:20,484.59,10/12/2020 17:16,05/04/2022 22:28,481.22,,,,,,,,,,,,,,,,,,,,,,,,,sensor swaps not checked,,,,,,,,,,,,,,,,,FALSE,31/12/2020 05:48,,-0.3,3.18,-3.3,21.41,23.5,18.56,10.64,,0,0,0,,1,1,,,1,
EOH0144,TRUE,,19/01/2021 15:02,24/07/2023 13:50,915.95,19/01/2021 15:04,24/07/2023 13:48,915.95,14/07/2022,14/07/2023,0,0,2.551,1.986,1.912,2287.19,3569.17,802.84,0,85.23,,-0.599,-19.02,1.23,38.27,41.26,32.94,41.53,36.26,59.06,FALSE,0,cleaned,1,1,1,,1,,423,2.544,0.01,2.549,2.09,0.08,2.085,2.038,0.093,2.033,FALSE,11/02/2021 00:00,0.088,-7.07,-0.4,-11.9,19.56,22.68,16.18,20.97,1.84,0,0,1.29,,1,1,,,1,
EOH0159,TRUE,,19/02/2021 11:28,28/09/2023 23:56,951.52,21/02/2021 00:00,28/09/2023 23:56,950,27/09/2022,27/09/2023,2,0.025,2.676,2.601,2.601,1410.6,3606.7,62.84,0,0,,-0.674,-20.12,1.25,24.36,26.41,22.19,22.83,20.68,55.52,FALSE,0,cleaned,0.975,0.975,0.975,,0.975,,234,2.699,0.047,2.691,2.589,0.071,2.575,2.589,0.071,2.575,TRUE,15/12/2022 00:00,2.709,-0.29,1.97,-1.87,13.63,13.73,13.42,14.48,39.22,0,0,0,,1,1,1,,1,
EOH0162,FALSE,Less than 1yr data available,15/11/2021 19:06,31/03/2022 23:58,136.2,16/11/2021 00:00,31/03/2022 23:56,136,,,,,,,,,,,,,,,,,,,,,,,,,cleaned,,,,,,,,,,,,,,,,,TRUE,04/01/2022 00:00,2.118,-0.99,0.59,-3.3,12.17,15.9,9.66,44.62,94.5,0,0,0.5,,1,1,,,1,
EOH0166,TRUE,,22/03/2021 15:28,29/09/2023 00:00,920.36,22/03/2021 15:30,28/09/2023 23:58,920.35,27/08/2022,27/08/2023,0,0,2.495,2.495,2.4,3288.13,7892.02,0,0,124.71,,-1.145,-31.46,1.46,40.95,41.83,38.23,41.59,38.92,61.59,FALSE,0,cleaned,1,1,1,,1,,399,2.536,0.051,2.496,2.536,0.051,2.496,2.386,0.029,2.398,TRUE,17/01/2023 00:00,1.816,-2.27,0.11,-4.29,19.93,20.86,19.53,45.66,82.9,0,0,0.97,,1,1,1,,1,
EOH0172,TRUE,,30/04/2021 09:14,28/09/2023 23:58,881.61,30/04/2021 09:16,28/09/2023 23:56,881.61,15/05/2021,15/05/2022,0,0,3.068,3.068,2.994,5448.25,16312.91,0,0,130.86,,-0.852,-21.74,1.28,44.27,46.28,42.08,46.14,43.54,75.85,TRUE,0.00107,cleaned,1,1,,,1,,513,3.068,0.008,3.068,3.068,0.008,3.068,2.998,0.009,3,FALSE,13/12/2022 00:00,0.521,-1.35,1.62,-4.46,,,,8.53,4.44,0,0,0.63,,1,1,,,1,
EOH0174,TRUE,,05/07/2021 13:56,14/09/2023 23:58,801.42,05/07/2021 13:56,14/09/2023 23:56,801.42,15/06/2022,15/06/2023,1,0,2.891,2.869,2.869,3522.45,10065.26,40.75,0,0,,-0.529,-15.47,1.18,36.84,38.03,33.06,37.57,33.67,59.11,FALSE,0,cleaned,0.996,0.994,0.996,,0.996,,420,2.85,0.031,2.837,2.829,0.032,2.815,2.829,0.032,2.815,TRUE,15/12/2022 00:00,2.561,-3.75,-0.11,-6.6,19.8,20.56,18.75,34.94,87.7,1.77,0,0,,0.989,0.989,0.986,,0.987,
EOH0177,TRUE,,29/06/2021 11:12,28/09/2023 23:58,821.53,29/06/2021 11:14,28/09/2023 23:56,821.53,23/02/2022,23/02/2023,2,0.003,3.162,3.162,2.898,2755.57,7986.48,0,0,229.96,,-0.808,-20.35,1.26,44.03,44.48,40.79,44.15,40.53,62.48,FALSE,0,cleaned,0.998,0.998,0.998,,0.998,,369,3.242,0.117,3.192,3.21,0.079,3.178,2.968,0.132,2.945,TRUE,13/12/2022 00:00,2.35,-1.6,0.49,-3.77,16.87,18.02,16.05,42.96,100.97,0,0,2.77,,1,1,1,,1,
EOH0184,TRUE,,20/11/2020 12:26,25/06/2023 17:04,947.19,20/11/2020 12:28,25/06/2023 17:02,947.19,24/06/2022,24/06/2023,1,0,2.242,2.239,2.239,2244.93,5022.3,5.12,0,0,,-0.818,-26.72,1.36,36.13,48.31,33.49,44.46,41.39,73.69,TRUE,0.01162,cleaned,0.999,0.999,0.999,,0.999,,483,2.485,0.138,2.527,2.475,0.132,2.522,2.474,0.132,2.522,TRUE,13/12/2022 00:00,2.097,-6.42,-2.6,-8.37,19.3,20.25,18.31,26.94,56.48,0.03,0,0,,1,1,1,,1,
EOH0185,TRUE,,26/01/2021 15:30,12/05/2023 16:14,836.03,26/01/2021 15:32,12/05/2023 16:12,836.03,06/05/2021,06/05/2022,3.3,0.58,2.47,2.47,2.269,1560.34,3540.93,0,0,126.67,2516.36,-0.49,-16.56,1.2,34.75,34.75,31,35.75,31.92,57.34,FALSE,0,cleaned,0.999,0.999,,,0.999,0.878,104,2.467,0.019,2.466,2.467,0.019,2.466,2.274,0.02,2.268,FALSE,13/12/2022 00:00,1.171,-5.52,-2.97,-7.94,,,,6.95,8.14,0,0,1.41,46.86,1,1,,,1,0.999
EOH0196,TRUE,,02/09/2021 15:32,28/09/2023 23:58,756.35,02/09/2021 15:36,28/09/2023 23:56,756.35,06/06/2022,06/06/2023,3.3,0.831,2.687,2.687,2.443,1502.22,3669.76,0,0,136.44,3654.69,,,,38.62,38.62,33.96,39.25,34.15,55.42,FALSE,0,cleaned,0.999,0.999,,,0.999,0.983,273,2.701,0.04,2.687,2.701,0.04,2.687,2.445,0.055,2.443,FALSE,13/12/2022 00:00,0.125,-5.52,-2.97,-7.94,18.45,20.39,16.07,3.29,0.41,0,0,1.37,0.34,1,1,,,1,0.999
EOH0200,TRUE,,01/10/2021 15:12,29/09/2023 00:00,727.37,01/10/2021 15:12,28/09/2023 23:58,727.37,23/07/2022,23/07/2023,1,0,2.942,2.942,2.834,2739.92,7764.28,0,0,101.24,,-0.448,-13.2,1.15,38.63,43.31,36.65,42.13,39.81,72.94,TRUE,0.00042,cleaned,0.999,0.999,,,0.999,,359,3.003,0.066,2.973,3.003,0.066,2.973,2.882,0.052,2.859,TRUE,13/12/2022 00:00,2.273,-6.42,-2.6,-8.37,16.79,17.89,15.34,27.04,61.47,0,0,0.57,,1,1,,,1,
EOH0201,TRUE,,19/03/2021 14:28,28/09/2023 23:58,923.4,19/03/2021 19:12,28/09/2023 23:56,923.2,10/04/2021,10/04/2022,3.3,1.103,1.625,1.625,1.301,1194.16,1553.48,0,0,238.22,4898.04,-1.335,-45.1,1.82,38.82,38.82,35.94,39.01,36.22,55.03,FALSE,0,cleaned,0.999,0.999,,,0.999,0.989,436,1.416,0.141,1.372,1.416,0.141,1.372,1.068,0.152,1.012,FALSE,13/12/2022 00:00,0.486,-5.52,-2.97,-7.94,14.94,16.66,12.58,4.53,2.2,0,0,1.43,71.96,1,1,,,1,1
EOH0204,FALSE,SPF outside threshold,06/09/2021 10:14,24/07/2023 13:32,686.14,06/09/2021 10:14,24/07/2023 13:30,686.14,20/05/2022,20/05/2023,3.3,2.343,0.89,0.89,0.561,950.33,533.03,0,0,351.23,3684.95,,,,31.03,31.03,27.35,31.55,28.73,50.54,FALSE,0,cleaned,0.792,0.792,,,0.792,0.792,23,0.867,0.013,0.866,0.867,0.013,0.866,0.544,0.01,0.543,FALSE,13/12/2022 00:00,0.036,-5.52,-2.97,-7.94,13.78,14.54,13.12,3.13,0.11,0,0,1.38,68.05,1,1,,,1,1
EOH0205,FALSE,Less than 1yr data available,01/10/2021 07:32,31/03/2022 23:58,181.68,29/10/2021 09:30,29/10/2021 09:34,0,,,,,,,,,,,,,,,,,,,,,,,,,cleaned,,,,,,,,,,,,,,,,,FALSE,,,,,,,,,,,,,,,0,0,,,,
EOH0218,TRUE,,22/07/2021 15:20,28/09/2023 23:58,798.36,22/07/2021 15:22,28/09/2023 23:56,798.36,03/07/2022,03/07/2023,1,0,2.885,2.885,2.885,3490.06,10069.61,0,0,0,,-0.965,-25.06,1.33,35.33,40.77,32.64,38.72,35.87,73.38,TRUE,0.01513,cleaned,0.999,0.999,,,0.999,,397,2.995,0.115,2.939,2.995,0.115,2.939,2.995,0.115,2.939,TRUE,13/12/2022 00:00,2.224,-7.3,-5.2,-10.29,18.88,20.08,17.18,49.19,109.42,0,0,0,,1,1,,,1,
EOH0222,TRUE,,08/07/2021 12:02,29/09/2023 00:00,812.5,08/07/2021 12:04,28/09/2023 23:58,812.5,14/07/2021,14/07/2022,1,0.021,3.049,3.049,2.997,2546.13,7631.84,0,0,42.92,,-0.341,-10.06,1.11,36.88,40.56,34.45,39.44,36.87,76.28,TRUE,0.0003,cleaned,0.979,0.979,,,0.979,,119,3.049,0.002,3.049,3.049,0.002,3.049,2.998,0.002,2.997,TRUE,08/03/2023 00:00,2.665,-1.35,3.49,-6.72,18.46,19.73,16.44,18.7,49.84,0,0,0.19,,1,1,,,1,
EOH0226,TRUE,,13/04/2021 12:22,22/07/2023 10:54,829.94,13/04/2021 12:24,22/07/2023 10:52,829.94,20/05/2021,20/05/2022,1,0,2.92,2.836,2.714,3522.64,9412.61,147.37,0,151.99,,-0.52,-15.11,1.18,33.03,36.87,29.75,35.95,32.28,56.58,FALSE,0,cleaned,0.999,0.999,1,,0.999,,448,2.886,0.024,2.887,2.781,0.04,2.775,2.661,0.038,2.653,TRUE,13/12/2022 00:00,1.943,-5.52,-2.97,-7.94,,,,34.45,53.54,13.39,0,1.02,,1,1,1,,1,
EOH0227,TRUE,,17/05/2021 15:54,26/09/2023 17:48,862.08,13/06/2021 11:58,26/09/2023 17:46,835.24,17/03/2022,17/03/2023,2,0.014,2.742,2.742,2.707,5869.26,15886.77,0,0,75.59,,-1.168,-29.87,1.43,45.48,47.01,40.97,47.35,42.67,65.21,TRUE,0.00009,cleaned,0.987,0.983,,,0.987,,315,2.744,0.011,2.747,2.744,0.011,2.747,2.708,0.011,2.711,TRUE,13/12/2022 00:00,2.223,-5.52,-2.97,-7.94,25.51,28.38,22.56,58.25,129.48,0,0,0.65,,1,1,,,1,
EOH0231,TRUE,,12/02/2021 13:26,14/12/2022 14:52,670.06,18/06/2021 00:00,14/12/2022 14:50,544.62,04/07/2021,04/07/2022,2,0.002,2.687,2.566,2.468,6292.46,15097.47,431.62,0,241.68,,-0.463,-14.71,1.17,45.33,45.49,42.35,46.3,42.72,58.72,FALSE,0,cleaned,0.997,0.997,0.997,,0.997,,56,2.68,0.009,2.676,2.559,0.009,2.555,2.462,0.007,2.46,TRUE,28/11/2021 00:00,2.19,-1.24,0.2,-4.58,21.75,23,19.93,43.36,94.97,0,0,1.66,,1,1,1,,1,
EOH0233,TRUE,,11/08/2021 10:40,28/09/2023 23:58,778.55,11/08/2021 10:42,28/09/2023 23:56,778.55,13/07/2022,13/07/2023,0,0,3.52,3.52,3.406,4420.15,15054.87,0,0,143.01,,-0.11,-3.03,1.03,32.4,36.91,30.6,35.46,33.16,72.64,TRUE,0.0003,cleaned,1,1,,,1,,410,3.417,0.105,3.459,3.417,0.105,3.459,3.344,0.073,3.385,TRUE,13/12/2022 00:00,2.835,-6.42,-2.6,-8.37,20.26,20.83,19.83,40.98,116.18,0,0,0.43,,1,1,,,1,
EOH0234,TRUE,,21/05/2021 09:14,28/09/2023 23:58,860.61,21/05/2021 09:16,28/09/2023 23:56,860.61,28/09/2022,28/09/2023,3.3,0.038,2.352,2.337,2.251,2112.86,4734.3,22.47,0,77.47,,-1.468,-38.43,1.62,44.96,47.59,37.12,45.85,37.87,63.35,FALSE,0,cleaned,0.992,0.992,0.992,,0.992,,344,2.36,0.045,2.346,2.355,0.046,2.336,2.268,0.043,2.25,TRUE,17/01/2023 00:00,1.98,-2.27,0.11,-4.29,17.26,17.6,16.88,28.04,55.51,0,0,0.85,,1,1,1,,1,
EOH0236,FALSE,Quality score outside threshold,15/01/2021 14:52,29/09/2023 00:00,986.38,06/02/2021 00:00,28/09/2023 23:58,965,11/03/2022,11/03/2023,4,2.243,1.799,1.799,1.799,2074.17,3731.59,0,0,0,3722.28,,,,42.57,42.57,38.46,42.76,38.23,71.31,TRUE,0.0022,cleaned,0.252,0.252,,,0.252,0.252,98,1.832,0.024,1.839,1.832,0.024,1.839,1.832,0.024,1.839,FALSE,11/02/2021 00:00,0.915,-3.92,2.1,-8.2,,,,4.9,4.48,0,0,0,,1,1,,,1,
EOH0238,TRUE,,24/05/2021 14:06,29/09/2023 00:00,857.41,24/05/2021 14:08,28/09/2023 23:58,857.41,09/08/2022,09/08/2023,0,0,3.057,3.057,3,2792.94,8378.06,0,0,52.05,,-0.003,-0.11,1,38.49,41.4,36.33,41.34,39.02,74.47,TRUE,0.00017,cleaned,1,1,,,1,,313,3.075,0.026,3.071,3.075,0.026,3.071,3.018,0.026,3.014,TRUE,13/12/2022 00:00,1.943,-6.42,-2.6,-8.37,17.96,18.9,16.96,36.28,70.5,0,0,0.28,,1,1,,,1,
EOH0240,TRUE,,29/06/2021 12:04,28/09/2023 23:58,821.5,29/06/2021 12:06,28/09/2023 23:56,821.49,30/07/2022,30/07/2023,0,0,3.915,3.915,3.493,3486.21,12178.8,0,0,375.23,,0.145,3.84,0.96,34.42,35.6,30.41,37.46,32.77,55.69,TRUE,0.0003,cleaned,1,1,,,1,,453,3.558,0.312,3.548,3.558,0.312,3.548,3.285,0.18,3.255,TRUE,13/12/2022 00:00,2.549,-5.52,-2.97,-7.94,17.67,18.22,17.24,41.54,105.89,0,0,2.23,,1,1,,,1,
EOH0241,FALSE,Less than 1yr data available,28/07/2021 15:04,26/07/2022 23:58,363.37,28/07/2021 15:06,26/07/2022 23:56,363.37,,,,,,,,,,,,,,,,,,,,,,,,,cleaned,,,,,,,,,,,,,,,,,TRUE,31/03/2022 00:00,3.406,3.12,8.5,-2.1,19.57,21.01,18.63,31.01,105.6,0,0,0.5,,1,1,1,,1,
EOH0244,FALSE,SPF outside threshold,02/09/2021 15:56,28/09/2023 23:58,756.33,02/09/2021 15:56,28/09/2023 23:56,756.33,07/09/2022,07/09/2023,4,2.4,9.834,9.834,8.097,650.63,5268.3,0,0,114.91,4589.79,,,,38.15,38.15,35.28,39.85,36.92,79.85,TRUE,0.00356,cleaned,0.943,0.941,,,0.943,0.931,0,,,,,,,,,,FALSE,13/12/2022 00:00,14.631,-5.52,-2.97,-7.94,17.15,18.2,16.59,3.18,46.53,0,0,1.4,45.79,1,1,,,1,1
EOH0245,TRUE,,12/08/2021 11:34,29/09/2023 00:00,777.52,12/08/2021 11:38,28/09/2023 23:58,777.51,13/08/2021,13/08/2022,3.3,0.985,3.093,3.093,3.093,1008.24,3118,0,0,0,3789.76,,,,31.32,31.32,28.42,32.38,29.24,55.26,FALSE,0,cleaned,0.891,0.891,,,0.891,0.78,266,2.261,0.591,2.492,2.261,0.591,2.492,2.261,0.591,2.492,FALSE,13/12/2022 00:00,1.78,-5.52,-2.97,-7.94,12.25,13.93,11.11,0.18,0.32,0,0,0,37.64,1,1,,,1,1
EOH0248,TRUE,,01/06/2021 13:34,29/09/2023 00:00,849.43,01/06/2021 13:36,28/09/2023 23:58,849.43,30/08/2022,30/08/2023,1,0,3.074,2.978,2.959,3392.67,9883.14,156.03,0,21.26,,-1.066,-25.76,1.35,40.56,42.72,36.55,42.55,38.1,61.16,FALSE,0,cleaned,0.999,0.999,0.999,,0.999,,481,3.025,0.053,3.045,2.934,0.054,2.959,2.917,0.053,2.943,TRUE,12/12/2022 00:00,2.212,-3.87,-0.32,-5.95,17.82,19.53,16.71,41.03,90.76,0,0,0.19,,1,1,1,,1,
EOH0254,TRUE,,15/09/2021 13:44,04/09/2023 09:10,718.81,15/09/2021 13:46,04/09/2023 09:08,718.81,16/10/2021,16/10/2022,2,0.004,2.801,2.801,2.758,2574.67,7101.69,0,0,39.35,,-0.969,-25.7,1.35,46.19,47.68,42.38,47.75,44.11,73.07,TRUE,0.00296,cleaned,0.996,0.996,,,0.996,,327,2.782,0.012,2.779,2.782,0.012,2.779,2.737,0.012,2.734,TRUE,13/12/2022 00:00,2.098,-5.52,-2.97,-7.94,24.32,25.95,22.33,35.62,74.73,0,0,0.41,,1,1,,,1,
EOH0256,TRUE,,20/09/2021 16:30,28/09/2023 23:58,738.31,20/09/2021 16:32,28/09/2023 23:56,738.31,25/09/2022,25/09/2023,2,0.034,3.453,3.453,3.326,1885.21,6269.29,0,0,69.65,,-0.357,-9.37,1.1,33.83,38.71,30.49,35.97,32.02,58.64,FALSE,0,cleaned,0.965,0.965,0.965,,0.965,,337,3.412,0.041,3.413,3.412,0.041,3.413,3.29,0.032,3.289,TRUE,13/12/2022 00:00,2.456,-6.42,-2.6,-8.37,17.59,18.39,16.36,17.66,43.36,0,0,0.68,,1,1,1,,1,
EOH0257,TRUE,,23/03/2021 13:00,07/09/2023 13:44,898.03,23/03/2021 13:02,07/09/2023 13:42,898.03,17/08/2022,17/08/2023,0,0,2.377,2.285,2.158,2810.87,5887.39,178.36,0,155.86,,-1.193,-33.41,1.5,26.18,27,24.91,27.08,25.76,55.38,FALSE,0,cleaned,1,1,1,,1,,530,2.137,0.225,2.108,2.072,0.199,2.049,1.967,0.181,1.949,TRUE,13/12/2022 00:00,1.666,-5.52,-2.97,-7.94,,,,34.2,51.1,5.86,0,1.07,,1,1,1,,1,
EOH0258,TRUE,,04/12/2020 14:28,22/01/2023 17:12,779.11,13/08/2021 00:00,22/01/2023 17:10,527.72,30/08/2021,30/08/2022,3.3,1.745,2.91,2.91,2.748,2156.89,5928.12,0,0,119.53,6804.39,-0.48,-14.17,1.17,50.3,50.3,45.37,50.51,45.67,63.17,FALSE,0,cleaned,0.997,0.881,,,0.997,0.881,120,3.213,0.437,2.951,3.213,0.437,2.951,3.056,0.43,2.814,FALSE,13/12/2022 00:00,63.365,-7.3,-5.2,-10.29,24.23,26.31,22.25,2.15,135.92,0,0,0.38,1.37,1,1,,,1,1
EOH0276,TRUE,,23/04/2021 09:14,24/09/2023 08:50,883.98,23/04/2021 09:16,24/09/2023 08:48,883.98,30/07/2021,30/07/2022,2,0.002,2.603,2.53,2.438,2911.34,6969.8,126.98,0,106.77,,-0.617,-19.16,1.24,36.41,37.96,33.74,39.61,36.9,57.07,FALSE,0,cleaned,0.998,0.998,0.998,,0.998,,511,2.651,0.052,2.63,2.542,0.021,2.543,2.444,0.016,2.448,TRUE,13/12/2022 00:00,2.107,-5.52,-2.97,-7.94,17.61,19.55,17.08,25.83,48.25,6.17,0,0.78,,1,1,1,,1,
EOH0277,TRUE,,15/10/2021 09:58,29/09/2023 00:00,713.58,15/10/2021 09:58,28/09/2023 23:58,713.58,05/11/2021,05/11/2022,1,0.001,2.794,2.756,2.756,6425.12,17568.91,136.39,0,0,,,,,51.43,51.61,45.44,51.57,45.8,60.39,FALSE,0,cleaned,0.998,0.998,0.998,,0.998,,347,2.747,0.023,2.741,2.707,0.024,2.702,2.707,0.024,2.702,TRUE,15/12/2022 00:00,2.402,-3.75,-0.11,-6.6,18.38,19.34,17.96,67.32,161.72,0,0,0,,1,1,1,,1,
EOH0279,TRUE,,26/10/2020 00:02,28/09/2023 23:56,1068,26/10/2020 00:04,28/09/2023 23:56,1067.99,13/02/2021,13/02/2022,0,0,3.483,3.377,3.351,2830.08,9363.49,119.22,0,22.44,,-0.377,-9.77,1.11,33.97,34.93,29.03,32.7,28.38,62.24,FALSE,0,cleaned,1,1,1,,1,,321,3.542,0.24,3.687,3.437,0.222,3.569,3.406,0.214,3.535,TRUE,13/12/2022 00:00,2.827,-6.42,-2.6,-8.37,16.13,17.56,14.62,39.58,111.9,0,0,0.4,,1,1,1,,1,
EOH0283,FALSE,Quality score outside threshold,15/06/2021 15:10,26/07/2023 16:32,771.06,23/07/2021 00:00,26/07/2023 16:32,733.69,28/06/2022,28/06/2023,4,2.837,2.66,2.607,2.607,5738.66,14782.58,180.97,0,0,,,,,55.22,54.75,52.04,,,59.06,FALSE,0,sensor swaps not checked,0.054,0.054,0.054,,0.054,,5,2.66,0,2.66,2.608,0,2.607,2.608,0,2.607,TRUE,14/01/2022 00:00,2.226,0.31,8.8,-3.6,19.05,19.45,18.68,51.22,103.28,10.72,0,0,,1,1,1,,1,
EOH0286,TRUE,,11/06/2021 10:38,28/09/2023 23:58,839.56,11/06/2021 10:40,28/09/2023 23:56,839.55,13/06/2021,13/06/2022,2,0.067,3.406,3.406,3.379,3431.37,11596.1,0,0,26.86,,-0.224,-6.17,1.07,35.12,38.95,31.91,37.69,34.35,74.3,TRUE,0.00032,cleaned,0.955,0.955,,,0.955,,425,3.141,0.247,3.127,3.141,0.247,3.127,3.122,0.241,3.108,TRUE,13/12/2022 00:00,2.134,-6.42,-2.6,-8.37,18.97,20.38,15.65,47.89,102.2,0,0,0.15,,1,1,,,1,
EOH0290,TRUE,,25/08/2021 19:38,29/09/2023 00:00,764.18,25/08/2021 19:40,28/09/2023 23:58,764.18,04/12/2021,04/12/2022,2,0.002,3.086,3.065,3.042,2848.83,8639.38,27.75,0,21.28,,-0.574,-15.69,1.19,42.58,43.5,37.57,42.7,37.35,61.95,FALSE,0,cleaned,0.998,0.998,0.998,,0.998,,395,2.949,0.114,2.893,2.932,0.113,2.875,2.911,0.109,2.857,TRUE,13/12/2022 00:00,2.488,-6.42,-2.6,-8.37,12.21,13.42,10.51,27.34,68.03,0,0,0.14,,1,1,1,,1,
EOH0295,TRUE,,25/08/2021 11:58,20/09/2023 08:14,755.84,29/08/2021 00:00,20/09/2023 08:12,752.34,29/08/2021,29/08/2022,3.3,0.578,3.17,3.17,2.967,1421.38,4217.37,0,0,90.8,2140.01,,,,41.03,41.03,33.37,41.71,34.39,57.46,FALSE,0,cleaned,0.998,0.998,,,0.998,0.912,356,3.252,0.052,3.254,3.252,0.052,3.254,3.051,0.053,3.045,FALSE,13/12/2022 00:00,0.03,-5.52,-2.97,-7.94,20.29,22.97,16.57,1.62,0.05,0,0,1.43,58.44,1,1,,,1,1
EOH0303,FALSE,SPF outside threshold,02/12/2021 12:36,28/09/2023 23:58,665.47,04/05/2022 00:00,28/09/2023 23:56,513,08/09/2022,08/09/2023,3.3,1.093,6.401,6.401,5.631,1064.36,5993.28,0,0,128.02,,,,,42.17,42.17,36.84,43.76,38.45,66.66,TRUE,0.00016,cleaned,0.999,0.999,,,0.999,,145,6.331,0.118,6.4,6.331,0.118,6.4,5.495,0.216,5.63,FALSE,13/12/2022 00:00,12.694,-5.52,-2.97,-7.94,16.72,19.98,13.25,3.35,42.58,0,0,1.47,,1,1,,,1,
EOH0310,FALSE,Quality score outside threshold,05/05/2021 11:56,07/02/2023 17:38,643.24,18/08/2021 00:00,07/02/2023 17:36,538.73,13/12/2021,13/12/2022,4,0.706,2.901,2.892,2.838,1392.71,3945.33,6.83,0,26.02,,,,,41.34,42.67,37.62,43.49,38.98,59.38,FALSE,0,cleaned,0.72,0.72,0.72,,0.72,,0,,,,,,,,,,TRUE,09/12/2021 00:00,2.92,0.34,4.2,0.01,18.25,18.62,17.75,3.47,10.14,0,0,0.04,,1,1,1,,1,
EOH0311,TRUE,,03/06/2021 09:36,28/09/2023 23:58,847.6,03/06/2021 09:38,28/09/2023 23:56,847.6,17/12/2021,17/12/2022,1,0.001,2.084,2.043,1.951,8277.56,15848.97,297.8,0,374.73,,-1.336,-39.06,1.64,42.31,42.58,38.67,42.49,38.91,56.54,FALSE,0,cleaned,0.998,0.998,0.998,,0.998,,481,2.094,0.053,2.07,2.043,0.067,2.02,1.943,0.072,1.925,TRUE,13/12/2022 00:00,1.325,-5.52,-2.97,-7.94,17.74,20.23,16.91,81.1,102.56,4.94,0,2.3,,1,1,1,,1,
EOH0315,FALSE,Less than 1yr data available,18/06/2021 08:24,31/03/2022 23:58,286.65,18/06/2021 08:26,31/03/2022 23:56,286.65,,,,,,,,,,,,,,,,,,,,,,,,,cleaned,,,,,,,,,,,,,,,,,TRUE,04/01/2022 00:00,1.722,-0.99,0.59,-3.3,16.7,17.71,15.74,20.91,29.42,6.57,0,0.79,,1,1,1,,1,
EOH0322,TRUE,,18/06/2021 12:36,28/09/2023 23:58,832.47,13/10/2021 00:00,28/09/2023 23:56,716,13/10/2021,13/10/2022,3.3,1.286,2.867,2.627,2.627,2365.21,5911.16,303.1,0,0,,,,,45.97,45.97,34.81,46.61,35.19,62.47,FALSE,0,cleaned,0.951,0.951,0.947,,0.951,,310,2.368,0.138,2.311,2.32,0.091,2.278,2.32,0.091,2.278,TRUE,15/12/2022 00:00,2.582,-2.04,1.2,-4.58,,,,28.82,73.3,1.12,0,0,,1,1,1,,1,
EOH0323,TRUE,,18/03/2021 19:58,29/09/2023 00:00,924.17,18/03/2021 20:00,28/09/2023 23:58,924.17,13/01/2022,13/01/2023,3.3,1.63,6.377,6.377,5.452,656.09,3576.77,0,0,95.25,2306.67,3.417,115.46,0.46,48.68,48.68,43.07,49.93,44.62,66.25,TRUE,0.01594,cleaned,0.969,0.969,,,0.969,0.939,248,7.035,0.286,7.162,7.035,0.286,7.162,5.838,0.18,5.918,FALSE,13/12/2022 00:00,31.301,-5.52,-2.97,-7.94,16.93,21.51,12.81,1.73,53.99,0,0,1.51,53.63,1,1,,,1,1
EOH0324,TRUE,,01/06/2021 11:02,28/09/2023 23:58,849.54,01/06/2021 11:04,28/09/2023 23:56,849.54,13/07/2022,13/07/2023,0,0,2.858,2.858,2.652,3449.83,9148.32,0,0,248.65,,-0.792,-21.7,1.28,40.53,41.89,38.6,42.43,40.33,61.28,FALSE,0,cleaned,1,1,1,,1,,482,2.902,0.049,2.872,2.902,0.049,2.872,2.682,0.042,2.662,TRUE,13/12/2022 00:00,1.889,-1.35,1.62,-4.46,17.63,19.87,16.68,44.5,84.08,0,0,0.92,,1,1,1,,1,
EOH0329,TRUE,,28/07/2021 19:18,10/09/2022 17:06,408.91,03/08/2021 00:00,10/09/2022 17:04,403.71,22/08/2021,22/08/2022,3,0.064,2.7,2.649,2.452,1702.92,4127.34,47.66,0,126.81,,,,,45.18,48.76,43.23,47.07,45.16,65.28,TRUE,0.0001,cleaned,0.997,0.907,0.997,,0.997,,39,2.702,0.008,2.7,2.651,0.008,2.649,2.453,0.007,2.452,FALSE,29/11/2021 00:00,2.602,0.03,4.89,-2.5,29.13,30.56,27.18,13.16,34.12,0.13,0,1.11,,1,1,1,,1,
EOH0332,TRUE,,26/10/2020 00:02,29/09/2023 00:00,1068,21/04/2021 00:00,28/09/2023 23:58,891,07/07/2022,07/07/2023,0,0,2.674,2.674,2.674,1324.49,3541.74,0,0,0,,,,,40.53,41.64,37.39,41.21,38.34,68.17,TRUE,0.00005,cleaned,0.995,0.994,,,0.995,,508,2.639,0.042,2.653,2.639,0.042,2.653,2.639,0.042,2.653,TRUE,13/12/2022 00:00,1.994,-6.42,-2.6,-8.37,16.49,19.56,12.62,19,37.89,0,0,0,,1,1,,,1,
EOH0333,TRUE,,29/07/2021 19:30,02/02/2023 12:36,552.71,03/08/2021 00:00,02/02/2023 12:34,548.52,20/12/2021,20/12/2022,2,0.002,2.798,2.65,2.547,1265.45,3123.06,99.78,0,49.47,,,,,46.7,56.04,43.67,52.11,48.92,68.63,TRUE,0.00418,cleaned,0.998,0.998,0.998,,0.998,,90,2.782,0.081,2.8,2.641,0.065,2.651,2.539,0.06,2.548,FALSE,15/12/2022 00:00,2.705,-4.15,-1.65,-7.51,23.38,25.98,18.68,14.69,39.46,0.27,0,0.74,,1,1,1,,1,
EOH0335,TRUE,,28/07/2021 08:06,15/02/2023 17:52,567.41,28/07/2021 08:08,15/02/2023 17:48,567.4,22/08/2021,22/08/2022,2,0.004,2.962,2.962,2.838,3114.04,8838.73,0,0,130.46,,-0.808,-21.42,1.27,40.66,41.99,37.49,45.46,41.66,75.12,TRUE,0.0009,cleaned,0.998,0.993,,,0.998,,155,3.052,0.102,2.999,3.052,0.102,2.999,2.908,0.077,2.868,TRUE,13/12/2022 00:00,2.207,-5.52,-2.97,-7.94,18.92,19.66,18.4,30.21,66.66,0,0,0.77,,1,1,,,1,
EOH0341,TRUE,,12/04/2021 12:02,28/09/2023 23:58,899.5,12/04/2021 12:02,28/09/2023 23:56,899.5,29/08/2022,29/08/2023,3.3,0.357,2.236,2.236,2.19,5090.66,11146.05,0.05,0,106.18,,-1.544,-40.84,1.69,44.22,45.36,40.91,44.72,41.39,60,FALSE,0,cleaned,0.997,0.78,0.997,,0.997,,392,2.246,0.035,2.244,2.241,0.03,2.242,2.19,0.026,2.191,TRUE,17/01/2023 00:00,1.737,-2.05,1.77,-4.97,18.11,19.24,16.66,51.48,89.42,0,0,0.78,,1,1,1,,1,
EOH0345,FALSE,Less than 1yr data available,,,0,,,0,,,,,,,,,,,,,,,,,,,,,,,,,,,,,,,,,,,,,,,,,,FALSE,,,,,,,,,,,,,,,0,0,,,,
EOH0346,TRUE,,21/04/2021 10:52,21/01/2023 13:22,640.1,21/04/2021 10:54,21/01/2023 13:20,640.1,05/01/2022,05/01/2023,2,0.001,3.505,3.224,3.206,5097.72,15771.69,569.27,0,29,,-0.635,-15.33,1.18,38.12,41.33,34.43,40.33,36.39,62.37,FALSE,0,cleaned,0.999,0.999,0.999,,0.999,,200,3.585,0.053,3.608,3.324,0.064,3.355,3.302,0.062,3.332,TRUE,13/12/2022 00:00,2.528,-7.92,-2.77,-11.6,10.25,12.92,6.87,51.3,128.31,1.36,0,0.2,,1,1,1,,1,
EOH0351,FALSE,Less than 1yr data available,08/06/2021 09:00,03/05/2022 23:58,329.62,08/06/2021 09:02,03/05/2022 23:56,329.62,,,,,,,,,,,,,,,,,,,,,,,,,cleaned,,,,,,,,,,,,,,,,,TRUE,28/11/2021 00:00,2.564,0.35,3.2,-2.78,15.08,15.78,14.44,30.74,78.81,0,0,0.29,,1,1,,,1,
EOH0354,FALSE,Less than 1yr data available,09/03/2021 13:56,08/03/2022 23:58,364.42,09/03/2021 13:58,08/03/2022 23:56,364.42,,,,,,,,,,,,,,,,,,,,,,,,,cleaned,,,,,,,,,,,,,,,,,FALSE,17/04/2021 00:00,3.259,0.07,0.14,-0.01,,,,9.31,30.33,0,0,0.64,,1,1,,,1,
EOH0355,TRUE,,13/09/2021 12:12,29/12/2022 16:24,472.18,13/09/2021 12:14,29/12/2022 16:22,472.17,29/12/2021,29/12/2022,3.3,0.563,2.442,2.442,2.431,4408.74,10717.04,0,0,19.57,,-1.328,-35.23,1.54,46.97,47,42.28,48.62,43.69,63.47,FALSE,0,cleaned,0.997,0.997,,,0.997,,99,2.465,0.018,2.461,2.465,0.018,2.461,2.454,0.017,2.45,FALSE,13/12/2022 00:00,,-5.52,-2.97,-7.94,15.08,17.26,12.23,,72.15,0,0,0.13,,1,1,,,1,
EOH0358,FALSE,Quality score outside threshold,10/11/2021 15:08,05/09/2023 12:48,663.9,13/11/2021 00:00,05/09/2023 12:46,661.53,05/12/2021,05/12/2022,4,0.586,2.393,2.326,2.326,2686.79,6118.67,129.87,0,0,,,,,42.29,43.02,36.5,43.63,37.88,60.24,FALSE,0,cleaned,0.844,0.844,0.804,0.841,0.844,,0,,,,,,,,,,TRUE,13/12/2022 00:00,1.698,-5.52,-2.97,-7.94,,,,30.19,49.53,1.73,0,0,,1,1,0.999,1,1,
EOH0368,FALSE,Less than 1yr data available,18/11/2020 12:30,16/11/2021 23:58,363.48,18/11/2020 12:30,16/11/2021 23:56,363.48,,,,,,,,,,,,,,,,,,,,,,,,,cleaned,,,,,,,,,,,,,,,,,TRUE,11/02/2021 00:00,1.932,-5.92,0.9,-12.6,19.17,19.62,18,25.68,49.59,0.03,0,0,,1,1,1,,1,
EOH0379,FALSE,Quality score outside threshold,26/08/2021 09:30,28/09/2023 23:58,763.6,26/08/2021 09:32,28/09/2023 23:56,763.6,03/07/2022,03/07/2023,4,1.704,3.059,3.059,3.022,4037.87,12202.81,0,0,48.28,,,,,34.74,36.84,32.82,,,59.58,FALSE,0,cleaned,0.432,0.432,,,0.432,,158,3.052,0.007,3.055,3.052,0.007,3.055,3.015,0.008,3.018,TRUE,08/03/2023 00:00,2.877,-1.35,3.49,-6.72,18.42,19.17,17.9,30.68,88.24,0,0,0.18,,1,1,,,1,
EOH0380,TRUE,,02/06/2021 12:06,28/09/2023 23:58,848.49,02/06/2021 12:08,28/09/2023 23:56,848.49,30/07/2022,30/07/2023,0,0,2.862,2.862,2.825,5125.54,14478.42,0,0,67.06,,-1.058,-26.98,1.37,41.91,44,38.34,46.29,41.97,76.14,TRUE,0.00033,cleaned,1,1,,,1,,442,2.894,0.026,2.891,2.894,0.026,2.891,2.857,0.026,2.855,TRUE,13/12/2022 00:00,2.154,-6.42,-2.6,-8.37,18.52,22.15,16.82,50.01,107.72,0,0,0.42,,1,1,,,1,
EOH0388,TRUE,,21/06/2021 11:14,07/09/2023 12:24,808.05,21/06/2021 11:16,07/09/2023 12:22,808.05,14/10/2021,14/10/2022,1,0.001,2.318,2.304,2.193,7012.82,15303.84,46.52,26.06,338.05,,-0.902,-28.01,1.39,46.65,53.01,40.69,51.43,46.88,68.42,TRUE,0.00439,cleaned,0.998,0.998,0.998,0.998,0.998,,433,2.231,0.124,2.198,2.192,0.096,2.178,2.086,0.092,2.074,TRUE,13/12/2022 00:00,1.71,-5.52,-2.97,-7.94,18.61,20.03,15.48,62.18,98.99,1.75,5.54,1.75,,1,1,1,1,1,
EOH0389,TRUE,,17/09/2021 14:46,29/09/2023 00:00,741.38,17/09/2021 14:48,28/09/2023 23:58,741.38,05/06/2022,05/06/2023,2,0.021,2.625,2.625,2.625,1703.41,4470.68,0,0,0,,-0.785,-23.03,1.3,43.72,46.49,38.37,45.82,40.34,74.4,TRUE,0.00173,cleaned,0.984,0.984,,,0.984,,282,2.668,0.04,2.664,2.668,0.04,2.664,2.668,0.04,2.664,TRUE,13/12/2022 00:00,2.469,-6.42,-2.6,-8.37,12.26,15.18,9.91,8.38,20.69,0,0,0,,1,1,,,1,
EOH0391,TRUE,,23/02/2021 14:02,28/09/2023 23:58,947.41,23/02/2021 14:04,28/09/2023 23:56,947.41,24/10/2021,24/10/2022,2,0.001,2.428,2.428,2.3,1918.47,4413.21,0,0,100.65,,-1.222,-33.49,1.5,35.66,45.09,32.81,41.75,38.51,72.23,TRUE,0.0003,cleaned,0.999,0.999,,,0.999,,554,2.453,0.052,2.434,2.453,0.052,2.434,2.361,0.073,2.327,FALSE,13/12/2022 00:00,0,-6.42,-2.6,-8.37,9.06,10.89,6.91,4.48,0,0,0,0.1,,1,1,,,1,
EOH0402,TRUE,,25/11/2021 11:10,28/09/2023 23:58,672.53,25/11/2021 11:10,28/09/2023 23:56,672.53,17/12/2021,17/12/2022,3.3,0.291,2.583,2.583,2.583,1932.62,4992.33,0,0,0,6954.32,,,,34.96,34.96,31.57,35.74,32.45,68.1,TRUE,0.00028,cleaned,0.989,0.989,,,0.989,0.989,286,2.352,0.171,2.29,2.352,0.171,2.29,2.352,0.171,2.29,FALSE,13/12/2022 00:00,1.837,-5.52,-2.97,-7.94,18.8,19.6,17.5,11.86,21.79,0,0,0,116.4,1,1,,,1,1
EOH0411,TRUE,,26/10/2020 00:02,29/09/2023 00:00,1068,26/10/2020 00:02,28/09/2023 23:58,1068,26/07/2022,26/07/2023,0,0,2.661,2.661,2.661,3051.13,8119.09,0,0,0,,-0.989,-27.1,1.37,39.91,45.06,36.2,44.87,40.97,75.8,TRUE,0.00016,cleaned,1,1,1,,1,,668,2.728,0.053,2.735,2.728,0.053,2.735,2.728,0.053,2.735,TRUE,13/12/2022 00:00,2.186,-6.42,-2.6,-8.37,,,,36.94,80.74,0,0,0,,1,1,1,,1,
EOH0413,FALSE,Less than 1yr usable data,23/11/2020 10:44,28/09/2023 23:58,1039.55,23/11/2020 10:46,28/09/2023 23:56,1039.55,,,,,,,,,,,,,,,,,,,,,,,,,cleaned,,,,,,,,,,,,,,,,,FALSE,13/12/2022 00:00,2.243,-6.42,-2.6,-8.37,19.88,22.06,16.81,46.6,104.53,0,0,0.68,0.01,1,1,,,1,1
EOH0424,TRUE,,27/01/2022 15:54,28/09/2023 23:58,609.34,27/01/2022 15:54,28/09/2023 23:58,609.34,30/06/2022,30/06/2023,3.3,0.56,3.346,3.346,2.907,856.18,2488.99,0,0,112.31,4142,0.386,13.04,0.88,29.91,29.91,27.12,31.35,28.73,51.65,FALSE,0,cleaned,0.999,0.999,,,0.999,0.958,188,3.342,0.031,3.346,3.342,0.031,3.346,2.91,0.012,2.907,FALSE,13/12/2022 00:00,0.936,-5.52,-2.97,-7.94,16.65,19.06,14.74,2.04,1.91,0,0,1.39,88.56,1,1,,,1,0.997
EOH0432,TRUE,,09/04/2021 05:24,29/09/2023 00:00,902.78,09/04/2021 05:26,28/09/2023 23:58,902.77,09/08/2021,09/08/2022,1,0,2.646,2.646,2.603,5904.67,15372.44,0,0,94.96,,-1.264,-32.33,1.48,41.92,46.02,35.1,43.95,37.82,67.15,TRUE,0.00026,cleaned,0.999,0.999,,,0.999,,525,2.65,0.008,2.649,2.65,0.008,2.649,2.607,0.007,2.606,TRUE,13/12/2022 00:00,2.226,-6.42,-2.6,-8.37,19.29,20.91,17.66,46.01,102.43,0,0,0.69,,1,1,,,1,
EOH0440,FALSE,Quality score outside threshold,01/07/2021 09:46,28/09/2023 23:58,819.59,01/07/2021 09:48,28/09/2023 23:56,819.59,02/02/2022,02/02/2023,4,2.518,3.243,3.141,2.975,2907.65,8525.56,124.83,0,154,,,,,32.78,33.5,29.81,,,55.15,FALSE,0,sensor swaps not checked,0.161,0.161,0.161,,0.161,,56,3.182,0.042,3.188,3.053,0.072,3.072,2.884,0.07,2.9,TRUE,08/03/2023 00:00,0.807,-1.89,2.66,-6.82,,,,1.94,0.07,1.49,0,0,,1,1,1,,1,
EOH0443,TRUE,,07/02/2022 15:18,28/09/2023 23:58,598.36,07/02/2022 15:18,28/09/2023 23:56,598.36,16/07/2022,16/07/2023,1,0,3.32,3.272,2.845,1267.57,3583.56,22.84,0,165.29,,,,,39.71,42.59,37.58,40.27,38.02,59.14,FALSE,0,cleaned,0.999,0.999,0.999,,0.999,,227,3.304,0.031,3.315,3.269,0.012,3.27,2.847,0.018,2.851,FALSE,13/12/2022 00:00,3.92,-5.52,-2.97,-7.94,12.39,12.64,12.13,6.22,24.37,0,0,0.64,,1,1,1,,1,
EOH0447,TRUE,,28/07/2021 14:24,28/09/2023 23:58,792.4,28/07/2021 14:26,28/09/2023 23:56,792.4,28/09/2022,28/09/2023,3.3,0.047,3.292,3.207,2.842,988.42,2776.61,32.51,0,112.52,,,,,42.95,44.92,39.14,45.21,41.97,62.16,FALSE,0,cleaned,0.994,0.994,0.966,,0.994,,191,3.581,0.188,3.564,3.252,0.023,3.252,2.859,0.039,2.867,FALSE,13/12/2022 00:00,1.884,-5.52,-2.97,-7.94,13.88,15.62,12.95,2.9,5.46,0,0,1.09,,1,1,1,,1,
EOH0450,FALSE,Less than 1yr usable data,20/01/2021 17:52,27/09/2023 11:54,979.75,06/02/2021 00:00,27/09/2023 11:52,963.49,,,,,,,,,,,,,,,,,,,,,,,,,cleaned,,,,,,,,,,,,,,,,,FALSE,13/12/2022 00:00,150.278,-5.52,-2.97,-7.94,,,,1.71,256.98,0,0,1.49,212.87,1,1,,,1,0.872
EOH0451,TRUE,,15/10/2021 11:38,29/09/2023 00:00,713.52,20/10/2021 13:46,28/09/2023 23:58,708.43,07/06/2022,07/06/2023,1,0.002,3.195,3.195,3.082,2063.23,6357.84,0,0,73.59,,,,,46.46,46.9,42.58,45.37,41.19,60.44,FALSE,0,cleaned,0.997,0.997,0.997,,0.997,,325,3.299,0.141,3.222,3.262,0.077,3.222,3.141,0.069,3.117,FALSE,13/12/2022 00:00,3.564,-5.52,-2.97,-7.94,12.48,15.06,10.38,5.74,20.45,0,0,0.14,,1,1,1,,1,
EOH0455,TRUE,,05/08/2021 11:34,29/08/2023 07:48,753.84,16/11/2021 00:00,29/08/2023 07:46,651.32,29/06/2022,29/06/2023,2,0.001,2.441,2.441,2.401,1853.09,4448.99,0,0,30.43,,-1.329,-35.25,1.54,45.55,45.46,40.58,46.06,41.37,62.8,FALSE,0,cleaned,0.999,0.999,,,0.999,,245,2.443,0.007,2.442,2.443,0.007,2.442,2.403,0.007,2.402,TRUE,13/12/2022 00:00,2.068,-5.52,-2.97,-7.94,9.15,11.48,7.07,40.18,83.11,0,0,0.62,,1,1,,,1,
EOH0457,TRUE,,08/09/2021 11:22,28/07/2023 13:26,688.09,08/09/2021 11:24,28/07/2023 13:24,688.08,22/01/2022,22/01/2023,1,0.002,2.696,2.696,2.694,5936.06,15993.9,0,0,2.7,,-1.074,-28.5,1.4,45.51,46.6,42.75,46.08,42.81,56.12,FALSE,0,cleaned,0.998,0.998,,,0.998,,321,2.703,0.03,2.712,2.703,0.03,2.712,2.702,0.03,2.711,TRUE,13/12/2022 00:00,2.161,-5.52,-2.97,-7.94,18.84,20.76,17.4,47.05,101.69,0,0,0.01,,1,1,,,1,
EOH0459,FALSE,Quality score outside threshold,16/11/2021 15:38,27/09/2023 17:12,680.07,16/11/2021 15:40,27/09/2023 17:10,680.06,17/11/2021,17/11/2022,4,0.969,2.356,2.356,2.355,6343.73,14939.98,0,0,2.77,,,,,47.41,49.23,43.61,49.02,45.09,72.37,TRUE,0.00007,cleaned,0.963,0.963,,,0.963,,0,,,,,,,,,,TRUE,04/01/2022 00:00,2.385,-0.99,0.59,-3.3,18.21,20.44,15.84,50.34,120.04,0,0,0.01,,1,1,,,1,
EOH0464,TRUE,,29/09/2021 09:02,28/09/2023 23:58,729.62,17/11/2021 00:00,28/09/2023 23:56,681,02/06/2022,02/06/2023,0,0,2.68,2.68,2.652,4949.93,13129.38,0,0,50.01,,-0.97,-26.59,1.36,45.15,48.58,39.59,47.48,41.53,71.97,TRUE,0.00086,cleaned,0.999,0.999,,,0.999,,314,2.685,0.009,2.681,2.685,0.009,2.681,2.658,0.009,2.654,TRUE,13/12/2022 00:00,2.316,-6.42,-2.6,-8.37,19.27,19.84,18.63,44.24,102.45,0,0,0.61,,1,1,,,1,
EOH0465,FALSE,Less than 1yr data available,06/02/2021 11:38,05/02/2022 23:58,364.51,15/07/2021 00:00,05/02/2022 23:56,206,,,,,,,,,,,,,,,,,,,,,,,,,cleaned,,,,,,,,,,,,,,,,,TRUE,28/11/2021 00:00,2.15,0.35,3.2,-2.78,19.06,20.56,17.68,44.45,95.56,0,0,1.19,,1,1,,,1,
EOH0467,TRUE,,23/08/2021 15:40,29/09/2023 00:00,766.35,23/08/2021 15:42,28/09/2023 23:58,766.34,28/12/2021,28/12/2022,1,0.001,2.874,2.756,2.729,1440.24,3841.05,89.75,0,14.21,,-0.706,-19.71,1.25,37.25,38.12,35.48,36.99,35.15,52.53,FALSE,0,cleaned,0.998,0.998,0.998,,0.998,,397,2.877,0.016,2.883,2.761,0.055,2.753,2.734,0.054,2.726,TRUE,13/12/2022 00:00,2.593,-6.42,-2.6,-8.37,18.28,20.58,16.03,15.51,40.21,0,0,0.19,,1,1,1,,1,
EOH0470,TRUE,,18/07/2021 12:04,28/09/2023 23:58,802.5,18/07/2021 12:06,28/09/2023 23:56,802.49,21/07/2021,21/07/2022,2,0.002,3.788,3.705,3.557,3231.43,11400.18,92.59,0,129.53,,0.128,3.51,0.97,32.83,35.37,29.79,32.14,28.9,60.52,FALSE,0,cleaned,0.998,0.998,0.998,,0.998,,54,2.97,0.234,2.904,2.904,0.229,2.84,2.812,0.213,2.753,TRUE,15/12/2022 00:00,2.194,-3.75,-0.11,-6.6,14.49,15.61,12.96,39.12,85.82,0,0,0.97,,1,1,1,,1,
EOH0471,FALSE,SPF outside threshold,01/09/2021 09:52,29/08/2023 12:50,727.12,23/10/2021 00:00,29/08/2023 12:48,675.53,23/10/2021,23/10/2022,3.3,2.94,0.46,0.46,0.405,721.29,292.34,0,0,85.69,280.46,,,,39.94,39.94,40.71,46.51,47.07,69.56,TRUE,0.02314,cleaned,0.999,0.999,,,0.999,0.994,177,0.357,0.03,0.357,0.357,0.03,0.357,0.317,0.027,0.316,FALSE,13/12/2022 00:00,0.481,-5.52,-2.97,-7.94,18.07,18.64,17.51,2.99,1.44,0,0,1.32,1.43,1,1,,,1,0.997
EOH0474,TRUE,,29/07/2021 16:52,28/09/2023 23:58,791.3,04/08/2021 10:44,28/09/2023 23:56,785.55,29/11/2021,29/11/2022,2,0.002,2.918,2.918,2.918,1963,5728.94,0,0,0,,-0.492,-14.41,1.17,32.67,39.6,30.37,38.24,36.11,73.01,TRUE,0.0002,cleaned,0.997,0.998,,,0.997,,324,2.847,0.035,2.837,2.847,0.035,2.837,2.847,0.035,2.837,TRUE,13/12/2022 00:00,1.852,-6.42,-2.6,-8.37,23.81,26.24,21.85,15.04,27.86,0,0,0,,1,1,,,1,
EOH0487,TRUE,,12/03/2021 19:28,29/09/2023 00:00,930.19,25/08/2021 00:00,28/09/2023 23:58,765,31/08/2021,31/08/2022,3,0.089,2.441,2.339,2.339,3940.62,8939.37,279,0,0,,-0.979,-28.61,1.4,38.89,40.77,36.45,37.39,34.7,58.5,FALSE,0,cleaned,0.997,0.881,0.997,,0.997,,273,2.241,0.095,2.194,2.165,0.083,2.125,2.165,0.083,2.125,FALSE,18/04/2022 00:00,2.692,0.11,0.15,0.07,,,,12.41,30.27,3.16,0,0,,1,1,1,,1,
EOH0490,TRUE,,12/08/2021 08:22,09/07/2023 17:54,696.4,12/08/2021 08:24,09/07/2023 17:52,696.39,07/09/2021,07/09/2022,3,0.688,3.045,3.045,3.016,8752.56,26398.45,0,0,84.13,,-0.875,-22.31,1.29,42.9,45.01,38.14,45.32,40.52,72.43,TRUE,0.00216,cleaned,0.77,0.77,,,0.77,,240,3.033,0.019,3.033,3.033,0.019,3.033,3.009,0.016,3.011,TRUE,13/12/2022 00:00,2.322,-6.42,-2.6,-8.37,19.46,21.12,16.79,84.74,196.74,0,0,0.52,,1,1,,,1,
EOH0491,TRUE,,05/01/2021 11:32,05/05/2023 19:52,850.35,05/01/2021 11:32,05/05/2023 19:50,850.35,19/01/2021,19/01/2022,3.3,1.139,2.575,2.575,2.575,3361.66,8655.49,0,0,0,12756.79,,,,43.71,43.71,38.53,44.36,40.29,57.28,FALSE,0,cleaned,0.713,0.713,,,0.713,0.699,110,2.601,0.022,2.605,2.601,0.022,2.605,2.601,0.022,2.605,FALSE,13/12/2022 00:00,1.326,-5.52,-2.97,-7.94,17.89,19.25,16.37,11.24,14.91,0,0,0,192.27,1,1,,,1,1
EOH0494,TRUE,,27/04/2021 13:00,26/09/2023 08:44,881.82,27/04/2021 13:02,26/09/2023 08:42,881.82,16/06/2022,16/06/2023,1,0.002,2.88,2.784,2.661,3175.85,8296.78,155.5,0,139.8,,-0.69,-19.32,1.24,30.76,33.52,28.02,32.22,29.38,56.14,FALSE,0,cleaned,0.998,0.998,0.998,,0.998,,510,2.846,0.025,2.833,2.774,0.015,2.776,2.653,0.014,2.656,TRUE,13/12/2022 00:00,2.03,-5.52,-2.97,-7.94,19.82,21.19,17.97,30.97,54.45,8.43,0,0.91,,1,1,1,,1,
EOH0495,TRUE,,13/07/2021 19:20,28/09/2023 23:58,807.19,13/07/2021 19:22,28/09/2023 23:56,807.19,27/08/2022,27/08/2023,2,0,2.927,2.927,2.809,7638.46,21459.57,0,0,305.87,,-1.283,-30.48,1.44,41.48,43.07,37.62,44.22,39.84,68.98,TRUE,0.00055,cleaned,0.999,0.999,,,0.999,,439,2.888,0.041,2.912,2.888,0.041,2.912,2.775,0.036,2.796,TRUE,13/12/2022 00:00,1.744,-7.27,-2.1,-9.8,21.08,21.77,20.31,110.03,191.84,0,0,1.96,,1,1,,,1,
EOH0501,TRUE,,30/03/2021 12:54,28/09/2023 23:58,912.46,30/03/2021 12:56,28/09/2023 23:56,912.46,03/04/2021,03/04/2022,2,0,2.916,2.916,2.88,4054.24,11675.45,0,0,50.69,,-0.474,-13.97,1.16,44.1,46.17,40.08,46.17,41.91,72.04,TRUE,0.00016,cleaned,0.999,0.999,,,0.999,,542,2.912,0.021,2.916,2.912,0.021,2.916,2.879,0.021,2.881,TRUE,13/12/2022 00:00,2.318,-6.42,-2.6,-8.37,14.62,18.7,10.2,49.89,115.64,0,0,0.41,,1,1,,,1,
EOH0505,FALSE,Less than 1yr data available,17/09/2021 08:02,17/06/2022 14:04,273.25,17/09/2021 08:04,17/06/2022 14:02,273.25,,,,,,,,,,,,,,,,,,,,,,,,,cleaned,,,,,,,,,,,,,,,,,TRUE,28/11/2021 00:00,2.288,0.35,3.2,-2.78,19.93,20.92,19.31,25.93,59.32,0,0,0.4,,1,1,,,1,
EOH0516,TRUE,,16/02/2021 15:18,28/09/2023 23:58,954.36,16/02/2021 15:20,28/09/2023 23:56,954.36,26/07/2022,26/07/2023,2,0,3.78,3.698,3.649,4498.5,16282.42,130.94,0,60.16,,-0.36,-8.69,1.1,36.7,38.07,33.6,37.83,34.53,60.23,FALSE,0,cleaned,1,1,0.999,,1,,586,3.832,0.048,3.863,3.749,0.047,3.775,3.7,0.046,3.727,TRUE,13/12/2022 00:00,2.572,-6.42,-2.6,-8.37,19.76,21.37,18.18,54.06,139.07,0,0,0.38,,1,1,1,,1,
EOH0517,TRUE,,08/06/2021 14:28,22/09/2023 03:14,835.53,10/06/2021 00:00,22/09/2023 03:14,834.13,22/09/2022,22/09/2023,3.3,1.053,2.092,2.092,2.069,3229.78,6682.33,0,0,36.16,1199.73,-1.828,-46.62,1.87,51.49,51.49,47.93,48.15,44.34,77.57,TRUE,0.09787,cleaned,0.818,0.818,,,0.818,0.818,403,1.017,0.579,0.592,1.017,0.579,0.592,1.006,0.572,0.585,FALSE,13/12/2022 00:00,0.426,-6.42,-2.6,-8.37,16.23,16.88,14.99,37.91,16.14,0,0,0.39,37.36,1,1,,,1,1
EOH0524,TRUE,,01/11/2021 10:04,28/09/2023 23:58,696.58,11/11/2021 00:00,28/09/2023 23:56,687,25/11/2021,25/11/2022,1,0.001,2.944,2.823,2.779,2517.37,6840.92,154.19,0,39.7,,-0.636,-17.76,1.22,35.23,38.85,33.21,37.87,35.78,59.41,FALSE,0,cleaned,0.998,0.998,0.998,,0.998,,321,2.759,0.101,2.688,2.628,0.102,2.569,2.602,0.092,2.55,TRUE,13/12/2022 00:00,2.329,-1.35,1.62,-4.46,15.69,18.1,11.98,17.36,40.43,0,0,0.28,,1,1,1,,1,
EOH0525,TRUE,,20/09/2021 15:56,28/09/2023 23:58,738.33,21/09/2021 00:00,28/09/2023 23:56,738,26/09/2021,26/09/2022,3,0.465,3.306,3.223,3.06,3290.32,9957.32,112.4,0,165.98,,-0.334,-9.18,1.1,35.07,37.55,31.32,37.26,33.07,61.04,FALSE,0,cleaned,0.835,0.834,0.835,,0.835,,310,3.388,0.033,3.406,3.298,0.029,3.315,3.134,0.029,3.149,TRUE,13/12/2022 00:00,2.371,-6.42,-2.6,-8.37,17.96,20.31,16.61,37.41,88.72,0,0,1.29,,1,1,1,,1,
EOH0526,TRUE,,01/10/2021 12:24,29/09/2023 00:00,727.48,01/10/2021 12:26,28/09/2023 23:58,727.48,07/10/2021,07/10/2022,2,0.126,3.035,3.031,3.016,2287.1,6892.39,4.48,0,11.59,,-0.525,-14.75,1.17,35.39,41.23,30.24,29.28,26.69,63.55,FALSE,0,cleaned,0.913,0.913,0.913,,0.913,,241,3.053,0.011,3.055,3.053,0.011,3.055,3.037,0.011,3.039,TRUE,13/12/2022 00:00,2.733,-6.42,-2.6,-8.37,17.49,18.85,16.24,22.98,62.81,0,0,0.17,,1,1,1,,1,
EOH0530,TRUE,,06/11/2020 13:14,29/09/2023 00:00,1056.45,06/11/2020 13:16,28/09/2023 23:58,1056.45,05/04/2021,05/04/2022,0,0,3.754,3.725,3.698,6121.74,22576.7,64.4,0,43.54,,-0.386,-9.32,1.1,40.77,42.39,35.88,43.31,37.91,62.07,FALSE,0,cleaned,0.999,0.999,0.999,,0.999,,689,3.77,0.044,3.776,3.739,0.041,3.741,3.713,0.041,3.715,TRUE,11/02/2021 00:00,2.403,-7.07,-0.4,-11.9,19.39,20.06,17.93,53.33,128.17,0,0,0.26,,1,1,1,,1,
EOH0534,TRUE,,21/06/2021 07:56,29/09/2023 00:00,829.67,21/06/2021 07:58,28/09/2023 23:58,829.67,07/08/2022,07/08/2023,2,0.028,2.955,2.894,2.858,6038.78,17076.15,183.94,0,75.28,,,,,36.05,39.15,31.62,36.99,32.72,64.12,FALSE,0,cleaned,0.972,0.972,0.972,,0.972,,431,2.984,0.029,2.98,2.933,0.041,2.925,2.895,0.039,2.886,TRUE,13/12/2022 00:00,2.144,-6.42,-2.6,-8.37,19.63,20.43,19.12,79.58,170.62,0,0,0.69,,1,1,1,,1,
EOH0539,TRUE,,14/06/2021 14:12,29/09/2023 00:00,836.41,14/06/2021 14:14,28/09/2023 23:58,836.41,23/07/2022,23/07/2023,1,0.001,3.035,3.035,3.011,1686.82,5078.94,0,0,13.4,,-0.735,-19.49,1.24,37.74,43.54,33.27,41.76,38.02,72.81,TRUE,0.00642,cleaned,0.998,0.998,,,0.998,,455,2.938,0.094,2.931,2.938,0.094,2.931,2.912,0.094,2.904,TRUE,13/12/2022 00:00,2.5,-5.52,-2.97,-7.94,,,,10.22,25.56,0,0,0.07,,1,1,,,1,
EOH0543,TRUE,,30/07/2021 16:12,18/09/2023 08:36,779.68,30/07/2021 16:14,18/09/2023 08:34,779.68,26/08/2021,26/08/2022,2,0.002,2.903,2.903,2.895,5645.12,16344.92,0,0,14.71,,-1.307,-31.05,1.45,40.51,46.84,35.94,45.24,40.47,75.23,TRUE,0.00204,cleaned,0.998,0.998,,,0.998,,370,2.95,0.032,2.964,2.95,0.032,2.964,2.926,0.022,2.934,TRUE,13/12/2022 00:00,2.38,-5.52,-2.97,-7.94,18.84,21.79,14.62,66.26,157.69,0,0,0.6,,1,1,,,1,
EOH0546,TRUE,,01/11/2020 00:02,28/09/2023 23:58,1062,01/11/2020 00:04,28/09/2023 23:56,1061.99,20/07/2021,20/07/2022,0,0,2.926,2.863,2.827,2902.53,8113.31,93.29,0,36.04,,-0.934,-24.21,1.32,37.64,39.33,35.64,39.02,36.91,63.27,FALSE,0,cleaned,1,1,1,,1,,695,2.987,0.287,2.93,2.911,0.256,2.867,2.874,0.248,2.832,TRUE,11/02/2021 00:00,1.908,-7.07,-0.4,-11.9,17.98,19.06,16.75,40.48,75.5,1.74,0,0.22,,1,1,1,,1,
EOH0559,TRUE,,24/02/2021 12:16,28/09/2023 23:58,946.49,24/02/2021 12:18,28/09/2023 23:56,946.48,05/05/2021,05/05/2022,2,0.001,2.55,2.486,2.428,1841.5,4396.94,74.41,0,42.66,,-1.38,-35.12,1.54,42.86,43.8,40.98,44.04,41.79,58.21,FALSE,0,cleaned,0.998,0.998,0.999,,0.998,,546,2.531,0.012,2.532,2.467,0.011,2.469,2.413,0.01,2.415,TRUE,13/12/2022 00:00,1.964,-7.3,-5.2,-10.29,,,,18.93,37.17,0,0,0.38,,1,1,1,,1,
EOH0562,TRUE,,20/05/2021 16:36,28/09/2023 23:58,861.31,26/05/2021 15:28,28/09/2023 23:56,855.35,27/05/2021,27/05/2022,1,0,3.531,3.531,3.43,7910.7,27135.19,0,0,226.1,,-0.389,-9.92,1.11,38.52,40.18,36,40.94,38.43,74.83,TRUE,0.00052,cleaned,0.999,0.999,,,0.999,,454,3.461,0.086,3.441,3.461,0.086,3.441,3.37,0.074,3.348,TRUE,13/12/2022 00:00,1.998,-6.42,-2.6,-8.37,18.45,19.43,16.25,73.71,147.29,0,0,0.6,,1,1,,,1,
EOH0565,TRUE,,05/02/2021 15:06,28/09/2023 23:58,965.37,06/02/2021 00:00,28/09/2023 23:58,965,29/07/2021,29/07/2022,3.3,0.311,2.92,2.92,2.833,1897.71,5375.57,0,0,56.98,3152.94,-0.04,-1.34,1.01,35.32,35.32,32.21,33.24,30.85,57.58,FALSE,0,cleaned,0.999,0.999,,,0.999,0.856,365,2.681,0.16,2.641,2.681,0.16,2.641,2.429,0.269,2.333,FALSE,13/12/2022 00:00,0.447,-5.52,-2.97,-7.94,13.21,15.43,11.43,5.6,2.5,0,0,1.46,84.91,1,1,,,1,1
EOH0567,TRUE,,21/04/2021 15:08,29/09/2023 00:00,890.37,19/05/2021 00:54,28/09/2023 23:58,862.96,23/05/2021,23/05/2022,1,0.001,3.437,3.312,3.184,3913.28,12267.42,191.57,0,152.05,,-0.003,-0.1,1,33.83,36.86,30.7,36.53,33.1,56.06,FALSE,0,cleaned,0.999,0.999,0.999,,0.999,,439,3.454,0.015,3.453,3.317,0.022,3.309,3.192,0.019,3.187,TRUE,13/12/2022 00:00,2.359,-5.52,-2.97,-7.94,17.71,18.44,16.55,46.48,97.2,12.43,0,1.14,,1,1,1,,1,
EOH0568,TRUE,,08/06/2021 15:12,29/09/2023 00:00,842.37,08/06/2021 15:14,28/09/2023 23:58,842.36,09/03/2022,09/03/2023,1,0.009,2.719,2.719,2.656,2736.15,7266.34,0,0,63.49,,-0.691,-20.27,1.25,36.65,39.38,33.24,38.87,35.04,74.35,TRUE,0.00028,cleaned,0.991,0.991,,,0.991,,426,2.694,0.017,2.702,2.694,0.017,2.702,2.63,0.018,2.639,TRUE,13/12/2022 00:00,2.109,-6.42,-2.6,-8.37,18.44,19.06,17.8,36.08,76.09,0,0,0.51,,1,1,,,1,
EOH0570,TRUE,,18/03/2021 16:10,07/11/2022 11:00,598.78,18/03/2021 16:14,07/11/2022 10:58,598.78,19/04/2021,19/04/2022,3,0.304,2.146,2.146,1.906,766.49,1460.97,0,0,85.65,6433.48,,,,38.52,38.52,34.08,37.92,34.1,57.53,FALSE,0,cleaned,0.898,0.898,,,0.898,0.894,193,2.139,0.014,2.14,2.139,0.014,2.14,1.895,0.017,1.897,FALSE,04/01/2022 00:00,0.93,-0.99,0.59,-3.3,19.08,20.5,17.18,1.47,1.37,0,0,0.56,66.94,1,1,,,1,1
EOH0571,TRUE,,17/08/2021 15:42,29/09/2023 00:00,772.35,17/08/2021 15:42,28/09/2023 23:58,772.34,25/07/2022,25/07/2023,0,0,2.891,2.891,2.891,4842.05,13999.98,0,0,0,,-0.759,-20.79,1.26,40.14,44.99,36.89,44.67,41.35,73.91,TRUE,0.00032,cleaned,1,1,,,1,,404,2.925,0.033,2.912,2.925,0.033,2.912,2.925,0.033,2.912,TRUE,13/12/2022 00:00,2.049,-6.42,-2.6,-8.37,18.54,19.38,17.57,57.43,117.64,0,0,0,,1,1,,,1,
EOH0574,FALSE,SPF outside threshold,01/07/2021 15:06,26/08/2023 05:02,785.58,13/09/2021 00:00,26/08/2023 05:02,712.21,25/10/2021,25/10/2022,3.3,1.657,7.14,7.14,6.576,1285.77,8455.72,0,0,101.58,5095.07,,,,40.78,40.78,33.54,42.44,35.41,62.26,TRUE,0.00002,cleaned,0.998,0.998,,,0.998,0.945,266,7.479,0.175,7.531,7.479,0.175,7.531,6.865,0.152,6.918,FALSE,13/12/2022 00:00,26.516,-5.52,-2.97,-7.94,17.59,18.18,14.37,3.57,94.64,0,0,1.58,94.05,0.994,0.994,,,0.999,1
EOH0575,TRUE,,07/06/2021 09:18,29/09/2023 00:00,843.61,07/06/2021 09:18,28/09/2023 23:58,843.61,05/04/2022,05/04/2023,2,0.002,3.914,3.914,3.724,3004.24,11188.69,0,0,145.77,,,,,37.54,43.76,33.24,41.23,36.88,72.05,TRUE,0.00148,cleaned,0.998,0.998,0.998,,0.998,,324,3.895,0.049,3.914,3.895,0.049,3.914,3.706,0.046,3.725,FALSE,13/12/2022 00:00,3.724,-6.42,-2.6,-8.37,18.2,18.83,17.5,28.07,104.53,0,0,0.87,,1,1,1,,1,
EOH0576,TRUE,,29/07/2021 15:54,16/06/2023 05:30,686.57,13/11/2021 00:00,16/06/2023 05:28,580.23,06/06/2022,06/06/2023,3,0.311,3.058,3.023,2.797,2922.69,8128.93,46.3,0,217.98,,,,,40.58,44.06,41.82,42.58,40.41,65.93,TRUE,0.01578,cleaned,0.892,0.891,0.892,,0.892,,216,3.007,0.071,3.051,2.969,0.072,3.012,2.773,0.043,2.792,FALSE,15/12/2022 00:00,2.87,-4.15,-1.65,-7.51,21.93,22.36,21.32,16.78,48.02,0.12,0,1.32,,1,1,1,,1,
EOH0577,TRUE,,25/03/2021 11:12,25/08/2023 12:52,883.07,25/03/2021 11:14,25/08/2023 12:50,883.07,28/04/2021,28/04/2022,3.1,0.006,2.411,2.411,2.267,2677.5,6069.7,0,0,160.1,8014.39,-0.549,-18.54,1.23,39.68,39.68,37.21,39.85,37.48,52.64,FALSE,0,cleaned,0.999,0.999,,,1,0.931,75,2.376,0.031,2.387,2.376,0.031,2.387,2.234,0.028,2.245,FALSE,04/01/2022 00:00,1.736,-0.99,0.59,-3.3,22.93,23.79,21.41,13.99,24.3,0,0,1.06,64.11,1,1,,,1,0.894
EOH0578,TRUE,,05/05/2021 14:26,23/09/2023 11:14,870.87,05/05/2021 14:28,23/09/2023 11:12,870.86,03/08/2022,03/08/2023,3.1,0.067,2.855,2.855,2.681,1894.02,5076.97,0,0,115.77,3455.39,-0.105,-3.55,1.04,45.85,45.85,38.96,46.33,40.83,57.32,FALSE,0,cleaned,0.999,0.999,,,0.999,0.897,500,2.817,0.024,2.81,2.817,0.024,2.81,2.643,0.025,2.638,FALSE,13/12/2022 00:00,0.926,-5.52,-2.97,-7.94,20.57,22.05,18.18,6.96,6.45,0,0,1.53,82.93,1,1,,,1,0.996
EOH0581,FALSE,SPF outside threshold,04/06/2021 12:50,29/09/2023 00:00,846.47,04/06/2021 12:50,28/09/2023 23:58,846.46,19/03/2022,19/03/2023,3.3,2.463,20.203,19.646,18.616,2226.52,41388.2,61.25,0,116.69,,,,,45.53,46.29,25.42,53.34,21.59,79.88,TRUE,0.27049,cleaned,0.998,0.998,0.998,,0.998,,476,18.442,2.973,18.685,17.971,2.845,18.173,17.008,2.675,17.221,FALSE,13/12/2022 00:00,23.164,-5.52,-2.97,-7.94,,,,22.76,526.13,1.08,0,0.84,,0.993,0.993,0.993,,0.993,
EOH0582,FALSE,Less than 1yr usable data,11/12/2020 08:50,18/08/2023 21:44,980.54,11/12/2020 08:52,18/08/2023 21:42,980.53,,,,,,,,,,,,,,,,,,,,,,,,,cleaned,,,,,,,,,,,,,,,,,TRUE,13/12/2022 00:00,1.519,-5.52,-2.97,-7.94,21.19,22.62,20.37,84.67,115.66,0,12.94,2.25,,1,1,,1,1,
EOH0584,FALSE,Less than 1yr data available,19/04/2021 15:44,01/08/2021 23:58,104.34,19/04/2021 15:46,01/08/2021 23:56,104.34,,,,,,,,,,,,,,,,,,,,,,,,,cleaned,,,,,,,,,,,,,,,,,FALSE,21/06/2021 00:00,1.954,11.41,12.4,10.6,18.86,19.43,18.34,1.82,3.56,0,0,0,,1,1,1,,1,
EOH0590,FALSE,Less than 1yr usable data,07/06/2021 14:32,29/09/2023 00:00,843.39,30/11/2021 00:00,28/09/2023 23:58,668,,,,,,,,,,,,,,,,,,,,,,,,,sensor swaps not checked,,,,,,,,,,,,,,,,,FALSE,,,,,,,,,,,,,,,0,0,,,,
EOH0596,FALSE,Less than 1yr data available,20/05/2021 13:40,01/03/2022 06:40,284.71,20/05/2021 13:44,01/03/2022 06:40,284.71,,,,,,,,,,,,,,,,,,,,,,,,,cleaned,,,,,,,,,,,,,,,,,FALSE,04/01/2022 00:00,0.045,-0.99,0.59,-3.3,17.25,21.45,14.69,3.37,0.15,0,0,1.54,,1,1,,,1,
EOH0603,TRUE,,05/03/2021 12:42,15/06/2023 23:04,832.43,05/03/2021 12:44,15/06/2023 23:02,832.43,07/06/2022,07/06/2023,2,0,3.277,3.192,3.192,4292.8,13540.01,161.08,0,0.01,,-0.863,-20.84,1.26,41.67,45.39,35.57,44.08,38.2,60.71,FALSE,0,cleaned,0.999,0.999,0.999,,0.999,,467,3.273,0.059,3.278,3.197,0.06,3.195,3.197,0.06,3.195,TRUE,13/12/2022 00:00,2.569,-6.42,-2.6,-8.37,18.8,19.62,18.18,43.66,112.18,0,0,0,,1,1,1,,1,
EOH0605,TRUE,,26/03/2021 09:12,29/09/2023 00:00,916.62,26/03/2021 09:14,28/09/2023 23:58,916.61,22/07/2022,22/07/2023,2,0,2.06,2.018,1.937,3196.93,6071.23,120.8,0,128.89,,-1.42,-40.81,1.69,29,31.02,26.65,31.33,28.52,57.23,FALSE,0,cleaned,0.999,0.999,0.999,,0.999,,545,1.968,0.182,1.933,1.907,0.195,1.89,1.814,0.199,1.787,TRUE,13/12/2022 00:00,0.789,-5.52,-2.97,-7.94,17.98,18.62,17.25,30.57,19.59,4.53,0,0.61,,1,1,1,,1,
EOH0609,FALSE,SPF outside threshold,30/04/2021 15:04,29/09/2023 00:00,881.37,30/04/2021 15:06,28/09/2023 23:58,881.37,31/03/2022,31/03/2023,3.3,1.926,11.053,11.053,9.52,617.43,5878.13,0,0,85.6,4663.45,,,,41.68,41.68,34.66,46.06,39.06,67.91,TRUE,0.00011,cleaned,0.998,0.998,,,0.998,0.997,178,12.295,0.476,12.588,12.295,0.476,12.588,10.457,0.351,10.67,FALSE,13/12/2022 00:00,7.416,-5.52,-2.97,-7.94,12.97,13.84,12.42,3.4,25.24,0,0,1.56,25.24,1,1,,,1,1
EOH0616,FALSE,Less than 1yr data available,21/12/2020 15:56,17/11/2021 06:54,330.62,21/12/2020 15:56,17/11/2021 06:52,330.62,,,,,,,,,,,,,,,,,,,,,,,,,cleaned,,,,,,,,,,,,,,,,,FALSE,11/02/2021 00:00,2.106,-12.59,-4.9,-18,17.63,18.5,16.75,113.48,239.03,0,0,0,,1,1,,,1,
EOH0618,TRUE,,23/03/2021 15:02,29/09/2023 00:00,919.37,23/03/2021 15:04,28/09/2023 23:58,919.37,14/07/2022,14/07/2023,1,0.028,2.789,2.72,2.571,4300.67,10897.47,157.73,0,236.26,,-0.631,-18.44,1.23,43.4,44.15,37.76,44,38.36,59.3,FALSE,0,cleaned,0.972,0.972,0.972,,0.972,,249,2.763,0.03,2.773,2.696,0.027,2.706,2.548,0.025,2.559,TRUE,13/12/2022 00:00,2.286,-1.6,0.49,-3.77,19.8,21.31,17.31,53.15,116.85,4.65,0,2.04,,1,1,1,,1,
EOH0630,TRUE,,23/11/2021 13:42,04/09/2023 11:18,649.9,23/11/2021 13:42,04/09/2023 11:16,649.9,18/08/2022,18/08/2023,1,0.016,2.958,2.958,2.92,3251.77,9494.45,0,0,42.26,,-0.812,-21.53,1.27,46.19,45.34,39.83,45.11,39.75,59.41,FALSE,0,cleaned,0.983,0.983,,,0.983,,277,2.907,0.058,2.938,2.907,0.058,2.938,2.869,0.057,2.9,TRUE,13/12/2022 00:00,2.399,-5.52,-2.97,-7.94,19.36,21.08,18.28,37.32,89.52,0,0,0.52,,1,1,,,1,
EOH0632,FALSE,Less than 1yr data available,23/11/2021 18:56,31/03/2022 23:58,128.21,25/11/2021 00:00,31/03/2022 23:56,127,,,,,,,,,,,,,,,,,,,,,,,,,cleaned,,,,,,,,,,,,,,,,,FALSE,04/01/2022 00:00,0.16,-0.99,0.59,-3.3,2.62,3.87,2.02,0.8,0.13,0,0,0,,1,1,,,1,
EOH0637,TRUE,,31/08/2021 13:16,29/09/2023 00:00,758.45,31/08/2021 13:18,28/09/2023 23:58,758.44,09/08/2022,09/08/2023,2,0.029,2.902,2.898,2.701,1520.4,4103.42,2.79,0,103.38,,-0.608,-17.34,1.21,42.54,46.19,30.86,43.74,33.42,63.98,FALSE,0,cleaned,0.972,0.972,0.972,,0.972,,46,2.918,0.012,2.918,2.917,0.013,2.917,2.716,0.01,2.717,TRUE,13/12/2022 00:00,2.145,-1.35,1.62,-4.46,12.38,15.11,10.18,31.5,67.58,0,0,1.09,,1,1,1,,1,
EOH0642,TRUE,,30/04/2021 11:04,29/09/2023 00:00,881.54,30/04/2021 11:06,28/09/2023 23:58,881.54,31/03/2022,31/03/2023,2,0.002,2.776,2.753,2.599,4813.05,12449.05,58.28,0,270.24,,-0.864,-23.74,1.31,41.77,42.27,39.22,42.29,39.57,61.5,FALSE,0,cleaned,0.998,0.998,0.998,,0.998,,283,2.846,0.068,2.828,2.822,0.067,2.803,2.66,0.057,2.648,TRUE,13/12/2022 00:00,1.847,-1.6,0.49,-3.77,16.21,16.72,15.68,56.59,104.52,0,0,1.66,,1,1,1,,1,
EOH0643,TRUE,,09/09/2021 16:18,29/09/2023 00:00,749.32,10/09/2021 00:00,28/09/2023 23:58,749,06/03/2022,06/03/2023,1,0.003,2.91,2.91,2.821,3236.6,9129.02,0,0,99.85,,-0.9,-23.61,1.31,39.63,40.88,34.96,37.69,34.49,66.69,TRUE,0.00039,cleaned,0.996,0.996,0.996,,0.996,,368,2.937,0.047,2.929,2.937,0.047,2.929,2.846,0.042,2.842,TRUE,13/12/2022 00:00,2.352,-7.11,-2.58,-12.15,15.14,16.62,13.08,39.65,93.27,0,0,0.77,,1,1,1,,1,
EOH0645,TRUE,,13/04/2021 15:56,29/09/2023 00:00,898.34,13/04/2021 15:58,28/09/2023 23:58,898.33,21/04/2021,21/04/2022,3.3,0.832,1.936,1.936,1.663,1561.43,2597.04,0,0,219.98,5776.79,,,,45.22,45.22,40.74,46.16,42.5,57.57,FALSE,0,cleaned,0.999,1,,,1,0.982,201,1.666,0.162,1.667,1.666,0.162,1.667,1.331,0.19,1.321,FALSE,13/12/2022 00:00,0.005,-5.52,-2.97,-7.94,19.22,19.87,18.36,3.42,0.02,0,0,1.52,,1,1,,,1,
EOH0648,TRUE,,23/09/2021 15:22,28/09/2023 23:58,735.36,23/09/2021 15:24,28/09/2023 23:56,735.36,24/08/2022,24/08/2023,2,0.03,3.939,3.939,3.881,3685.42,14304.59,0.04,0,53.66,,0.429,12.22,0.89,33.55,35.78,28.81,34.74,29.82,57.01,FALSE,0,cleaned,0.998,0.942,0.998,,0.998,,264,3.937,0.083,3.952,3.937,0.083,3.952,3.879,0.078,3.894,TRUE,13/12/2022 00:00,3.037,-6.42,-2.6,-8.37,16.17,16.93,14.9,43.45,131.95,0,0,0.6,,1,1,1,,1,
EOH0651,FALSE,Less than 1yr data available,06/12/2021 17:04,15/01/2022 12:20,39.8,06/12/2021 17:08,15/01/2022 12:18,39.8,,,,,,,,,,,,,,,,,,,,,,,,,cleaned,,,,,,,,,,,,,,,,,FALSE,04/01/2022 00:00,0.219,-0.99,0.59,-3.3,16.84,18.45,16.15,3.14,0.69,0,0,1.35,88.53,1,1,,,1,1
EOH0652,TRUE,,12/03/2021 14:08,29/09/2023 00:00,930.41,12/03/2021 14:08,28/09/2023 23:58,930.41,12/08/2022,12/08/2023,2,0.001,3.381,3.056,3.056,5207.54,15205.83,710.12,0,0,,0.481,16.59,0.86,35.95,39.57,31.21,37.99,33.63,64.61,FALSE,0,cleaned,0.999,0.999,0.999,,0.999,,544,3.408,0.117,3.392,3.164,0.125,3.17,3.164,0.125,3.17,TRUE,17/01/2023 00:00,2.298,-0.91,3.83,-3.1,20.32,21.52,19.35,49.98,109.51,5.31,0,0,,1,1,1,,1,
EOH0653,TRUE,,29/07/2021 21:08,03/10/2022 22:00,431.04,29/07/2021 21:08,03/10/2022 21:58,431.03,02/10/2021,02/10/2022,3,0.254,2.708,2.621,2.542,970.17,2418.92,47.68,0,29.2,,,,,42.69,51.67,39.11,47.25,44.01,69.76,TRUE,0.04885,cleaned,0.913,0.913,0.913,,0.913,,3,2.708,0.004,2.708,2.622,0.004,2.621,2.543,0.004,2.542,FALSE,21/01/2022 00:00,3.448,1.08,3.7,-3.3,18.42,18.57,18.18,8.35,28.69,0.12,0,0.37,,1,1,1,,1,
EOH0655,TRUE,,26/10/2020 00:00,28/09/2023 23:58,1068,26/10/2020 00:00,28/09/2023 23:56,1068,13/04/2022,13/04/2023,1,0,2.859,2.846,2.846,3769.38,10699.48,26.95,0,0,,-0.791,-21.67,1.28,35.96,38.8,34.1,39.58,37.53,74.83,TRUE,0.00011,cleaned,0.999,0.999,0.999,,0.999,,607,2.861,0.058,2.87,2.842,0.06,2.854,2.842,0.06,2.854,TRUE,11/02/2021 00:00,1.839,-7.07,-0.4,-11.9,20.3,21.37,19.43,46.64,85.79,0,0,0,,1,1,1,,1,
EOH0663,FALSE,Less than 1yr data available,20/05/2021 12:56,21/04/2022 23:58,336.46,20/05/2021 12:58,21/04/2022 23:56,336.46,,,,,,,,,,,,,,,,,,,,,,,,,cleaned,,,,,,,,,,,,,,,,,TRUE,22/12/2021 00:00,2.308,0,0.02,0,,,,28.85,66.58,0,0,0.42,,1,1,,,1,
EOH0667,TRUE,,08/09/2021 12:10,29/09/2023 00:00,750.49,08/09/2021 12:12,28/09/2023 23:58,750.49,22/07/2022,22/07/2023,1,0,2.537,2.537,2.516,5686.86,14306.25,0,0,47.91,,-1.233,-32.7,1.49,43.33,44.01,39.35,42.76,38.77,57.6,FALSE,0,cleaned,0.999,0.999,,,0.999,,120,2.536,0.005,2.538,2.536,0.005,2.538,2.515,0.004,2.517,TRUE,13/12/2022 00:00,1.962,-5.52,-2.97,-7.94,4.64,5.66,3.57,37.62,73.83,0,0,0.08,,0.996,0.996,,,0.996,
EOH0668,TRUE,,23/04/2021 13:14,27/09/2023 08:36,886.81,23/04/2021 13:16,27/09/2023 08:34,886.8,15/12/2021,15/12/2022,2,0.001,3.305,3.305,3.261,3550.54,11578.95,0,0,46.58,,-0.325,-8.97,1.1,35.56,40.84,32.75,38.97,35.77,71.7,TRUE,0.00044,cleaned,0.999,0.999,,,0.999,,360,3.31,0.179,3.423,3.31,0.179,3.423,3.268,0.163,3.373,TRUE,13/12/2022 00:00,2.217,-6.42,-2.6,-8.37,16.27,18.21,13.97,57.44,127.35,0,0,0.27,,1,1,,,1,
EOH0669,TRUE,,09/11/2021 09:22,14/09/2023 23:58,674.61,09/11/2021 09:22,14/09/2023 23:56,674.61,01/09/2022,01/09/2023,3,0.47,2.98,2.98,2.98,5114.2,15238.86,0,0,0,,-0.26,-8.03,1.09,46.27,47.49,41.14,47.12,42.07,60.7,FALSE,0,cleaned,0.826,0.826,0.826,,0.826,,124,2.917,0.098,2.978,2.917,0.098,2.978,2.917,0.098,2.978,TRUE,13/12/2022 00:00,2.418,-5.52,-2.97,-7.94,21.08,23.31,17.86,63.25,152.95,0,0,0,,1,1,1,,1,
EOH0682,TRUE,,07/09/2021 10:48,28/09/2023 23:58,751.55,07/09/2021 10:50,28/09/2023 23:56,751.55,06/03/2022,06/03/2023,3.1,0.002,2.94,2.94,2.888,2804.86,8100.13,0,0,49.62,,-0.47,-13.79,1.16,43.56,44.92,38.74,43.79,39.86,70.96,TRUE,0.00003,cleaned,0.998,0.997,,,0.998,,351,2.946,0.042,2.924,2.946,0.042,2.924,2.894,0.04,2.872,TRUE,13/12/2022 00:00,1.976,-6.42,-2.6,-8.37,19.4,22.08,16.91,35.92,70.97,0,0,0.42,,1,1,,,1,
EOH0683,TRUE,,03/02/2021 15:56,28/07/2023 22:54,905.29,04/02/2021 00:00,28/07/2023 22:52,904.95,19/02/2021,19/02/2022,3.1,0.805,2.345,2.345,2.345,1363.31,3196.68,0,0,0,18594,-0.615,-20.78,1.26,42.05,42.05,39.18,43.59,41.09,58.57,FALSE,0,cleaned,0.717,0.717,,,0.717,0.714,347,2.261,0.079,2.299,2.261,0.079,2.299,2.261,0.079,2.299,FALSE,13/12/2022 00:00,0.117,-5.52,-2.97,-7.94,,,,1.97,0.23,0,0,0,197.46,1,1,,,1,1
EOH0687,TRUE,,24/06/2021 14:48,29/09/2023 00:00,826.38,24/06/2021 14:50,28/09/2023 23:58,826.38,24/01/2022,24/01/2023,2,0.138,3.364,3.364,3.176,3685.13,11703.14,0,0,205.78,,-0.286,-7.85,1.09,32.25,37.65,30.15,36.17,33.68,74.24,TRUE,0.00013,cleaned,0.914,0.914,,,0.914,,195,3.367,0.006,3.368,3.367,0.006,3.368,3.181,0.004,3.179,TRUE,16/01/2023 00:00,2.721,-1.04,1.39,-4.06,19.73,20.88,18.06,28.17,76.67,0,0,0.66,,1,1,,,1,
EOH0689,FALSE,SPF outside threshold,24/04/2021 14:12,14/09/2023 23:58,873.41,21/08/2021 00:00,14/09/2023 23:56,755,21/08/2021,21/08/2022,3.3,3.243,0.534,0.534,0.49,2329.58,1142.4,0,0,190.38,3555.06,,,,41.87,41.87,40.17,43.16,41.91,56.51,FALSE,0,cleaned,0.978,0.978,,,0.978,0.958,152,0.5,0.028,0.504,0.5,0.028,0.504,0.455,0.029,0.46,FALSE,13/12/2022 00:00,0.066,-5.52,-2.97,-7.94,,,,1.85,0.12,0,0,0.77,8.41,1,1,,,1,1
EOH0690,TRUE,,19/02/2021 17:20,29/09/2023 00:00,951.28,19/02/2021 17:22,28/09/2023 23:58,951.28,23/02/2022,23/02/2023,3.3,0.297,2.509,2.408,2.408,3516.06,8227.65,200.85,36.42,0,,-0.391,-13.47,1.16,39.51,41.45,34.89,42.27,37.58,63.81,TRUE,0.00008,cleaned,0.983,0.983,0.983,0.983,0.983,,539,2.48,0.082,2.485,2.407,0.114,2.403,2.407,0.114,2.403,TRUE,13/12/2022 00:00,2.292,-1.6,0.49,-3.77,16.82,18.09,15.48,40.63,91.74,1.17,0.2,0,,1,1,1,1,1,
EOH0694,FALSE,Less than 1yr usable data,07/05/2021 10:24,28/09/2023 23:58,874.57,07/05/2021 10:26,28/09/2023 23:58,874.56,,,,,,,,,,,,,,,,,,,,,,,,,sensor swaps not checked,,,,,,,,,,,,,,,,,TRUE,28/11/2021 00:00,2.331,-0.72,1.5,-3,20.86,21.54,20.22,36.33,83.25,1.44,0,0.87,,1,1,1,,1,
EOH0697,TRUE,,25/06/2021 10:08,24/08/2023 19:14,790.38,25/06/2021 10:10,24/08/2023 19:12,790.38,12/07/2022,12/07/2023,3,0.175,3.39,3.331,3.129,3836.1,11914.58,88.12,0,232.97,,-0.25,-6.88,1.07,33.74,35.98,30.99,33.61,30.99,61.79,FALSE,0,cleaned,0.997,0.767,0.997,,0.997,,333,3.361,0.028,3.354,3.297,0.03,3.288,3.094,0.028,3.09,TRUE,08/03/2023 00:00,2.404,0.24,3.44,-2.46,18.07,18.56,17.55,28.48,68.29,0.19,0,1.27,,1,1,1,,1,
EOH0699,TRUE,,27/02/2021 02:18,08/06/2023 16:06,831.58,27/02/2021 02:20,08/06/2023 16:04,831.57,15/05/2021,15/05/2022,3.1,0.089,2.254,2.254,2.088,1962.93,4098.27,0,0,144.36,7183.28,-0.706,-23.87,1.31,39.41,39.41,36.57,39.67,37.31,57.69,FALSE,0,cleaned,0.956,0.956,,,0.956,0.926,35,2.245,0.012,2.252,2.245,0.012,2.252,2.078,0.012,2.085,FALSE,08/03/2023 00:00,0.222,-1.89,2.66,-6.82,,,,3.65,0.81,0,0,1.47,35.38,1,1,,,1,1
EOH0702,TRUE,,31/03/2021 19:12,28/09/2023 23:58,911.2,23/06/2021 00:00,28/09/2023 23:56,828,17/06/2022,17/06/2023,2,0.001,2.626,2.47,2.47,3324.11,7891.53,318.79,0,0,,-0.944,-26.45,1.36,36.73,39.38,33.49,38.62,35.14,57.48,FALSE,0,cleaned,0.999,0.999,0.999,,0.999,,458,2.634,0.014,2.628,2.485,0.015,2.48,2.485,0.015,2.48,TRUE,17/01/2023 00:00,2.447,-2.72,0.88,-5.9,,,,26.12,60.45,3.46,0,0,,1,1,1,,1,
EOH0709,TRUE,,26/05/2021 10:42,29/09/2023 00:00,855.55,26/05/2021 10:44,28/09/2023 23:58,855.55,27/06/2022,27/06/2023,1,0.001,2.951,2.911,2.595,3054.41,7871.17,56.21,0,331.26,,-0.609,-17.1,1.21,37.11,40.15,34.97,39.43,37.12,60.81,FALSE,0,cleaned,0.998,0.998,0.998,,0.998,,439,2.747,0.165,2.723,2.715,0.157,2.689,2.475,0.095,2.454,TRUE,17/01/2023 00:00,2.203,-2.27,0.11,-4.29,21.85,22.17,21.47,28.43,60.61,2.04,0,1.8,,1,1,1,,1,
EOH0728,FALSE,Less than 1yr data available,07/05/2021 14:04,31/03/2022 23:58,328.41,07/05/2021 14:04,31/03/2022 23:56,328.41,,,,,,,,,,,,,,,,,,,,,,,,,cleaned,,,,,,,,,,,,,,,,,TRUE,29/11/2021 00:00,2.249,1.62,6.09,-1.1,21.77,22.43,20.88,61.55,138.39,0,0,0.19,,1,1,1,,1,
EOH0732,TRUE,,03/06/2021 12:40,29/09/2023 00:00,847.47,03/06/2021 12:42,28/09/2023 23:58,847.47,20/02/2022,20/02/2023,1,0.001,3.303,3.303,3.251,3307.78,10752.59,0,0,52.32,,-0.327,-9.01,1.1,36.59,38.15,34.93,37.32,35.53,74.4,TRUE,0.0001,cleaned,0.998,0.998,,,0.998,,474,3.301,0.026,3.29,3.301,0.026,3.29,3.243,0.022,3.236,TRUE,13/12/2022 00:00,2.486,-6.42,-2.6,-8.37,17.66,18.38,16.89,45.41,112.89,0,0,0.17,,1,1,,,1,
EOH0735,TRUE,,24/08/2021 17:04,05/10/2022 19:48,407.11,07/09/2021 18:18,05/10/2022 19:46,393.06,28/09/2021,28/09/2022,3.3,0.486,2.571,2.571,2.538,4219.66,10710.72,0,0,53.47,,-1.339,-34.25,1.52,46.88,52.98,41.86,52.5,47.02,76.03,TRUE,0.01483,cleaned,0.949,0.7,,,0.949,,8,2.572,0.001,2.572,2.572,0.001,2.572,2.539,0.001,2.539,TRUE,28/11/2021 00:00,2.338,0.35,3.2,-2.78,19.68,20.42,19.34,23.55,55.06,0,0,0.24,,1,1,,,1,
EOH0737,TRUE,,17/06/2021 08:16,13/08/2023 11:56,787.15,17/06/2021 08:18,13/08/2023 11:54,787.15,02/07/2021,02/07/2022,2,0.029,2.458,2.374,2.374,4176.59,9673.31,240.97,0,0,,-0.892,-26.63,1.36,46.19,52.6,40.94,52.4,48.81,57.06,FALSE,0,cleaned,0.972,0.972,0.972,,0.972,,261,2.486,0.065,2.459,2.408,0.079,2.373,2.408,0.079,2.373,TRUE,13/12/2022 00:00,2.515,-1.6,0.49,-3.77,,,,40.44,101.48,0.25,0,0,,1,1,1,,1,
EOH0745,TRUE,,01/11/2020 00:02,28/09/2023 23:58,1062,01/11/2020 00:02,28/09/2023 23:56,1062,29/12/2021,29/12/2022,0,0,2.848,2.848,2.848,3966.12,11295.17,0,0,0,,-0.802,-21.98,1.28,39.22,42.16,36.57,40.79,38.08,69.29,TRUE,0.00006,cleaned,0.999,0.999,0.999,,0.999,,523,2.921,0.06,2.897,2.921,0.06,2.897,2.921,0.06,2.897,TRUE,13/12/2022 00:00,2.017,-6.42,-2.6,-8.37,18.41,20.04,16.46,54.61,110.14,0,0,0,,1,1,1,,1,
EOH0746,TRUE,,27/08/2021 09:14,28/09/2023 23:58,762.61,27/08/2021 09:16,28/09/2023 23:56,762.61,13/09/2022,13/09/2023,3.7,0.347,2.378,2.317,2.236,1013.58,2223.13,43.31,0,35.48,,-1.202,-33.57,1.51,44.23,45.47,40.63,44.24,40.66,60.11,FALSE,0,cleaned,0.796,0.796,0.796,,0.796,,118,2.379,0.001,2.379,2.31,0.005,2.31,2.232,0.003,2.232,TRUE,16/01/2023 00:00,2.412,-0.61,1.86,-3.09,,,,19.95,48.11,0,0,0.56,,1,1,1,,1,
EOH0749,TRUE,,17/06/2021 13:48,22/09/2023 10:54,826.88,19/07/2021 00:00,22/09/2023 10:52,795.45,20/07/2021,20/07/2022,3.3,0.232,2.889,2.889,2.643,1881.95,4974.33,0,0,160.23,8559.29,-0.071,-2.39,1.02,32.18,32.18,28.8,32.09,28.93,54.27,FALSE,0,cleaned,0.963,0.963,,,0.963,0.92,290,2.86,0.024,2.852,2.86,0.024,2.852,2.576,0.055,2.546,FALSE,13/12/2022 00:00,0.11,-5.52,-2.97,-7.94,21.39,21.64,21.23,3.35,0.37,0,0,1.45,150.61,1,1,,,1,1
EOH0754,FALSE,SPF outside threshold,30/07/2021 15:14,01/02/2023 10:08,550.79,30/07/2021 15:16,01/02/2023 10:08,550.79,06/08/2021,06/08/2022,3.3,2.174,0.382,0.382,0.367,3533.94,1298.22,0,0,136.33,,,,,48.96,57.36,51.54,56.72,53.35,73.33,TRUE,0.01521,cleaned,0.986,0.986,,,0.986,,185,0.391,0.017,0.389,0.391,0.017,0.389,0.376,0.015,0.374,FALSE,13/12/2022 00:00,0.088,-6.42,-2.6,-8.37,17.74,18.27,15.4,37.66,3.32,0,0,1.19,,1,1,,,1,
EOH0756,FALSE,Less than 1yr data available,22/04/2021 14:50,20/04/2022 14:34,362.99,22/04/2021 14:52,20/04/2022 14:32,362.99,,,,,,,,,,,,,,,,,,,,,,,,,cleaned,,,,,,,,,,,,,,,,,TRUE,29/11/2021 00:00,2.855,0.03,4.89,-2.5,19.64,21.19,18.74,32.84,93.77,0,0,0.63,,1,1,1,,1,
EOH0764,TRUE,,02/06/2021 16:04,28/09/2023 23:58,848.33,09/06/2021 00:00,28/09/2023 23:56,842,01/12/2021,01/12/2022,2,0.001,3.283,3.193,3.084,2174.01,6622.04,83.05,0,73.93,,-0.857,-20.7,1.26,32.96,36.12,30.86,34.93,32.53,60.36,FALSE,0,cleaned,0.998,0.998,0.998,,0.998,,464,3.259,0.063,3.268,3.175,0.055,3.18,3.067,0.057,3.073,TRUE,17/01/2023 00:00,2.772,-1.18,0.98,-3.9,18.99,19.21,18.86,29.27,81.13,0,0,0.81,,1,1,1,,1,
EOH0766,TRUE,,28/05/2021 12:48,19/04/2023 23:14,691.43,28/05/2021 12:50,19/04/2023 23:12,691.43,30/09/2021,30/09/2022,2,0,3.092,3.092,3.061,3001.91,9189.8,0,0,29.94,,-0.298,-8.79,1.1,40.59,44.6,38.09,42.96,40.13,73.05,TRUE,0.00024,cleaned,0.999,0.999,,,0.999,,326,3.074,0.021,3.085,3.074,0.021,3.085,3.044,0.02,3.054,TRUE,13/12/2022 00:00,2.231,-6.42,-2.6,-8.37,19.22,19.97,18.65,35.01,78.1,0,0,0.23,,1,1,,,1,
EOH0768,FALSE,Quality score outside threshold,23/07/2021 08:32,14/09/2023 12:54,783.18,30/09/2021 00:00,14/09/2023 12:52,714.54,02/10/2021,02/10/2022,5,1.485,2.135,2.135,1.87,1034.92,1935.51,0,0,128.44,4659.32,,,,33.76,33.76,31.87,36.05,34.29,62.57,FALSE,0,cleaned,0.769,0.769,,,0.769,0.695,0,,,,,,,,,,FALSE,13/12/2022 00:00,0.486,-5.52,-2.97,-7.94,17.87,18.91,17.35,3.51,1.71,0,0,1.57,71.41,1,1,,,1,1
EOH0769,TRUE,,15/10/2021 13:24,29/09/2023 00:00,713.44,15/10/2021 13:24,28/09/2023 23:58,713.44,24/07/2022,24/07/2023,1,0,3.144,3.138,3.115,4599.32,14315.41,12.56,0,33.61,,-0.996,-24.06,1.32,39.35,41.96,35.55,41.33,37.51,61.5,FALSE,0,cleaned,0.999,0.999,0.999,,0.999,,345,3.126,0.019,3.128,3.125,0.017,3.128,3.102,0.017,3.105,TRUE,13/12/2022 00:00,2.305,-1.35,1.62,-4.46,16.16,17.74,14.54,43.13,99.41,0,0,0.22,,1,1,1,,1,
EOH0780,TRUE,,07/10/2021 12:14,04/09/2023 08:04,696.83,07/10/2021 12:16,04/09/2023 08:02,696.82,25/12/2021,25/12/2022,2,0.008,2.542,2.542,2.511,1837.42,4612.98,0,0,22.97,,-0.868,-25.44,1.34,47.77,47.77,41.83,46.56,42.22,70.78,TRUE,0.00997,cleaned,0.992,0.992,,,0.992,,325,2.584,0.046,2.6,2.584,0.046,2.6,2.554,0.047,2.571,TRUE,13/12/2022 00:00,2.127,-5.52,-2.97,-7.94,21.48,23.96,19.87,23.75,50.49,0,0,0.37,,1,1,,,1,
EOH0788,TRUE,,09/03/2021 15:40,29/09/2023 00:00,933.35,09/03/2021 15:42,28/09/2023 23:58,933.34,13/04/2021,13/04/2022,3.3,0.576,3.092,2.667,2.57,4455.34,10576.71,872.79,0,162.21,,,,,44.08,44.3,40.39,45.81,42,60.28,FALSE,0,cleaned,0.985,0.985,0.98,,0.985,,429,3.015,0.073,3.044,2.472,0.101,2.432,2.394,0.091,2.359,TRUE,17/01/2023 00:00,2.076,-2.27,0.11,-4.29,21.08,21.79,19.96,59.27,122.26,0.79,0,1.32,,1,1,1,,1,
EOH0789,TRUE,,20/05/2021 16:00,29/09/2023 00:00,861.33,20/05/2021 16:02,28/09/2023 23:58,861.33,26/09/2022,26/09/2023,2,0.125,2.853,2.799,2.714,3609.65,9694.5,100.95,0,110.65,,-1.287,-31.09,1.45,33.54,35.75,31.35,35.04,32.7,60.61,FALSE,0,cleaned,0.93,0.93,0.93,,0.93,,259,2.879,0.034,2.857,2.843,0.044,2.821,2.761,0.047,2.739,TRUE,13/12/2022 00:00,2.344,-1.35,1.62,-4.46,18.31,18.79,17.8,36.08,84.57,0,0,0.74,,1,1,1,,1,
EOH0791,FALSE,Less than 1yr usable data,09/12/2020 19:10,24/11/2022 18:38,714.98,19/12/2020 02:18,24/11/2022 18:36,705.68,,,,,,,,,,,,,,,,,,,,,,,,,sensor swaps not checked,,,,,,,,,,,,,,,,,FALSE,08/01/2021 18:52,,-0.35,1,-4,,,,1.76,,0,0,0,,1,1,,,1,
EOH0793,TRUE,,18/06/2021 08:24,29/09/2023 00:00,832.65,18/06/2021 08:24,28/09/2023 23:58,832.65,05/09/2022,05/09/2023,3,0.261,2.996,2.854,2.854,3862.45,10749.17,275.12,0,0,,-0.354,-10.55,1.12,35.36,38.79,32.54,37.17,34.01,57.95,FALSE,0,cleaned,0.905,0.905,0.905,,0.905,,272,2.992,0.009,2.994,2.871,0.033,2.854,2.871,0.033,2.854,TRUE,17/01/2023 00:00,2.157,-1.57,2.51,-4.28,18.21,20.6,16.4,30.28,56.05,9.26,0,0,,1,1,1,,1,
EOH0808,TRUE,,26/08/2021 12:58,15/06/2023 12:30,657.98,26/08/2021 13:00,15/06/2023 12:28,657.98,29/03/2022,29/03/2023,3.3,0.786,2.904,2.904,2.713,1350.52,3664.59,0,0,88.65,2221.27,-0.126,-4.16,1.04,43.55,43.55,36.62,43.82,37.08,57.7,FALSE,0,cleaned,0.974,0.826,,,0.974,0.769,216,2.882,0.034,2.89,2.882,0.034,2.89,2.691,0.041,2.702,FALSE,13/12/2022 00:00,0.918,-5.52,-2.97,-7.94,18.28,20.16,16.63,5.22,4.8,0,0,1.46,55.88,1,1,,,1,0.999
EOH0809,TRUE,,01/09/2021 10:10,29/09/2023 00:00,757.58,01/09/2021 10:12,28/09/2023 23:58,757.57,12/07/2022,12/07/2023,2,0.001,2.619,2.619,2.561,2998.84,7679.07,0,0,67.3,,-1.031,-28.23,1.39,47.03,48.6,42.14,48.51,43.71,70.59,TRUE,0.00006,cleaned,0.999,0.999,,,0.999,,274,2.751,0.155,2.665,2.751,0.155,2.665,2.64,0.1,2.58,TRUE,13/12/2022 00:00,1.932,-6.42,-2.6,-8.37,15.81,20.63,11.22,41.41,80,0,0,0.76,,1,1,,,1,
EOH0810,TRUE,,19/05/2021 12:56,21/06/2023 09:50,762.87,19/05/2021 12:58,21/06/2023 09:48,762.87,24/05/2021,24/05/2022,2,0.001,3.187,3.121,2.908,4982.6,14350.15,139.96,0,339.81,,-0.013,-0.41,1,32.81,34.61,29.62,34.6,31.27,58.62,FALSE,0,cleaned,0.999,0.999,0.999,,0.999,,328,3.207,0.027,3.201,2.897,0.1,2.857,2.708,0.092,2.674,TRUE,13/12/2022 00:00,2.401,-5.52,-2.97,-7.94,18.69,19.09,18.1,54.21,127.17,2.98,0,2.01,,1,1,1,,1,
EOH0813,TRUE,,13/05/2021 10:08,15/08/2023 19:48,824.4,13/05/2021 10:08,15/08/2023 19:46,824.4,30/12/2021,30/12/2022,1,0.003,2.927,2.922,2.922,4786.69,13976.96,0,10.73,0,,-0.253,-7.97,1.09,40.92,42.78,34.35,44,37.18,66.44,TRUE,0.00039,cleaned,0.997,0.997,0.997,0.997,0.997,,293,2.508,0.442,2.288,2.506,0.44,2.287,2.506,0.44,2.287,TRUE,17/01/2023 00:00,2.411,-4.13,-0.41,-7.27,,,,46.33,111.25,0,0.44,0,,1,1,1,1,1,
EOH0818,TRUE,,25/06/2021 12:38,28/09/2023 23:58,825.47,25/06/2021 12:40,28/09/2023 23:56,825.47,16/07/2022,16/07/2023,0,0,3.108,3.029,2.712,2391.58,6407.34,79.65,0,250.11,,-0.472,-13.2,1.15,33.69,37.38,31.88,35.51,33.62,59.2,FALSE,0,cleaned,1,1,1,,1,,423,3.058,0.071,3.1,2.986,0.067,3.022,2.675,0.057,2.706,TRUE,13/12/2022 00:00,2.443,-1.35,1.62,-4.46,21.84,22.18,21.18,25,61.07,0,0,1.63,,1,1,1,,1,
EOH0819,TRUE,,06/05/2021 17:48,28/09/2023 23:58,875.26,06/05/2021 17:48,28/09/2023 23:56,875.26,28/09/2022,28/09/2023,3.3,1.373,2.641,2.641,2.641,877.37,2316.76,0,0,0,2665.28,,,,38.39,38.39,31.4,38.68,32.3,57.07,FALSE,0,sensor swaps not checked,0.994,0.994,,,0.994,0.954,41,2.64,0,2.64,2.64,0,2.64,2.64,0,2.64,FALSE,17/01/2023 00:00,1.46,-2.72,0.88,-5.9,10.4,10.75,10.16,3.42,4.99,0,0,0,34.67,1,1,,,1,0.985
EOH0822,FALSE,Quality score outside threshold,23/04/2021 08:58,04/07/2023 15:22,802.27,23/04/2021 09:00,04/07/2023 15:20,802.26,27/12/2021,27/12/2022,5,2.91,2.668,2.621,2.526,3802.01,9501.52,103.83,0,137.5,,,,,34.13,36.45,30.84,36.81,33.63,54.9,FALSE,0,cleaned,0.245,0.245,0.245,,0.245,,0,,,,,,,,,,TRUE,08/03/2023 00:00,2.307,-1.89,2.66,-6.82,19.85,21.84,18.54,25.09,56.22,1.66,0,0.82,,1,1,1,,1,
EOH0830,FALSE,Less than 1yr data available,26/08/2021 17:00,25/08/2022 23:58,364.29,26/08/2021 17:02,25/08/2022 23:56,364.29,,,,,,,,,,,,,,,,,,,,,,,,,cleaned,,,,,,,,,,,,,,,,,FALSE,28/11/2021 00:00,3.67,0.35,3.2,-2.78,18.62,20.75,16.28,21.15,77.63,0,0,0.5,,1,1,1,,1,
EOH0836,TRUE,,30/09/2021 15:52,13/09/2023 09:36,712.74,30/09/2021 15:54,13/09/2023 09:34,712.74,14/10/2021,14/10/2022,3,0.515,3.58,3.234,3,3027.87,8707.18,176.46,200,219.03,,-0.01,-0.29,1,39.46,44.59,31.43,42,34.38,65.55,TRUE,0.00428,cleaned,0.823,0.823,0.823,0.823,0.823,,272,4.84,1.362,4.183,4.132,0.987,3.656,3.661,0.781,3.289,TRUE,13/12/2022 00:00,2.28,-5.52,-2.97,-7.94,16.44,18.66,14.09,36.5,75.97,0,7.24,1.58,,1,1,1,1,1,
EOH0837,TRUE,,14/05/2021 11:58,06/07/2023 11:48,782.99,14/05/2021 12:00,06/07/2023 11:46,782.99,15/11/2021,15/11/2022,1,0.001,2.508,2.481,2.327,5109.54,11803.72,87.1,0,316.65,,-0.692,-21.61,1.28,38.89,41.44,35.67,41.4,37.74,56.34,FALSE,0,cleaned,0.999,0.999,0.999,,0.999,,417,2.701,0.231,2.54,2.65,0.206,2.504,2.474,0.181,2.342,TRUE,16/01/2023 00:00,2.499,-2.4,0.27,-5.71,18.06,18.69,17.33,38.28,91.23,4.43,0,1.89,,1,1,0.999,,1,
EOH0851,TRUE,,15/10/2021 10:46,28/09/2023 23:58,713.55,15/10/2021 10:46,28/09/2023 23:56,713.55,09/07/2022,09/07/2023,1,0.027,2.912,2.888,2.844,2262.28,6405.62,28.61,0,34.06,,-0.668,-18.65,1.23,35.11,39.02,32.48,36.83,33.89,55.27,FALSE,0,cleaned,0.972,0.972,0.972,,0.972,,316,2.858,0.065,2.885,2.833,0.064,2.859,2.789,0.064,2.815,TRUE,13/12/2022 00:00,2.347,-1.35,1.62,-4.46,13.4,14.25,12.38,16.16,37.91,0,0,0.35,,1,1,1,,1,
EOH0856,TRUE,,12/08/2021 11:52,29/09/2023 00:00,777.51,12/08/2021 11:52,28/09/2023 23:58,777.5,13/08/2021,13/08/2022,3.3,0.179,3.176,3.15,3.066,5337.44,16303.74,62.19,0,142.35,,-0.634,-16.63,1.2,40.22,42.61,37.21,40.89,37.71,61.33,FALSE,0,cleaned,0.952,0.952,0.952,,0.952,,310,3.292,0.05,3.306,3.135,0.022,3.131,3.03,0.023,3.025,TRUE,08/03/2023 00:00,2.646,-1.65,2.71,-7.5,18.36,20.07,15.5,39.26,103.72,0.18,0,0.97,,1,1,1,,1,
EOH0857,TRUE,,13/08/2021 10:18,28/09/2023 23:58,776.57,13/08/2021 10:20,28/09/2023 23:56,776.57,19/09/2021,19/09/2022,2,0.001,3.08,3.08,3.018,3943.86,11903.47,0,0,78.72,,-0.31,-9.15,1.1,38.07,42.43,35.6,41.2,38.51,76.9,TRUE,0.00044,cleaned,0.999,0.999,,,0.999,,391,3.023,0.038,3.005,3.023,0.038,3.005,2.963,0.038,2.944,TRUE,12/12/2022 00:00,2.232,-3.87,-0.32,-5.95,19.14,20.9,17.31,34.19,76.3,0,0,0.4,,1,1,,,1,
EOH0859,TRUE,,23/06/2021 08:40,29/09/2023 00:00,827.64,23/06/2021 08:40,28/09/2023 23:58,827.64,25/04/2022,25/04/2023,2,0.001,2.709,2.653,2.614,5544.76,14315.87,178.99,0,81.8,,-1.101,-28.89,1.41,49.22,50.37,44.26,49.81,44.05,63.19,FALSE,0,cleaned,0.998,0.998,0.998,,0.998,,416,2.774,0.076,2.744,2.703,0.065,2.685,2.658,0.058,2.644,TRUE,15/12/2022 00:00,2.077,-2.21,1.79,-5.41,15.12,16.06,14.41,53.34,110.25,0.56,0,0.67,,1,1,1,,1,
EOH0876,TRUE,,15/09/2021 10:42,29/09/2023 00:00,743.55,15/09/2021 10:44,28/09/2023 23:58,743.55,29/09/2021,29/09/2022,2,0.002,2.941,2.941,2.941,2559.38,7526.42,0,0,0,,-0.709,-19.43,1.24,37.09,42.37,31.04,41.57,35.72,76.84,TRUE,0.00031,cleaned,0.998,0.998,,,0.998,,337,2.755,0.087,2.712,2.755,0.087,2.712,2.755,0.087,2.712,TRUE,13/12/2022 00:00,2.513,-6.42,-2.6,-8.37,17.6,17.82,17.38,30.04,75.5,0,0,0,,1,1,,,1,
EOH0889,TRUE,,06/07/2021 15:40,28/09/2023 23:58,814.35,06/07/2021 15:42,28/09/2023 23:56,814.34,01/03/2022,01/03/2023,1,0.011,2.626,2.578,2.578,2473.7,6305.85,72.51,0,0,,-0.954,-26.64,1.36,47.8,41.78,44.46,42.01,39.64,59.65,FALSE,0,cleaned,0.989,0.989,0.989,,0.989,,317,2.51,0.119,2.466,2.46,0.121,2.408,2.46,0.121,2.408,TRUE,17/01/2023 00:00,2.313,-4.13,-0.41,-7.27,18.96,19.57,18.39,25.99,60.13,0,0,0,,1,1,1,,1,
EOH0894,TRUE,,17/09/2021 15:42,28/09/2023 23:58,741.34,17/09/2021 15:44,28/09/2023 23:56,741.34,12/12/2021,12/12/2022,2,0.156,2.615,2.565,2.42,4746.74,11349.51,53.11,85.49,267.4,,-0.845,-24.43,1.32,39.64,50.84,31.81,48.3,42.25,68.87,TRUE,0.00626,cleaned,0.919,0.919,0.918,0.918,0.919,,300,2.546,0.071,2.523,2.494,0.072,2.47,2.364,0.064,2.345,TRUE,13/12/2022 00:00,1.963,-5.52,-2.97,-7.94,14.92,16.68,12.86,48.4,80.63,3.3,11.08,1.18,,1,1,1,1,1,
EOH0896,TRUE,,08/06/2021 15:00,29/09/2023 00:00,842.38,08/06/2021 15:02,28/09/2023 23:58,842.37,03/08/2022,03/08/2023,2,0.001,3.26,3.192,3.16,3718.22,11638.81,110.82,0,37.16,,-0.55,-14.44,1.17,36.87,40.43,33.14,39.07,35.22,59.38,FALSE,0,cleaned,0.999,0.999,0.999,,0.999,,474,3.218,0.042,3.227,3.158,0.033,3.161,3.129,0.03,3.132,TRUE,15/12/2022 00:00,2.342,-4.15,-1.65,-7.51,17.88,19.12,16.97,47.54,111.33,0,0,0.39,,0.915,0.915,0.915,,0.915,
EOH0901,TRUE,,16/11/2021 14:50,25/09/2023 08:00,677.72,01/12/2021 00:00,25/09/2023 07:58,663.33,14/06/2022,14/06/2023,3,0.379,2.561,2.561,2.53,7437.06,18812.87,0,0,90.85,,-1.349,-34.5,1.53,52.61,52.03,46.35,51.57,44.96,75.62,TRUE,0.00435,cleaned,0.842,0.842,,,0.842,,268,2.609,0.06,2.579,2.609,0.06,2.579,2.576,0.058,2.547,TRUE,14/12/2022 00:00,2.286,-3.67,-1.91,-5.29,18.8,20.39,17.7,70.66,161.52,0,0,0.75,,1,1,,,1,
EOH0904,FALSE,SPF outside threshold,20/04/2021 14:22,22/07/2023 17:04,823.11,20/04/2021 14:24,22/07/2023 17:02,823.11,30/04/2021,30/04/2022,3.3,1.615,0.906,0.906,0.836,2776.96,2321.88,0,0,214.59,2286.01,,,,33.31,33.31,30.39,34.62,32.25,52.26,FALSE,0,cleaned,0.999,0.999,,,1,0.854,66,0.898,0.003,0.897,0.898,0.003,0.897,0.826,0.003,0.825,FALSE,16/01/2023 00:00,0.044,-2.4,0.27,-5.71,18.48,18.86,17.97,1.77,0.08,0,0,1.53,29.75,1,1,,,1,1
EOH0905,TRUE,,19/03/2021 11:32,29/09/2023 00:00,923.52,19/03/2021 11:34,28/09/2023 23:58,923.52,01/05/2021,01/05/2022,3.3,1.105,1.645,1.645,1.407,1138.77,1602.53,0,0,164.44,3928,-1.315,-44.43,1.8,42,42,39.05,43.23,40.58,57.82,FALSE,0,cleaned,0.999,1,,,1,0.97,498,1.755,0.172,1.677,1.755,0.172,1.677,1.505,0.159,1.438,FALSE,08/03/2023 00:00,1.236,-1.89,2.66,-6.82,16.21,19.19,15.03,4.71,5.83,0,0,1.26,31.64,1,1,,,1,0.969
EOH0918,FALSE,Quality score outside threshold,29/11/2021 16:24,26/09/2023 15:14,665.95,29/11/2021 16:24,26/09/2023 15:12,665.95,07/01/2022,07/01/2023,4,2.242,2.927,2.927,2.889,3568.64,10310.29,0,0,46.48,,,,,40.07,40.42,33.34,40.77,34.95,61.14,TRUE,0.00005,cleaned,0.253,0.253,,,0.253,,90,2.929,0.004,2.93,2.929,0.004,2.93,2.89,0.004,2.89,TRUE,16/01/2023 00:00,2.491,-2.4,0.27,-5.71,17.68,19.68,15.7,31.57,78.64,0,0,0.52,,1,1,,,1,
EOH0922,TRUE,,06/07/2021 12:08,27/09/2023 00:38,812.52,06/07/2021 12:10,27/09/2023 00:36,812.52,14/07/2021,14/07/2022,2,0.001,3.069,3.069,3.029,3871.27,11725.85,0,0,50.03,,-0.321,-9.48,1.1,40.25,42.24,37.01,42.44,38.98,77.14,TRUE,0.00018,cleaned,0.999,0.999,,,0.999,,408,3.052,0.021,3.063,3.052,0.021,3.063,3.017,0.02,3.028,TRUE,13/12/2022 00:00,2.121,-6.42,-2.6,-8.37,16.8,17.36,16.47,59.32,125.84,0,0,0.6,,1,1,,,1,
EOH0923,TRUE,,17/05/2021 16:26,29/09/2023 00:00,864.32,17/05/2021 16:26,28/09/2023 23:58,864.31,07/09/2022,07/09/2023,3.1,0,2.753,2.753,2.464,1436.39,3539.96,0,0,150.32,8109.64,,,,35.93,35.93,32.13,34.62,31.99,59.26,FALSE,0,cleaned,0.999,0.999,,,0.999,0.991,278,2.724,0.035,2.728,2.724,0.035,2.728,2.466,0.032,2.461,FALSE,13/12/2022 00:00,0.12,-5.52,-2.97,-7.94,15.28,16.88,13.11,1.82,0.22,0,0,1.57,150.75,1,1,,,1,1
EOH0930,TRUE,,10/08/2021 09:58,28/09/2023 23:58,779.58,10/08/2021 10:00,28/09/2023 23:58,779.58,28/08/2022,28/08/2023,3,0.788,2.421,2.421,2.279,2446.68,5576.16,0,0,143.36,10344.64,-0.539,-18.21,1.22,41.31,41.31,34.18,42.24,37.18,52.96,FALSE,0,cleaned,0.725,0.725,,,0.725,0.72,224,2.441,0.038,2.434,2.441,0.038,2.434,2.302,0.039,2.295,FALSE,13/12/2022 00:00,0.015,-5.52,-2.97,-7.94,20.1,21.44,17.99,3.36,0.05,0,0,1.42,130.33,1,1,,,1,1
EOH0934,TRUE,,10/02/2021 14:32,29/09/2023 00:00,960.39,11/02/2021 00:00,28/09/2023 23:58,960,15/10/2021,15/10/2022,1,0.001,2.84,2.806,2.806,5372.03,14971.24,100.19,0,0,,-0.58,-16.96,1.2,36.27,39.92,32.89,39.66,35.79,59.6,FALSE,0,cleaned,0.998,0.998,0.998,,0.998,,571,2.783,0.06,2.81,2.737,0.07,2.77,2.737,0.07,2.77,TRUE,15/12/2022 00:00,1.948,-3.75,-0.11,-6.6,18.69,19.12,18.31,64.1,115.72,9.13,0,0,,1,1,1,,1,
EOH0937,TRUE,,14/09/2021 14:32,29/09/2023 00:00,744.39,14/09/2021 14:32,28/09/2023 23:58,744.39,21/07/2022,21/07/2023,2,0.079,2.843,2.841,2.818,3746.37,10553.11,2.93,0,31.02,,-0.667,-19.01,1.23,40.65,46.16,32.75,44.47,36.53,62.15,FALSE,0,cleaned,0.943,0.943,0.943,,0.943,,64,2.839,0.003,2.839,2.838,0.002,2.838,2.815,0.002,2.814,TRUE,13/12/2022 00:00,2.124,-6.42,-2.6,-8.37,13.05,15.11,11.47,30.21,64.17,0,0,0.31,,1,1,1,,1,
EOH0943,TRUE,,14/04/2021 08:38,28/09/2023 23:58,897.64,14/04/2021 08:40,28/09/2023 23:56,897.64,19/07/2022,19/07/2023,0,0,3.769,3.769,3.698,3414.2,12627.25,0,0,64.13,,0.139,3.84,0.96,36.09,39.35,33.86,38.57,35.8,77.66,TRUE,0.00023,cleaned,1,1,,,1,,531,3.831,0.043,3.845,3.831,0.043,3.845,3.749,0.036,3.758,TRUE,13/12/2022 00:00,2.729,-1.35,1.62,-4.46,19.56,20.73,18.58,36.26,98.96,0,0,0.33,,1,1,,,1,
EOH0953,TRUE,,01/04/2021 13:02,23/08/2023 14:12,874.05,01/04/2021 13:02,23/08/2023 14:10,874.05,31/10/2021,31/10/2022,2,0.015,2.694,2.694,2.694,4150.12,11180.59,0,0,0,,-0.956,-26.19,1.35,38.17,46.62,33.4,47.42,42.66,74.38,TRUE,0.00336,cleaned,0.985,0.985,,,0.985,,469,2.684,0.093,2.699,2.684,0.093,2.699,2.684,0.093,2.699,TRUE,13/12/2022 00:00,1.924,-7.3,-5.2,-10.29,18.86,20.5,17.18,40.06,77.07,0,0,0,,1,1,,,1,
EOH0955,FALSE,Less than 1yr data available,13/12/2021 14:42,15/09/2022 14:46,276,11/07/2022 08:32,15/09/2022 14:46,66.26,,,,,,,,,,,,,,,,,,,,,,,,,cleaned,,,,,,,,,,,,,,,,,FALSE,,,,,,,,,,,,,,,0,0,,,,
EOH0957,TRUE,,05/08/2021 11:10,12/09/2023 08:16,767.88,05/08/2021 11:12,12/09/2023 08:14,767.88,29/07/2022,29/07/2023,1,0.001,3.339,3.231,3.096,9257.69,28253.74,411.92,0,384.28,,0.099,3.06,0.97,41.51,44.7,35.19,44.13,37.77,60.98,FALSE,0,cleaned,0.998,0.998,0.998,,0.998,,403,3.321,0.022,3.329,3.23,0.013,3.23,3.096,0.012,3.096,TRUE,13/12/2022 00:00,2.154,-5.52,-2.97,-7.94,,,,97.52,192.6,17.47,0,2.37,,1,1,1,,1,
EOH0958,FALSE,Less than 1yr data available,31/03/2021 12:48,11/01/2022 23:58,286.47,31/03/2021 12:48,11/01/2022 23:56,286.46,,,,,,,,,,,,,,,,,,,,,,,,,cleaned,,,,,,,,,,,,,,,,,FALSE,17/04/2021 00:00,2.3,0.07,0.14,-0.01,,,,14.65,33.71,0,0,0.02,,1,1,,,1,
EOH0963,TRUE,,21/05/2021 11:24,29/09/2023 00:00,860.53,21/05/2021 11:26,28/09/2023 23:58,860.52,25/05/2021,25/05/2022,0,0,3.407,3.379,3.188,8354.16,26543.44,91.94,0,472.13,,-0.173,-4.82,1.05,44.11,44.87,40.68,46.74,42.95,60.32,FALSE,0,cleaned,1,1,1,,1,,425,3.398,0.015,3.396,3.37,0.015,3.368,3.211,0.013,3.21,TRUE,13/12/2022 00:00,2.311,-1.35,1.62,-4.46,21.8,24.75,19.93,40.78,92.89,1.37,0,1.21,,1,1,1,,1,
EOH0975,TRUE,,23/09/2021 15:42,29/09/2023 00:00,735.35,23/09/2021 15:44,28/09/2023 23:58,735.34,14/11/2021,14/11/2022,1,0.002,3.445,3.32,2.787,3027.62,8309.2,129.61,0,485.94,,-0.365,-9.58,1.11,34.98,37.94,33.01,36.05,34.01,58.9,FALSE,0,cleaned,0.998,0.998,0.998,,0.998,,345,3.43,0.018,3.429,3.307,0.016,3.305,2.78,0.011,2.778,TRUE,13/12/2022 00:00,2.613,-1.35,1.62,-4.46,16.49,17.1,15.16,37.56,98.14,0,0,3.92,,1,1,1,,1,
EOH0979,TRUE,,28/05/2021 08:34,19/06/2023 09:02,752.02,28/05/2021 08:36,19/06/2023 09:00,752.02,29/05/2022,29/05/2023,2,0.003,2.91,2.807,2.807,2897.36,7976.54,155.86,0,0,,-0.44,-13.15,1.15,34.85,44.38,30.3,41.01,37.15,58.21,FALSE,0,cleaned,0.997,0.997,0.997,,0.997,,387,2.956,0.04,2.97,2.861,0.052,2.882,2.861,0.052,2.882,TRUE,17/01/2023 00:00,2.752,-2.27,0.11,-4.29,,,,30.35,81.36,2.17,0,0,,1,1,1,,1,
EOH0988,TRUE,,20/09/2021 15:26,28/09/2023 23:58,738.36,21/09/2021 00:00,28/09/2023 23:56,738,15/10/2021,15/10/2022,2,0.002,2.549,2.505,2.351,2897.94,6733.84,78.48,0,178,,-0.821,-24.35,1.32,35.01,39.57,32.92,36.98,34.54,62.38,FALSE,0,cleaned,0.998,0.998,0.998,,0.998,,372,2.43,0.063,2.392,2.381,0.064,2.344,2.224,0.066,2.185,TRUE,13/12/2022 00:00,1.806,-6.42,-2.6,-8.37,18.94,19.52,18.07,31.13,55.7,0.53,0,1.2,,1,1,1,,1,
EOH0991,TRUE,,21/06/2021 15:38,19/12/2022 21:58,546.26,21/06/2021 15:46,19/12/2022 21:56,546.26,02/07/2021,02/07/2022,2,0.007,2.354,2.236,2.216,4668.08,9940.73,402.36,0,42.98,,-0.926,-28.23,1.39,43.38,44.64,41.4,41.78,39.6,62.42,FALSE,0,cleaned,0.994,0.994,0.994,,0.994,,150,2.343,0.034,2.333,2.224,0.042,2.212,2.205,0.043,2.193,TRUE,13/12/2022 00:00,2.109,-1.6,0.49,-3.77,18.36,19.37,17.55,41.86,88.27,0,0,0.35,,1,1,1,,1,
EOH0999,FALSE,Quality score outside threshold,18/06/2021 15:42,28/09/2023 23:58,832.34,18/06/2021 15:44,28/09/2023 23:56,832.34,12/09/2022,12/09/2023,4,1.548,3.224,3.117,3.103,2378.27,7264.72,114.42,0,10.55,,,,,42.79,44.52,39.63,43.83,40.58,59.71,FALSE,0,cleaned,0.483,0.483,0.483,,0.483,,190,3.353,0.088,3.393,3.192,0.052,3.212,3.177,0.051,3.196,TRUE,15/12/2022 00:00,2.628,-2.04,1.2,-4.58,20.27,21.64,19.52,23.23,61.04,0,0,0.1,,1,1,1,,1,
EOH1000,TRUE,,17/05/2021 15:42,13/08/2023 12:30,817.87,18/05/2021 00:00,13/08/2023 12:30,817.52,27/05/2021,27/05/2022,3.3,1.283,2.454,2.454,2.173,830.28,1804.53,0,0,94.83,3935.97,-0.506,-17.11,1.21,44.23,44.23,40.74,45.86,43.18,57.55,FALSE,0,cleaned,0.851,0.852,,,0.852,0.834,10,2.461,0.004,2.461,2.461,0.004,2.461,2.18,0.004,2.181,FALSE,13/12/2022 00:00,0.215,-5.52,-2.97,-7.94,,,,1.65,0.36,0,0,1.45,70.06,1,1,,,1,1
EOH1003,TRUE,,06/04/2021 19:10,28/09/2023 23:58,905.2,08/04/2021 00:00,28/09/2023 23:58,904,30/06/2021,30/06/2022,3.3,0.281,3.129,3.129,3.09,3797.68,11736.72,0,0,46.76,6.52,-0.781,-19.97,1.25,39.11,39.11,35.09,39.41,35.38,61.33,FALSE,0,cleaned,0.999,0.999,,,0.999,0.999,410,3.176,0.043,3.184,3.176,0.043,3.184,3.136,0.041,3.143,FALSE,13/12/2022 00:00,2.215,-6.42,-2.6,-8.37,18.19,18.87,17.75,19.85,43.97,0,0,0.17,81.86,1,1,,,1,1
EOH1018,TRUE,,24/06/2021 18:16,28/09/2023 23:58,826.24,24/06/2021 18:18,28/09/2023 23:56,826.23,10/08/2022,10/08/2023,0,0,2.457,2.457,2.447,4376.54,10710.61,0,0,18.02,,-1.463,-37.31,1.6,43.78,54.29,38.05,49.17,45.04,72.94,TRUE,0.01162,cleaned,1,1,,,1,,458,2.414,0.1,2.458,2.414,0.1,2.458,2.403,0.099,2.448,TRUE,13/12/2022 00:00,2.067,-6.42,-2.6,-8.37,18.21,21.59,14.22,44.06,91.05,0,0,0.28,,1,1,,,1,
EOH1019,TRUE,,12/08/2021 12:58,29/09/2023 00:00,777.46,12/08/2021 13:00,28/09/2023 23:56,777.46,13/08/2021,13/08/2022,3.3,0.959,3.288,3.288,2.829,681.83,1929.11,0,0,95.05,4723.61,0.328,11.07,0.9,37.16,37.16,31.65,37.86,32.95,56.47,FALSE,0,cleaned,0.998,0.998,,,0.998,0.946,394,3.282,0.03,3.289,3.282,0.03,3.289,2.801,0.041,2.816,FALSE,13/12/2022 00:00,1.243,-5.52,-2.97,-7.94,13.39,15.3,11.61,4.37,5.43,0,0,1.25,72.34,0.93,0.93,,,0.932,0.918
EOH1022,TRUE,,17/11/2021 15:44,25/09/2023 09:04,676.72,17/11/2021 15:46,25/09/2023 09:02,676.72,12/09/2022,12/09/2023,3.3,1.712,3.271,3.271,3.271,504.02,1648.65,0,0,0,5710.45,,,,40.69,40.69,32.12,40.39,30.89,63.5,FALSE,0,cleaned,0.802,0.802,,,0.802,0.802,2,3.27,0.001,3.27,3.27,0.001,3.27,3.27,0.001,3.27,FALSE,13/12/2022 00:00,5.36,-5.52,-2.97,-7.94,17.14,18.6,15.7,7.18,38.46,0,0,0,53.59,1,1,,,1,1
EOH1041,TRUE,,09/06/2021 08:08,26/09/2023 11:16,839.13,09/06/2021 08:10,26/09/2023 11:16,839.13,16/07/2022,16/07/2023,2,0.003,2.931,2.845,2.682,2682.75,7080.89,113.09,0,153.74,,-0.459,-13.54,1.16,36.54,38.39,32.57,37.5,33.57,56.69,FALSE,0,cleaned,0.997,0.997,0.997,,0.997,,457,3.008,0.078,2.963,2.934,0.089,2.886,2.799,0.112,2.751,TRUE,13/12/2022 00:00,2.274,-5.52,-2.97,-7.94,17.49,18.51,16.14,34.89,75.26,4.07,0,1.09,,1,1,1,,1,
EOH1042,TRUE,,18/03/2021 13:32,29/09/2023 00:00,924.44,18/03/2021 13:34,28/09/2023 23:58,924.43,23/07/2022,23/07/2023,2,0.001,3.24,3.24,3.159,4510.79,14250.5,0,0,112.9,,-0.15,-4.42,1.05,39.17,43.55,36.42,41.6,38.71,75.65,TRUE,0.00108,cleaned,0.999,0.999,,,0.999,,522,3.317,0.065,3.304,3.317,0.065,3.304,3.232,0.061,3.221,TRUE,13/12/2022 00:00,2.331,-6.42,-2.6,-8.37,16.83,17.94,16,46.44,108.25,0,0,0.56,,1,1,,,1,
EOH1045,FALSE,Less than 1yr data available,21/09/2021 09:32,15/06/2022 19:08,267.4,30/09/2021 00:00,15/06/2022 19:06,258.8,,,,,,,,,,,,,,,,,,,,,,,,,cleaned,,,,,,,,,,,,,,,,,FALSE,28/11/2021 00:00,,0.35,3.2,-2.78,21.32,21.95,20.46,20.22,61.51,,0,0.61,,1,1,1,,1,
EOH1046,TRUE,,07/01/2021 12:40,14/09/2023 13:30,980.03,07/01/2021 12:42,14/09/2023 13:28,980.03,18/05/2021,18/05/2022,3.3,0.803,5.416,5.416,4.317,1516.97,6548.86,0,0,307.86,3456.41,2.346,76.43,0.57,48.75,48.75,37.17,48.75,37.17,48.75,FALSE,0,cleaned,0.997,0.997,,,0.997,0.961,257,5.518,0.108,5.514,5.518,0.108,5.514,4.467,0.135,4.48,FALSE,11/02/2021 00:00,6.474,-3.92,2.1,-8.2,18.31,19.93,15.93,10.45,67.67,0,0,0,44.84,1,1,,,1,0.925
EOH1048,TRUE,,05/05/2021 14:08,28/09/2023 23:58,876.41,05/05/2021 14:10,28/09/2023 23:56,876.41,30/05/2022,30/05/2023,2,0.029,3.039,3.039,2.991,4554.24,13620.11,0,0,73.19,,-0.351,-10.34,1.12,40.61,44.76,38.01,44.67,41.74,76.93,TRUE,0.00115,cleaned,0.97,0.97,,,0.97,,472,3.032,0.036,3.037,3.032,0.036,3.037,2.981,0.036,2.989,TRUE,13/12/2022 00:00,2.197,-8.28,-4.1,-10.91,19.54,21,18.36,55.06,120.97,0,0,0.77,,1,1,,,1,
EOH1053,FALSE,Less than 1yr data available,05/06/2021 09:18,24/05/2022 23:58,353.61,06/06/2021 00:00,24/05/2022 23:56,353,,,,,,,,,,,,,,,,,,,,,,,,,cleaned,,,,,,,,,,,,,,,,,TRUE,28/11/2021 00:00,3.01,0.35,3.2,-2.78,19.35,20.48,18.38,56.64,170.5,0,0,0.77,,1,1,1,,1,
EOH1062,TRUE,,05/08/2021 11:48,28/09/2023 23:58,784.51,05/08/2021 11:50,28/09/2023 23:56,784.5,30/10/2021,30/10/2022,0,0,3.275,3.158,3.123,2595.39,7974.07,132.26,0,28.09,,-0.865,-20.9,1.26,35.82,38.86,32.33,38.08,34.46,60.24,FALSE,0,cleaned,1,1,1,,1,,416,3.22,0.049,3.194,3.106,0.048,3.081,3.072,0.047,3.047,TRUE,13/12/2022 00:00,2.415,-6.42,-2.6,-8.37,15.88,18.26,11.93,31.67,76.5,0,0,0.3,,1,1,1,,1,
EOH1063,FALSE,SPF outside threshold,30/09/2021 10:58,13/12/2022 16:28,439.23,30/09/2021 10:58,13/12/2022 16:26,439.23,13/12/2021,13/12/2022,3.3,2.09,0.668,0.668,0.656,9582.09,6289.76,0,0,161.61,0,,,,38.21,38.21,33.17,38.87,33.79,48.39,FALSE,0,cleaned,0.997,0.997,,,0.997,0.997,67,0.433,0.12,0.433,0.433,0.12,0.433,0.426,0.118,0.426,FALSE,13/12/2022 00:00,,-5.52,-2.97,-7.94,,,,73.07,,0,0,1.23,,1,1,,,1,1
EOH1070,TRUE,,01/04/2021 14:54,25/09/2023 21:44,907.28,01/04/2021 14:56,25/09/2023 21:42,907.28,18/09/2022,18/09/2023,3.3,1.096,1.754,1.754,1.348,415.3,559.82,0,0,96.05,3556.1,-1.266,-41.94,1.72,29.67,29.67,26.18,29.83,27.25,55.94,FALSE,0,cleaned,0.994,0.994,,,0.994,0.985,304,1.731,0.154,1.731,1.731,0.154,1.731,1.355,0.164,1.33,FALSE,13/12/2022 00:00,0.144,-5.52,-2.97,-7.94,,,,3.15,0.45,0,0,1.4,66.2,1,1,,,1,1
EOH1085,TRUE,,08/10/2021 08:22,29/09/2023 00:00,720.65,08/10/2021 08:24,28/09/2023 23:58,720.65,23/09/2022,23/09/2023,3.3,0.801,4.348,3.021,2.959,4725,12144.49,1834.85,0,97.36,,,,,33.37,39.08,28.66,33.84,28.41,73.96,TRUE,0.00066,cleaned,0.913,0.913,0.913,,0.913,,332,4.633,0.369,4.764,2.855,0.099,2.841,2.775,0.099,2.757,FALSE,13/12/2022 00:00,1.949,-6.42,-2.6,-8.37,12.16,13.16,11.84,48.21,46.5,47.47,0,0.51,,1,1,1,,1,
EOH1092,FALSE,Quality score outside threshold,18/05/2021 16:36,28/09/2023 23:58,863.31,19/05/2021 00:00,28/09/2023 23:56,863,26/09/2022,26/09/2023,4,0.984,2.502,2.407,2.232,4887.98,10621.13,288.59,0,355.04,,,,,38.25,42.65,33.8,39.94,36.43,58.42,FALSE,0,cleaned,0.924,0.443,0.924,,0.924,,60,2.494,0.004,2.495,2.4,0.004,2.4,2.225,0.004,2.225,TRUE,04/01/2022 00:00,2.077,-0.99,0.59,-3.3,20.02,21.29,19.21,41.97,82.55,4.62,0,1.87,,1,1,1,,1,
EOH1097,TRUE,,28/06/2021 11:32,15/09/2023 00:00,808.52,28/06/2021 11:34,14/09/2023 23:58,808.52,30/08/2021,30/08/2022,2,0.044,2.298,2.298,2.278,4130.05,9408.55,0,0,35.91,,-1.832,-44.36,1.8,49.62,51.04,43.95,51.25,45.83,72.73,TRUE,0.0012,cleaned,0.977,0.977,,,0.977,,411,2.581,0.235,2.584,2.581,0.235,2.584,2.539,0.217,2.544,TRUE,13/12/2022 00:00,1.953,-5.52,-2.97,-7.94,16.71,18.9,15.11,41.88,81.8,0,0,0.47,,1,1,,,1,
EOH1098,FALSE,Quality score outside threshold,27/05/2021 11:20,01/08/2023 00:00,795.53,27/05/2021 11:22,31/07/2023 23:56,795.52,20/01/2022,20/01/2023,4,2.242,2.912,2.868,2.745,3356.61,9140.35,73.24,0,144.55,,,,,34.86,35.49,32.36,37.68,34.89,55.65,FALSE,0,cleaned,0.253,0.253,0.253,,0.253,,90,2.906,0.009,2.904,2.862,0.011,2.86,2.738,0.011,2.736,TRUE,16/01/2023 00:00,2.278,-2.4,0.27,-5.71,21.65,24.3,18.25,20.94,45.81,1.89,0,1.02,,1,1,1,,1,
EOH1103,TRUE,,03/06/2021 08:56,28/09/2023 23:58,847.63,03/06/2021 08:56,28/09/2023 23:56,847.63,29/06/2021,29/06/2022,2,0.002,3.216,3.163,3.163,3140.43,9855.81,76.23,0,0,,-0.134,-3.99,1.04,35.55,39.41,31.49,38.38,34.11,57.72,FALSE,0,cleaned,0.998,0.998,0.998,,0.998,,435,3.228,0.031,3.223,3.161,0.025,3.162,3.161,0.025,3.162,TRUE,17/01/2023 00:00,2.78,-0.91,3.83,-3.1,16.8,17.26,16.22,30.9,84.85,1.06,0,0,,1,1,1,,1,
EOH1109,TRUE,,08/07/2021 13:00,31/07/2023 23:58,753.46,08/07/2021 13:02,31/07/2023 23:56,753.45,21/09/2021,21/09/2022,2,0.001,2.182,2.182,2.182,3853.59,8408.58,0,0,0,,-1.728,-44.19,1.79,48.35,48.9,46.17,48.45,46.02,76.8,TRUE,0.00021,cleaned,0.998,0.998,,,0.998,,271,2.003,0.184,2.064,2.003,0.184,2.064,2.003,0.184,2.064,TRUE,13/12/2022 00:00,1.504,-5.52,-2.97,-7.94,,,,38.43,57.8,0,0,0,,1,1,,,1,
EOH1114,TRUE,,08/06/2021 15:28,28/09/2023 23:58,842.35,08/06/2021 15:30,28/09/2023 23:56,842.35,02/09/2022,02/09/2023,2,0.062,3.574,3.574,3.285,3705.84,12175.01,0,0,298.91,,-0.346,-8.84,1.1,34.58,37.68,32.83,36.75,34.75,69.7,TRUE,0.0001,cleaned,0.968,0.968,,,0.968,,94,3.576,0.016,3.573,3.576,0.016,3.573,3.288,0.017,3.285,TRUE,13/12/2022 00:00,2.457,-6.42,-2.6,-8.37,15.52,16.48,14.52,39.39,96.78,0,0,1.49,,1,1,,,1,
EOH1131,TRUE,,16/04/2021 12:30,29/09/2023 00:00,895.48,16/04/2021 12:32,28/09/2023 23:58,895.48,07/05/2021,07/05/2022,0,0,3.016,3.016,2.948,1492.18,4398.75,0,0,33.52,,-0.374,-11.04,1.12,36.27,43.03,34.41,41.21,38.84,77.64,TRUE,0.00043,cleaned,1,1,,,1,,519,2.962,0.039,2.968,2.962,0.039,2.968,2.889,0.033,2.897,TRUE,13/12/2022 00:00,2.419,-6.42,-2.6,-8.37,19.11,20.75,17.87,19.93,48.23,0,0,0.41,,1,1,,,1,
EOH1135,FALSE,Less than 1yr data available,15/12/2020 15:56,11/10/2021 12:04,299.84,15/12/2020 15:58,11/10/2021 12:02,299.84,,,,,,,,,,,,,,,,,,,,,,,,,cleaned,,,,,,,,,,,,,,,,,TRUE,11/02/2021 00:00,2.22,-5.92,0.9,-12.6,20.93,22.62,17.87,47.9,106.32,0,0,0.51,,1,1,,,1,
EOH1136,FALSE,SPF outside threshold,02/08/2021 16:00,01/02/2023 10:14,547.76,02/08/2021 16:02,01/02/2023 10:10,547.76,14/08/2021,14/08/2022,5,2.938,0.25,0.25,0.244,3736.92,912.34,0,0,83.33,,,,,51.78,52.45,46.75,49.29,45.04,72.76,TRUE,0.01716,cleaned,0.831,0.831,,,0.831,,0,,,,,,,,,,FALSE,13/12/2022 00:00,0.236,-6.42,-2.6,-8.37,18.8,19.6,17.72,38.12,8.98,0,0,0.77,,1,1,,,1,
EOH1147,TRUE,,21/09/2021 12:12,29/08/2023 07:18,706.8,21/09/2021 12:14,29/08/2023 07:16,706.79,07/05/2022,07/05/2023,1,0.042,3.418,3.335,3.017,3808.68,11373.69,117.92,0,362.99,,-0.242,-6.62,1.07,35,39.41,30.04,37.71,32.56,61.77,FALSE,0,cleaned,0.958,0.958,0.958,,0.958,,309,3.416,0.018,3.417,3.283,0.09,3.323,2.984,0.079,3.013,TRUE,13/12/2022 00:00,2.61,-6.42,-2.6,-8.37,17.04,18.07,15.65,51.4,134.15,0,0,3.02,,1,1,1,,1,
EOH1154,TRUE,,12/03/2021 08:40,12/09/2023 09:44,914.04,12/03/2021 08:42,12/09/2023 09:42,914.04,27/09/2021,27/09/2022,2,0.112,2.848,2.81,2.601,3745.66,9671.07,71.45,0,278.67,,-0.572,-16.72,1.2,37.91,43.75,34.73,41.62,38.18,58.99,FALSE,0,cleaned,0.937,0.937,0.937,,0.937,,201,2.775,0.042,2.756,2.72,0.056,2.693,2.535,0.039,2.515,TRUE,15/12/2022 00:00,2.384,-3.75,-0.11,-6.6,18.43,21.07,16.05,39.58,92.51,1.82,0,1.86,,1,1,1,,1,
EOH1166,TRUE,,06/08/2021 09:52,28/09/2023 23:58,783.59,06/08/2021 09:54,28/09/2023 23:58,783.59,08/08/2022,08/08/2023,1,0,2.679,2.679,2.604,1900.83,4948.81,0,0,53.87,,-0.971,-26.59,1.36,38.1,44.36,33.48,41.82,38.04,70.04,TRUE,0.00016,cleaned,0.999,0.999,,,0.999,,291,2.709,0.033,2.688,2.709,0.033,2.688,2.633,0.033,2.614,TRUE,13/12/2022 00:00,1.88,-6.42,-2.6,-8.37,19.05,19.97,17.54,26.13,49.11,0,0,0.52,,1,1,,,1,
EOH1171,TRUE,,27/07/2021 08:52,26/07/2023 08:34,728.99,28/09/2021 00:00,26/07/2023 08:32,666.36,03/01/2022,03/01/2023,3.3,0.894,2.615,2.615,2.36,931.96,2199.02,0,0,91.09,3601.56,-0.345,-11.65,1.13,43.46,43.46,39,42.88,39.04,57.51,FALSE,0,cleaned,0.924,0.924,,,0.924,0.888,291,2.706,0.068,2.729,2.706,0.068,2.729,2.457,0.058,2.471,FALSE,13/12/2022 00:00,0.074,-5.52,-2.97,-7.94,15.57,19.4,12.57,3.21,0.24,0,0,1.43,52.63,1,1,,,1,1
EOH1172,FALSE,Quality score outside threshold,29/11/2021 14:30,29/12/2022 16:26,395.08,29/11/2021 14:34,29/12/2022 16:24,395.08,21/12/2021,21/12/2022,4,1.483,1.895,1.895,1.655,1091.84,1806.84,0,0,138.33,7564.54,,,,49.83,49.83,46.23,46.86,45.33,62.12,FALSE,0,cleaned,0.505,0.505,,,0.505,0.477,27,1.898,0.004,1.897,1.898,0.004,1.897,1.665,0.009,1.669,FALSE,13/12/2022 00:00,0.393,-5.52,-2.97,-7.94,18.26,19.46,17.37,3.04,1.19,0,0,1.25,55.52,1,1,,,1,1
EOH1175,TRUE,,02/07/2021 15:58,28/09/2023 23:58,818.33,02/07/2021 16:00,28/09/2023 23:56,818.33,20/07/2021,20/07/2022,2,0.064,2.757,2.757,2.484,7351.97,18263.92,0,0,727.41,,-1.013,-26.87,1.37,42.13,43.39,39.5,42.13,39.12,64.26,FALSE,0,cleaned,0.957,0.957,0.957,,0.957,,255,2.642,0.09,2.659,2.642,0.09,2.659,2.378,0.078,2.385,TRUE,13/12/2022 00:00,1.879,-6.42,-2.6,-8.37,19.42,20.81,18.66,83.06,156.08,0,0,3.92,,1,1,1,,1,
EOH1183,TRUE,,06/07/2021 10:42,29/09/2023 00:00,814.55,06/07/2021 10:44,28/09/2023 23:58,814.55,11/02/2022,11/02/2023,3,0.262,2.372,2.184,2.122,2006.73,3991.74,266.35,0,57.18,,-0.778,-24.71,1.33,41.79,45.59,39.11,45.5,42.14,58.78,FALSE,0,cleaned,0.908,0.908,0.908,,0.908,,309,2.374,0.013,2.374,2.175,0.018,2.176,2.085,0.061,2.113,TRUE,13/12/2022 00:00,1.805,-1.35,1.62,-4.46,9.8,12.79,5.89,27.57,49.02,0.74,0,0.67,,1,1,1,,1,
EOH1186,TRUE,,20/04/2021 17:58,29/09/2023 00:00,891.25,20/04/2021 18:00,28/09/2023 23:58,891.25,12/05/2021,12/05/2022,0,0,3.312,3.312,3.14,5096.58,16004.16,0,0,264.27,,-0.608,-15.51,1.18,37.14,40.45,34.72,39.46,36.7,69.24,TRUE,0.00186,cleaned,1,1,,,1,,525,3.264,0.078,3.277,3.264,0.078,3.277,3.103,0.063,3.113,TRUE,12/12/2022 00:00,2.143,-3.87,-0.32,-5.95,18.68,20.62,17.14,59.22,126.89,0,0,1.31,,1,1,,,1,
EOH1190,FALSE,Less than 1yr data available,16/10/2021 13:34,27/08/2022 23:58,315.43,16/10/2021 13:36,27/08/2022 23:56,315.43,,,,,,,,,,,,,,,,,,,,,,,,,cleaned,,,,,,,,,,,,,,,,,TRUE,28/11/2021 00:00,2.611,0.35,3.2,-2.78,18.27,18.94,17.95,40.94,106.9,0,0,0.63,,1,1,,,1,
EOH1191,TRUE,,08/07/2021 15:24,23/08/2023 15:42,776.01,08/07/2021 15:28,23/08/2023 15:40,776.01,23/08/2022,23/08/2023,3.3,0.109,2.991,2.991,2.522,1300.88,3280.41,0,0,204.11,4233.82,-0.029,-0.96,1.01,34.84,34.84,30.18,34.41,30.78,54.97,FALSE,0,cleaned,0.999,0.999,,,0.999,0.919,374,2.315,0.393,2.043,2.315,0.393,2.043,1.863,0.346,1.679,FALSE,13/12/2022 00:00,0.176,-5.52,-2.97,-7.94,16.62,18.27,14.85,3.3,0.58,0,0,1.46,63.57,1,1,,,1,1
EOH1201,FALSE,Less than 1yr usable data,24/07/2021 16:16,21/08/2022 10:04,392.74,25/07/2021 00:00,21/08/2022 10:02,392.42,,,,,,,,,,,,,,,,,,,,,,,,,cleaned,,,,,,,,,,,,,,,,,FALSE,29/11/2021 00:00,3.021,0.03,4.89,-2.5,22.21,24.08,19.54,20.74,62.65,0,0,0,,0.987,0.987,,,0.987,
EOH1207,TRUE,,21/09/2021 13:40,07/09/2023 08:02,715.77,21/09/2021 13:42,07/09/2023 08:00,715.76,26/08/2022,26/08/2023,2,0.006,3.163,3.1,2.957,2167.3,6347.71,59.96,0,100.46,,-0.647,-16.98,1.2,43.41,45.24,38.28,45.16,40.03,60.31,FALSE,0,cleaned,0.994,0.994,0.994,,0.994,,250,3.217,0.101,3.161,3.133,0.088,3.084,2.985,0.081,2.941,TRUE,17/01/2023 00:00,2.567,-2.27,0.11,-4.29,17.74,19,16.54,37.14,94.77,0.55,0,1.33,,1,1,1,,1,
EOH1214,FALSE,Less than 1yr usable data,24/06/2021 09:56,28/09/2023 23:58,826.58,24/06/2021 09:56,28/09/2023 23:56,826.58,,,,,,,,,,,,,,,,,,,,,,,,,sensor swaps not checked,,,,,,,,,,,,,,,,,FALSE,28/11/2021 00:00,,1.71,3.8,-0.49,19.39,20.11,18.73,38.86,,5.82,5.85,0,,1,1,1,1,1,
EOH1221,FALSE,SPF outside threshold,07/10/2021 13:40,19/08/2023 13:24,680.99,07/10/2021 13:42,19/08/2023 13:22,680.99,08/02/2022,08/02/2023,5,3.272,7.768,7.768,7.521,3529.24,26542.73,0,0,112.24,,,,,47.34,47.38,43.26,47.6,40.74,62.39,FALSE,0,cleaned,0.761,0.761,0.761,,0.761,,0,,,,,,,,,,FALSE,13/12/2022 00:00,7.619,-5.52,-2.97,-7.94,,,,13.8,105.13,0,0,0.34,,1,1,1,,1,
EOH1233,TRUE,,17/08/2021 11:58,28/09/2023 23:58,772.5,17/08/2021 12:00,28/09/2023 23:56,772.5,28/07/2022,28/07/2023,1,0,3.461,3.461,3.402,4289.01,14592.27,0,0,73.14,,0.071,2.1,0.98,35.9,38.09,33.25,37.93,35.12,77.41,TRUE,0.0002,cleaned,0.999,0.999,,,0.999,,202,3.459,0.012,3.461,3.459,0.012,3.461,3.4,0.011,3.402,TRUE,13/12/2022 00:00,2.344,-6.42,-2.6,-8.37,20.61,20.91,20.04,51.66,121.07,0,0,0.38,,1,1,,,1,
EOH1237,FALSE,Less than 1yr data available,22/03/2021 12:40,21/11/2021 01:54,243.55,22/03/2021 12:40,21/11/2021 01:52,243.55,,,,,,,,,,,,,,,,,,,,,,,,,cleaned,,,,,,,,,,,,,,,,,FALSE,06/04/2021 00:00,2.653,0.56,4.7,-2.4,19.19,22.18,16.43,20.57,54.56,0,0,1.22,,1,1,,,1,
EOH1239,TRUE,,11/10/2021 11:50,13/09/2023 08:04,701.84,11/10/2021 11:52,13/09/2023 08:02,701.84,11/08/2022,11/08/2023,2,0.003,2.996,2.996,2.961,4258.72,12612.01,0,0,49.69,,-0.914,-23.37,1.3,39.63,41.28,36.3,43.88,39.84,70.88,TRUE,0.00015,cleaned,0.998,0.998,,,0.998,,333,2.793,0.199,2.849,2.793,0.199,2.849,2.767,0.19,2.822,TRUE,13/12/2022 00:00,2.121,-5.52,-2.97,-7.94,19.46,21.07,17.33,51.47,109.2,0,0,0.39,,1,1,,,1,
EOH1242,TRUE,,22/04/2021 17:22,28/09/2023 23:58,889.28,16/06/2021 00:00,28/09/2023 23:56,835,16/06/2021,16/06/2022,3.3,0.417,2.938,2.938,2.892,2636.83,7625,0,0,41.71,0.82,-0.972,-24.85,1.33,43.02,43.02,39.78,44.15,40.76,59.49,FALSE,0,cleaned,0.998,0.998,,,0.998,0.998,467,2.92,0.014,2.913,2.92,0.014,2.913,2.875,0.013,2.868,FALSE,12/12/2022 00:00,2.229,-3.87,-0.32,-5.95,17.09,18.62,15.31,31.32,69.81,0,0,0.3,0,1,1,,,1,1
EOH1249,TRUE,,11/05/2021 08:52,29/09/2023 00:00,870.63,11/05/2021 08:54,28/09/2023 23:56,870.63,15/07/2022,15/07/2023,0,0,2.127,2.102,2.039,3547.8,7155.71,77.39,0,106.86,,-1.023,-32.46,1.48,46.47,46.41,43.39,47.85,43.74,60.36,FALSE,0,cleaned,0.999,0.999,0.999,,0.999,,504,2.544,0.322,2.632,2.504,0.31,2.588,2.43,0.3,2.53,TRUE,13/12/2022 00:00,1.87,-1.35,1.62,-4.46,23.59,25.01,22.92,31.94,59.72,0,0,0.6,,1,1,1,,1,
EOH1251,TRUE,,23/07/2021 12:18,28/09/2023 23:58,797.49,23/07/2021 12:20,28/09/2023 23:56,797.48,31/08/2021,31/08/2022,2,0.096,2.84,2.84,2.808,3465.45,9731.36,0,0,39.5,,-0.97,-25.45,1.34,46.59,47.64,43.16,47.13,43.62,63.69,FALSE,0,cleaned,0.951,0.951,0.951,,0.951,,364,2.907,0.055,2.924,2.907,0.055,2.924,2.865,0.048,2.878,TRUE,13/12/2022 00:00,2.436,-6.42,-2.6,-8.37,16.01,18.49,12.69,17.75,43.24,0,0,0.18,,1,1,1,,1,
EOH1254,TRUE,,22/04/2021 13:26,13/05/2023 12:58,750.98,22/04/2021 13:26,13/05/2023 12:56,750.98,29/09/2021,29/09/2022,1,0,3.179,3.179,3.17,2975.14,9430.43,0,0,8.44,,-0.731,-18.7,1.23,39.2,41.47,35.27,41.6,37.52,71.38,TRUE,0.00133,cleaned,0.994,0.993,,,0.994,,373,3.172,0.014,3.17,3.172,0.014,3.17,3.163,0.014,3.161,TRUE,13/12/2022 00:00,2.443,-5.52,-2.97,-7.94,17.3,20.38,14.64,27.57,67.36,0,0,0.06,,1,1,,,1,
EOH1255,FALSE,Less than 1yr usable data,21/09/2021 16:20,25/08/2023 09:40,702.72,02/12/2021 00:00,25/08/2023 09:38,631.4,,,,,,,,,,,,,,,,,,,,,,,,,cleaned,,,,,,,,,,,,,,,,,FALSE,13/12/2022 00:00,0.005,-5.52,-2.97,-7.94,20.21,21.45,18,2.96,0.02,0,0,1.24,,1,1,,,1,
EOH1260,FALSE,Less than 1yr usable data,24/02/2021 12:20,13/03/2022 18:20,382.25,24/02/2021 12:22,13/03/2022 18:18,382.25,,,,,,,,,,,,,,,,,,,,,,,,,cleaned,,,,,,,,,,,,,,,,,FALSE,22/12/2021 00:00,1.457,-0.14,1.99,-2.3,13.48,14.6,12,7.37,10.73,0,0,1.39,-10.73,1,1,,,1,0.793
EOH1279,TRUE,,10/09/2021 13:14,28/09/2023 23:58,748.45,10/09/2021 13:16,28/09/2023 23:56,748.44,08/08/2022,08/08/2023,2,0.272,2.986,2.986,2.907,3370.41,9797.01,0,0,88.99,,-0.664,-18.2,1.22,48.07,47.27,44,45.18,41.65,71.47,TRUE,0.0197,cleaned,0.849,0.849,,,0.849,,249,2.484,0.331,2.276,2.484,0.331,2.276,2.419,0.323,2.205,TRUE,13/12/2022 00:00,1.997,-6.42,-2.6,-8.37,16.75,20.18,15.1,34.18,68.26,0,0,0.77,,1,1,,,1,
EOH1281,FALSE,SPF outside threshold,16/12/2020 11:16,29/09/2023 00:00,1016.53,16/12/2020 11:18,28/09/2023 23:58,1016.53,17/12/2020,17/12/2021,3.3,0.695,1.25,1.245,1.198,5150.76,6051.09,117.86,0,193.85,,,,,34.08,34.19,31.74,34.22,32.22,54.2,FALSE,0,cleaned,0.998,0.998,0.998,,0.998,,28,1.175,0.035,1.175,1.171,0.035,1.171,1.127,0.033,1.127,TRUE,11/02/2021 00:00,0.86,-3.92,2.1,-8.2,20.5,24.06,17.62,37.56,30.56,1.73,0,1.16,,1,1,1,,1,
EOH1285,TRUE,,24/06/2021 11:16,29/12/2022 16:28,553.22,16/11/2021 00:00,29/12/2022 16:26,408.68,11/12/2021,11/12/2022,2,0.008,1.505,1.505,1.472,4644.67,6838.13,0,0,101.5,,-3.075,-67.14,3.04,46.51,47.59,43.37,46.46,43.36,75.8,TRUE,0.00069,cleaned,0.993,0.993,,,0.993,,32,1.491,0.008,1.49,1.491,0.008,1.49,1.459,0.007,1.457,TRUE,13/12/2022 00:00,1.272,-5.52,-2.97,-7.94,18.25,21.6,15.69,42.8,54.45,0,0,0.18,,0.8,0.8,,,0.8,
EOH1286,FALSE,Quality score outside threshold,27/04/2021 09:00,28/09/2023 23:58,884.62,27/04/2021 09:02,28/09/2023 23:56,884.62,13/02/2022,13/02/2023,4,2.242,2.949,2.949,2.888,2107.05,6085.58,0,0,43.51,,,,,42.33,44.69,36.89,43.05,37.99,70.76,TRUE,0.00067,cleaned,0.253,0.253,,,0.253,,80,2.957,0.019,2.951,2.957,0.019,2.951,2.903,0.026,2.894,TRUE,21/01/2023 00:00,2.689,-2.86,-0.67,-6.09,18.28,19.44,17.12,21.14,56.85,0,0,0.4,,1,1,,,1,
EOH1287,FALSE,Less than 1yr data available,22/04/2021 14:08,21/04/2022 23:58,364.41,22/04/2021 14:10,21/04/2022 23:56,364.41,,,,,,,,,,,,,,,,,,,,,,,,,cleaned,,,,,,,,,,,,,,,,,TRUE,22/12/2021 00:00,2.532,0.3,1.6,-0.4,16.69,18.87,13.75,20.68,52.36,0,0,2.11,,1,1,1,,1,
EOH1290,TRUE,,03/06/2021 13:40,28/09/2023 23:58,847.43,03/06/2021 13:42,28/09/2023 23:56,847.43,21/01/2022,21/01/2023,3,0.211,3.179,2.885,2.654,3470.44,8779.2,431.4,0,277.53,,-0.021,-0.65,1.01,30.42,35,27.35,35.21,30.44,57.14,FALSE,0,cleaned,0.929,0.929,0.929,,0.929,,429,3.22,0.086,3.208,2.951,0.061,2.935,2.713,0.056,2.694,TRUE,13/12/2022 00:00,2.253,-5.52,-2.97,-7.94,17.97,18.59,14.93,37.22,73.62,10.25,0,1.67,,1,1,1,,1,
EOH1302,TRUE,,23/03/2021 13:10,22/09/2023 11:56,912.95,23/03/2021 13:10,22/09/2023 11:54,912.95,29/04/2021,29/04/2022,0,0,3.043,2.9,2.79,4191.68,11413.25,281.77,0,158.76,,-0.527,-14.77,1.17,34.74,35.57,31.13,35.17,31.3,56.12,FALSE,0,cleaned,1,1,1,,1,,419,2.883,0.125,2.911,2.781,0.105,2.83,2.674,0.101,2.721,TRUE,12/12/2022 00:00,2.313,-4.58,-2.47,-7.85,17.7,19.31,15.75,35.16,75.81,5.53,0,1.26,,1,1,1,,1,
EOH1304,TRUE,,15/06/2021 17:14,29/09/2023 00:00,835.28,16/06/2021 00:00,28/09/2023 23:58,835,11/09/2021,11/09/2022,1,0.001,2.704,2.663,2.574,4082.91,10417.91,93.32,0,136.19,,-0.646,-19.3,1.24,37.21,38.75,33.98,38.67,35.35,57.02,FALSE,0,cleaned,0.998,0.998,0.998,,0.998,,460,2.782,0.053,2.805,2.721,0.041,2.735,2.62,0.035,2.627,TRUE,13/12/2022 00:00,2.169,-5.52,-2.97,-7.94,19.86,21.95,17.82,40.26,82.14,5.18,0,1.1,,1,1,1,,1,
EOH1306,TRUE,,26/02/2021 16:32,29/09/2023 00:00,944.31,26/02/2021 16:34,28/09/2023 23:58,944.31,31/07/2022,31/07/2023,2,0,3.539,3.429,3.351,3888.94,12865.2,165.22,0,88.43,,-0.531,-13.05,1.15,36.04,38.91,32.05,39.31,33.88,63.85,FALSE,0,cleaned,0.999,0.999,0.999,,0.999,,447,3.258,0.252,3.299,3.188,0.226,3.234,3.116,0.227,3.179,TRUE,15/12/2022 00:00,2.679,-3.75,-0.11,-6.6,20.27,21.52,19.68,35.59,95.24,0.08,0,0.26,,1,1,1,,1,
EOH1311,TRUE,,20/08/2021 13:34,29/09/2023 00:00,769.43,20/08/2021 13:36,28/09/2023 23:58,769.43,17/06/2022,17/06/2023,1,0.028,3.292,3.239,3.037,4835.47,14578.25,105.32,0,302.28,,-0.368,-10.04,1.11,35.88,40.81,31.78,37.67,33.91,61.44,FALSE,0,cleaned,0.972,0.972,0.972,,0.972,,118,3.295,0.005,3.294,3.241,0.004,3.24,3.038,0.003,3.037,TRUE,13/12/2022 00:00,2.748,-6.42,-2.6,-8.37,17.4,18.05,16.78,48.95,134.53,0,0,2.13,,1,1,1,,1,
EOH1318,TRUE,,26/10/2020 23:42,29/09/2023 00:00,1067.01,01/11/2020 00:02,28/09/2023 23:58,1062,12/07/2022,12/07/2023,3,0.393,2.866,2.837,2.753,5857.79,16037.19,87.8,0,173.69,,-0.704,-19.73,1.25,43.53,43.98,39.41,43.44,39.21,56.52,FALSE,0,sensor swaps not checked,0.856,0.76,0.856,,0.856,,87,2.877,0.026,2.87,2.849,0.027,2.841,2.764,0.024,2.757,TRUE,13/12/2022 00:00,2.221,-5.52,-2.97,-7.94,23.5,24.43,22.18,48.33,105.21,2.13,0,1.19,,1,1,1,,1,
EOH1327,TRUE,,26/05/2021 10:10,28/09/2023 23:58,855.58,26/05/2021 10:12,28/09/2023 23:56,855.57,27/05/2021,27/05/2022,2,0,2.642,2.642,2.61,2957.99,7719.16,0,0,36.74,,-1.008,-27.61,1.38,40.53,50.54,37.22,47.73,43.94,74.82,TRUE,0.00543,cleaned,0.999,0.999,,,0.999,,437,2.501,0.078,2.455,2.501,0.078,2.455,2.475,0.075,2.431,TRUE,13/12/2022 00:00,1.985,-6.42,-2.6,-8.37,16.14,18,13.43,35.6,70.68,0,0,0.37,,1,1,,,1,
EOH1328,TRUE,,02/07/2021 12:36,01/02/2023 10:14,578.9,02/07/2021 12:38,01/02/2023 10:10,578.9,03/07/2021,03/07/2022,3.3,0.569,2.366,2.366,2.345,5720.96,13413.19,0,0,50.81,,-1.554,-39.65,1.66,47.97,52.32,44.6,52.08,48.34,71.33,TRUE,0.00434,cleaned,0.999,0.999,,,0.999,,214,1.724,0.373,1.701,1.724,0.373,1.701,1.712,0.368,1.689,TRUE,13/12/2022 00:00,1.589,-6.42,-2.6,-8.37,16.03,18.63,15.08,54.09,85.92,0,0,0.38,,1,1,,,1,
EOH1330,TRUE,,16/10/2021 08:50,29/09/2023 00:00,712.63,16/10/2021 08:52,28/09/2023 23:58,712.63,04/11/2021,04/11/2022,1,0.004,1.906,1.906,1.866,2293.26,4279.89,0,0,48.33,,-1.904,-49.96,2,47.91,48.95,42.45,47.29,41.16,63.9,FALSE,0,cleaned,0.995,0.995,0.995,,0.995,,322,1.927,0.015,1.933,1.927,0.015,1.933,1.894,0.02,1.904,TRUE,13/12/2022 00:00,1.585,-1.35,1.62,-4.46,12.17,14.86,9.63,25.5,40.41,0,0,0.42,,1,1,1,,1,
EOH1334,TRUE,,22/12/2020 17:28,01/09/2023 07:22,982.58,22/12/2020 17:30,01/09/2023 07:20,982.58,26/08/2021,26/08/2022,3,0.192,2.509,2.454,2.404,1899.1,4498.23,67.98,0,38.24,,-0.641,-20.35,1.26,46.96,48.12,42.71,47.85,43.42,58.4,FALSE,0,cleaned,0.997,0.998,0.592,,0.997,,104,2.484,0.029,2.472,2.326,0.067,2.301,2.283,0.063,2.259,TRUE,11/02/2021 00:00,1.931,-7.07,-0.4,-11.9,21.39,27.25,17.37,20.83,40.23,0,0,0.48,,1,1,,,1,
EOH1336,TRUE,,24/08/2021 15:08,16/03/2023 08:06,568.71,03/09/2021 00:00,16/03/2023 08:04,559.34,08/11/2021,08/11/2022,2,0.001,2.757,2.69,2.496,4383.41,10787.51,155.16,0,315.79,,-1.053,-27.63,1.38,38.36,42.06,31.45,40.01,33.69,65.77,TRUE,0.00007,cleaned,0.998,0.998,0.998,,0.998,,170,2.832,0.09,2.786,2.765,0.089,2.723,2.56,0.076,2.522,TRUE,13/12/2022 00:00,2.339,-6.42,-2.6,-8.37,16.21,16.54,15.7,42.92,99.88,0.52,0,2.11,,1,1,1,,1,
EOH1346,FALSE,Quality score outside threshold,14/07/2021 13:24,17/09/2023 13:34,795.01,14/07/2021 13:26,17/09/2023 13:32,795,25/08/2022,25/08/2023,4,0.626,2.381,2.352,2.19,5574.35,12098.8,110.46,0,382.95,,,,,41.64,44.97,40.7,,,61.14,FALSE,0,sensor swaps not checked,0.964,0.223,0.964,,0.964,,115,2.528,0.184,2.385,2.483,0.164,2.356,2.312,0.151,2.196,TRUE,21/01/2022 00:00,2.458,2.05,4.9,-2.48,17.35,17.94,16.51,43.99,108.14,0,0,2.13,,1,1,1,,1,
EOH1349,TRUE,,07/01/2021 14:54,28/09/2023 23:58,994.38,20/01/2021 00:00,28/09/2023 23:58,982,08/06/2022,08/06/2023,3.3,0.823,2.296,2.296,2.296,1051.88,2414.97,0,0,0,6701.04,-0.664,-22.44,1.29,23.82,23.82,23.81,24.14,24.15,57.41,FALSE,0,cleaned,0.996,0.996,,,0.996,0.994,604,1.687,0.528,1.748,1.687,0.528,1.748,1.687,0.528,1.748,FALSE,13/12/2022 00:00,0.017,-5.52,-2.97,-7.94,12.83,14,11.93,2.08,0.03,0,0,0,123.74,1,1,,,1,1
EOH1358,FALSE,Quality score outside threshold,18/05/2021 15:42,09/05/2023 21:16,721.23,10/08/2021 12:40,09/05/2023 21:14,637.36,11/12/2021,11/12/2022,4,1.775,2.773,2.773,2.581,1640.29,4232.78,0,0,113.65,2209.6,,,,35.92,35.92,32.5,36.25,33.03,52.65,FALSE,0,cleaned,0.497,0.497,,,0.497,0.456,0,,,,,,,,,,FALSE,13/12/2022 00:00,0.236,-5.52,-2.97,-7.94,15.96,17.52,14.34,3.31,0.78,0,0,1.45,,1,1,,,1,
EOH1360,FALSE,Less than 1yr data available,24/03/2021 16:08,13/01/2022 23:58,295.33,24/03/2021 16:08,13/01/2022 23:56,295.33,,,,,,,,,,,,,,,,,,,,,,,,,cleaned,,,,,,,,,,,,,,,,,TRUE,28/11/2021 00:00,2.32,0.35,3.2,-2.78,19.69,22,16.75,51.73,119.99,0,0,0.7,,1,1,,,1,
EOH1363,TRUE,,21/03/2021 11:00,28/09/2023 23:58,921.54,21/03/2021 11:02,28/09/2023 23:56,921.54,13/12/2021,13/12/2022,2,0.063,3.209,3.209,3.147,5141.48,16179.63,0,0,99.26,,-0.711,-18.14,1.22,43.82,45.87,40.81,45.18,42.21,77.16,TRUE,0.00132,cleaned,0.93,0.992,,,0.93,,523,3.205,0.033,3.214,3.205,0.033,3.214,3.148,0.023,3.155,TRUE,13/12/2022 00:00,2.348,-1.35,1.62,-4.46,,,,51.75,121.51,0,0,0.59,,1,1,,,1,
EOH1365,TRUE,,11/05/2021 12:46,20/07/2023 06:36,799.74,11/05/2021 12:48,20/07/2023 06:34,799.74,22/05/2021,22/05/2022,2,0.001,2.852,2.852,2.789,2628.15,7328.81,0,0,58.78,,-0.918,-24.34,1.32,40.9,42.57,39.19,42.38,40.6,72.03,TRUE,0.00104,cleaned,0.998,0.998,,,0.998,,430,2.74,0.047,2.722,2.74,0.047,2.722,2.693,0.041,2.675,TRUE,13/12/2022 00:00,2.117,-5.52,-2.97,-7.94,19.08,20.34,18.75,32.29,68.37,0,0,0.31,,1,1,,,1,
EOH1366,TRUE,,04/08/2021 09:16,19/09/2023 20:12,776.46,04/08/2021 09:18,19/09/2023 20:10,776.45,28/08/2021,28/08/2022,2,0.189,4.003,3.987,3.892,5375.33,20892.68,27.58,0,128.22,,0.493,14.04,0.88,36.29,37.94,31.17,37.55,32.02,62.54,FALSE,0,cleaned,0.895,0.895,0.895,,0.895,,261,3.898,0.096,3.876,3.883,0.095,3.86,3.79,0.09,3.768,TRUE,13/12/2022 00:00,2.491,-6.42,-2.6,-8.37,18.14,19.73,15.53,66.21,163.98,0.98,0,0.92,,1,1,1,,1,
EOH1377,TRUE,,13/11/2020 11:22,28/09/2023 23:58,1049.53,13/11/2020 11:24,28/09/2023 23:56,1049.52,01/08/2022,01/08/2023,0,0,2.221,2.135,2.021,2602.23,5083.81,174.36,0,139.28,,-1.389,-38.47,1.63,30.11,33.68,28.43,32.92,30.96,56.68,FALSE,0,cleaned,1,1,1,,1,,680,2.136,0.055,2.131,2.079,0.04,2.069,1.969,0.038,1.958,FALSE,12/12/2022 00:00,0.827,-4.58,-2.47,-7.85,,,,3.29,0,2.72,0,0,,1,1,1,,1,
EOH1390,TRUE,,02/06/2021 17:14,28/09/2023 23:58,848.28,02/06/2021 17:16,28/09/2023 23:56,848.28,17/10/2021,17/10/2022,1,0.001,2.856,2.814,2.739,5104.04,13865.24,112.75,0,137.24,,-0.914,-24.23,1.32,39.84,42.41,35.77,42.59,38.19,63.37,FALSE,0,cleaned,0.999,0.999,0.998,,0.999,,353,2.605,0.387,2.835,2.572,0.375,2.793,2.504,0.358,2.719,TRUE,13/12/2022 00:00,2.271,-6.42,-2.6,-8.37,16.69,18.14,15.08,67.51,153.29,0,0,1.24,,0.95,0.95,0.95,,0.95,
EOH1392,TRUE,,03/09/2021 15:10,28/09/2023 23:58,755.37,03/09/2021 15:12,28/09/2023 23:56,755.36,04/09/2022,04/09/2023,0,0,3.123,3.123,3.078,3051.6,9392.05,0,0,43.93,,-0.287,-8.43,1.09,40.42,43.39,36.62,43.12,39.45,76.53,TRUE,0.00037,cleaned,1,1,,,1,,388,3.134,0.03,3.125,3.134,0.03,3.125,3.066,0.025,3.075,TRUE,13/12/2022 00:00,2.132,-6.42,-2.6,-8.37,17.93,20.39,15.72,34.3,73.14,0,0,0.71,,1,1,,,1,
EOH1399,FALSE,Less than 1yr data available,12/01/2022 11:54,06/05/2022 14:26,114.11,12/01/2022 11:54,06/05/2022 14:24,114.1,,,,,,,,,,,,,,,,,,,,,,,,,cleaned,,,,,,,,,,,,,,,,,FALSE,21/01/2022 00:00,2.12,1.74,4.9,-2.3,19.1,19.48,18.83,13.13,27.83,0,0,0,343.86,1,1,,,1,1
EOH1400,TRUE,,09/02/2021 15:02,31/03/2022 23:58,415.37,09/02/2021 15:02,31/03/2022 23:56,415.37,12/02/2021,12/02/2022,3.1,0.011,3.457,3.41,3.41,4621.56,15669.9,88.13,0,0,,0.257,8.02,0.93,36.48,37.64,32.46,36.69,32.73,60.34,FALSE,0,cleaned,0.989,0.989,0.989,,0.989,,46,3.502,0.023,3.506,3.45,0.023,3.454,3.45,0.023,3.454,TRUE,13/02/2021 00:00,2.734,-1.88,0.3,-4.2,20.15,22.69,18.65,49.91,134.17,2.27,0,0,,1,1,1,,1,
EOH1401,TRUE,,01/07/2021 09:14,28/09/2023 23:58,819.61,01/07/2021 09:16,28/09/2023 23:56,819.61,26/01/2022,26/01/2023,2,0.078,2.515,2.325,2.325,2338.23,5144.43,292.47,0,0,,-0.835,-24.93,1.33,34.85,46.67,31.94,44.72,42.46,58.2,FALSE,0,cleaned,0.946,0.946,0.946,,0.946,,215,2.49,0.052,2.505,2.234,0.198,2.301,2.234,0.198,2.301,TRUE,13/12/2022 00:00,2.4,-1.6,0.49,-3.77,17.81,18.83,17.01,19.96,43.43,4.46,0,0,,1,1,1,,1,
EOH1404,TRUE,,26/02/2021 22:44,28/09/2023 23:58,944.05,26/02/2021 22:46,28/09/2023 23:56,944.05,11/12/2021,11/12/2022,1,0.011,2.463,2.432,2.432,4687.16,11298.43,100.04,0,0,,-0.957,-27.98,1.39,46.33,46.65,42.06,46.51,42.06,58.78,FALSE,0,cleaned,0.988,0.988,0.988,,0.988,,521,2.472,0.011,2.477,2.443,0.013,2.445,2.443,0.013,2.445,TRUE,15/12/2022 00:00,2.175,-3.75,-0.11,-6.6,18.06,18.79,17.1,50.45,108.43,1.29,0,0,,1,1,1,,1,
EOH1406,TRUE,,02/03/2021 13:20,28/09/2023 23:58,940.44,02/03/2021 13:24,28/09/2023 23:56,940.44,20/07/2021,20/07/2022,2,0.001,3.615,3.539,3.504,3008.74,10456.49,86.48,0,29.87,,-0.245,-6.34,1.07,39.44,42.38,34.08,41.22,35.61,61.11,FALSE,0,cleaned,0.999,0.999,0.999,,0.999,,537,3.581,0.039,3.582,3.538,0.014,3.533,3.504,0.013,3.499,TRUE,13/12/2022 00:00,2.616,-6.42,-2.6,-8.37,19.25,20.6,18.44,35.29,92.32,0,0,0.27,,1,1,1,,1,
EOH1409,TRUE,,26/08/2021 11:52,29/09/2023 00:00,763.51,27/08/2021 00:00,28/09/2023 23:58,763,23/01/2022,23/01/2023,1,0.02,2.928,2.928,2.879,4451.51,12815.77,0,0,74.14,,-0.732,-20.01,1.25,36.05,43.13,29.66,42.15,33,62.97,FALSE,0,cleaned,0.98,0.98,0.98,,0.98,,340,2.921,0.091,2.874,2.921,0.091,2.874,2.874,0.085,2.83,TRUE,13/12/2022 00:00,2.171,-1.35,1.62,-4.46,17.95,20.28,15.31,44.49,96.58,0,0,0.19,,1,1,1,,1,
EOH1411,TRUE,,12/08/2021 10:06,28/09/2023 23:58,777.58,12/08/2021 10:06,28/09/2023 23:56,777.58,01/09/2021,01/09/2022,1,0.001,2.588,2.588,2.581,4581.48,11824.67,0,0,12.81,,-1.182,-31.35,1.46,51.1,49.72,46.24,51.58,47.07,68.35,TRUE,0.01197,cleaned,0.998,0.998,,,0.998,,407,2.596,0.024,2.605,2.596,0.024,2.605,2.589,0.024,2.599,TRUE,13/12/2022 00:00,2.178,-5.52,-2.97,-7.94,17.52,19.1,16.43,36.08,78.6,0,0,0.11,,1,1,,,1,
EOH1412,TRUE,,26/10/2021 10:34,29/09/2023 00:00,702.56,26/10/2021 10:36,28/09/2023 23:58,702.56,20/07/2022,20/07/2023,2,0.001,3.266,3.164,3.13,2385.17,7358.48,105.93,0,26,,-0.544,-14.29,1.17,34.28,37.42,31.82,36.4,33.7,60.04,FALSE,0,cleaned,0.999,0.999,0.999,,0.999,,333,3.234,0.034,3.24,3.132,0.033,3.136,3.098,0.033,3.1,TRUE,13/12/2022 00:00,2.593,-6.42,-2.6,-8.37,17.52,18.03,16.73,30.06,77.95,0,0,0.29,,1,1,1,,1,
EOH1414,TRUE,,11/03/2021 16:14,28/09/2023 23:58,931.32,11/03/2021 16:16,28/09/2023 23:56,931.32,19/03/2022,19/03/2023,3.3,0.808,1.986,1.986,1.792,1013.84,1816.44,0,0,99.39,3559.27,,,,36.34,36.34,29.83,36.98,30.44,51.7,FALSE,0,cleaned,0.987,0.986,,,0.987,0.983,548,1.88,0.118,1.885,1.88,0.118,1.885,1.702,0.098,1.716,FALSE,13/12/2022 00:00,0.202,-5.52,-2.97,-7.94,17.83,18.27,17.2,2.91,0.59,0,0,1.24,67.62,1,1,,,1,1
EOH1415,TRUE,,28/05/2021 08:54,29/12/2022 16:28,580.32,28/05/2021 08:56,29/12/2022 16:26,580.31,30/05/2021,30/05/2022,2,0.002,2.829,2.782,2.664,3561.88,9402.26,86.4,0,151.59,,-0.301,-9.63,1.11,41.7,42.8,37.32,40.04,36.01,58.21,FALSE,0,cleaned,0.998,0.998,0.999,,0.998,,100,2.804,0.036,2.829,2.724,0.059,2.77,2.613,0.051,2.654,TRUE,13/12/2022 00:00,2.147,-5.52,-2.97,-7.94,18.06,19.23,16.22,33.97,68.6,4.32,0,1.06,,1,1,1,,1,
EOH1416,TRUE,,02/12/2020 15:50,15/07/2022 10:16,589.77,16/04/2021 00:00,15/07/2022 10:14,455.43,24/05/2021,24/05/2022,3,0.169,3.116,3.116,3.082,5222.7,16095.1,0,0,56.73,598.85,,,,42.01,42.01,37.72,41.15,36.62,77.88,TRUE,0.02075,cleaned,0.993,0.993,,,0.993,0.78,31,3.115,0.001,3.115,3.115,0.001,3.115,3.081,0.001,3.081,FALSE,17/04/2021 00:00,3.069,0.07,0.14,-0.01,,,,22.23,68.24,0,0,0.23,,0.992,0.992,,,0.992,
EOH1423,FALSE,Quality score outside threshold,26/03/2021 15:46,14/09/2023 19:50,902.17,26/03/2021 15:48,14/09/2023 19:48,902.17,16/10/2021,16/10/2022,4,2.332,2.806,2.806,2.56,2572.16,6583.69,0,0,226.11,7676.76,,,,34.55,34.55,31.72,35.08,32.37,56.49,FALSE,0,cleaned,0.223,0.222,,,0.223,0.219,13,2.834,0.035,2.806,2.834,0.035,2.806,2.566,0.014,2.56,FALSE,08/03/2023 00:00,1.269,-1.89,2.66,-6.82,15.99,17.79,15.04,5.88,7.46,0,0,1.29,80.81,1,1,,,1,1
EOH1426,TRUE,,10/04/2021 09:42,28/09/2023 23:58,901.59,10/04/2021 09:44,28/09/2023 23:56,901.59,10/05/2021,10/05/2022,1,0,3.429,3.429,3.183,5791.53,18433.96,0,0,415.94,,-0.541,-13.62,1.16,35.7,38.57,33.25,36.99,34.21,61.54,FALSE,0,cleaned,0.999,0.999,0.999,,0.999,,532,3.363,0.066,3.39,3.363,0.066,3.39,3.142,0.039,3.162,TRUE,13/12/2022 00:00,2.677,-6.42,-2.6,-8.37,18.8,19.42,18.09,53.82,144.11,0,0,2.11,,1,1,1,,1,
EOH1446,TRUE,,12/05/2021 11:24,17/07/2023 06:24,795.79,12/05/2021 11:26,17/07/2023 06:22,795.79,24/05/2021,24/05/2022,3,0.287,4.135,4.135,4.003,3854.94,15432.56,0,0,122.56,,0.505,13.91,0.88,36.52,38.48,34.06,38.45,35.66,76.96,TRUE,0.00025,cleaned,0.904,0.904,,,0.904,,294,4.02,0.126,4.129,4.02,0.126,4.129,3.911,0.106,4.001,TRUE,08/03/2023 00:00,2.938,-1.65,2.71,-7.5,19.66,20.23,18.41,38.79,113.94,0,0,0.49,,1,1,,,1,
EOH1457,FALSE,Less than 1yr data available,29/04/2021 12:20,28/04/2022 23:58,364.48,29/04/2021 12:22,28/04/2022 23:56,364.48,,,,,,,,,,,,,,,,,,,,,,,,,cleaned,,,,,,,,,,,,,,,,,TRUE,28/11/2021 00:00,2.726,0.35,3.2,-2.78,18.26,19.68,17,30.68,83.64,0,0,0.48,,1,1,,,1,
EOH1459,TRUE,,23/06/2021 17:56,29/09/2023 00:00,827.25,12/10/2021 00:00,28/09/2023 23:58,717,05/11/2021,05/11/2022,2,0.054,2.459,2.42,2.42,3796.74,9084.4,102.93,0,0,,-0.961,-28.09,1.39,38.13,39.52,35.74,40.29,37.54,59.44,FALSE,0,cleaned,0.971,0.971,0.971,,0.971,,303,2.647,0.14,2.68,2.59,0.132,2.611,2.59,0.132,2.611,TRUE,15/12/2022 00:00,2.169,-4.29,-1.02,-8.73,16.02,16.61,15.72,29.58,63.68,0.47,0,0,,1,1,1,,1,
EOH1471,TRUE,,06/09/2021 13:46,12/09/2023 11:28,735.9,07/09/2021 00:00,12/09/2023 11:26,735.48,06/08/2022,06/08/2023,1,0,3.31,3.31,3.275,5921.15,19389.91,0,0,62.93,,-0.46,-12.21,1.14,45.98,46,41.69,49.15,44.57,75.45,TRUE,0.00059,cleaned,0.999,0.999,,,0.999,,370,3.196,0.208,3.292,3.196,0.208,3.292,3.158,0.207,3.251,TRUE,13/12/2022 00:00,2.7,-5.52,-2.97,-7.94,22.03,23.29,20.28,50.68,136.85,0,0,0.36,,1,1,,,1,
EOH1472,TRUE,,06/04/2021 13:30,29/09/2023 00:00,905.44,06/04/2021 13:30,28/09/2023 23:58,905.44,29/05/2022,29/05/2023,3.3,0.56,2.315,2.252,2.252,4123.37,9089.6,196.51,0,0,,-1.245,-34.98,1.54,47.95,47.99,44.89,47.81,44.69,56.86,FALSE,0,cleaned,1,0.999,0.999,,1,,533,2.253,0.093,2.298,2.199,0.084,2.24,2.199,0.084,2.24,TRUE,15/12/2022 00:00,2.181,-3.75,-0.11,-6.6,16.06,16.5,15.62,29.08,61.91,1.51,0,0,,1,1,1,,1,
EOH1478,FALSE,Less than 1yr data available,21/04/2021 09:36,31/03/2022 23:58,344.6,21/04/2021 09:36,31/03/2022 23:56,344.6,,,,,,,,,,,,,,,,,,,,,,,,,cleaned,,,,,,,,,,,,,,,,,TRUE,14/01/2022 00:00,3.203,0.31,8.8,-3.6,17.36,19.01,16.31,21.01,67.3,0,0,0.69,,1,1,1,,1,
EOH1481,FALSE,Quality score outside threshold,14/02/2022 11:28,19/09/2023 11:54,582.02,14/02/2022 11:28,19/09/2023 11:52,582.02,18/09/2022,18/09/2023,4,2.323,2.47,2.47,2.121,875.95,1857.85,0,0,123.69,4116.37,,,,28,28,25.73,27.97,26.22,53.64,FALSE,0,sensor swaps not checked,0.552,0.552,,,0.552,0.542,2,2.469,0.001,2.469,2.469,0.001,2.469,2.12,0.001,2.12,FALSE,13/12/2022 00:00,0.035,-5.52,-2.97,-7.94,13.1,14.35,11.35,3.31,0.12,0,0,1.46,64.63,1,1,,,1,1
EOH1484,TRUE,,14/04/2021 17:52,28/09/2023 23:58,897.25,14/04/2021 17:54,28/09/2023 23:56,897.25,20/05/2021,20/05/2022,3,0.397,2.972,2.972,2.858,6818.11,19486.75,0,0,261.58,,-1.158,-28.04,1.39,41.42,41.44,37.47,41.53,37.89,72.06,TRUE,0.00082,cleaned,0.849,0.848,,,0.849,,99,2.906,0.093,2.946,2.906,0.093,2.946,2.808,0.07,2.835,TRUE,13/12/2022 00:00,2.758,-5.52,-2.97,-7.94,16.42,16.73,16.07,48.72,134.36,0,0,1.68,,1,1,,,1,
EOH1485,FALSE,Less than 1yr usable data,06/11/2020 10:20,29/09/2023 00:00,1056.57,06/11/2020 10:20,28/09/2023 23:58,1056.57,,,,,,,,,,,,,,,,,,,,,,,,,cleaned,,,,,,,,,,,,,,,,,TRUE,13/12/2022 00:00,3.005,-6.42,-2.6,-8.37,20.21,20.87,18.93,37.84,113.69,0,0,0.46,,1,1,,,1,
EOH1498,TRUE,,13/05/2021 15:12,19/09/2023 18:48,859.15,13/05/2021 15:16,19/09/2023 18:46,859.15,21/05/2021,21/05/2022,3.3,0.551,3.266,3.266,2.96,1722.11,5097.58,0,0,161.17,5097.58,,,,36.83,36.83,33.24,39.59,36.45,58.93,FALSE,0,cleaned,0.999,1,,,1,1,489,3.21,0.05,3.225,3.21,0.05,3.225,2.874,0.053,2.858,FALSE,13/12/2022 00:00,0.693,-5.52,-2.97,-7.94,18.03,19.44,15.92,3.44,2.39,0,0,1.47,2.39,1,1,,,1,1
EOH1502,TRUE,,08/06/2021 15:18,29/09/2023 00:00,842.36,13/06/2021 00:00,28/09/2023 23:58,838,25/08/2022,25/08/2023,1,0,2.78,2.78,2.73,5006.74,13667.48,0,0,90.8,,-0.87,-23.83,1.31,38.9,43.24,35.37,42.9,39.25,71.72,TRUE,0.00002,cleaned,0.999,0.999,,,0.999,,470,2.855,0.125,2.799,2.855,0.125,2.799,2.805,0.123,2.752,TRUE,12/12/2022 00:00,2.303,-3.87,-0.32,-5.95,19.47,20.33,18.59,39.78,91.64,0,0,0.48,,1,1,,,1,
EOH1512,TRUE,,05/03/2021 15:48,10/09/2023 18:16,919.1,06/03/2021 00:00,10/09/2023 18:14,918.76,29/08/2021,29/08/2022,3.3,0.554,2.13,2.13,1.985,1402.26,2782.79,0,0,95.58,2786.05,-0.83,-28.05,1.39,38.24,38.24,33.9,38.4,34.35,53.25,FALSE,0,cleaned,0.978,0.978,,,0.978,0.909,187,2.144,0.017,2.136,2.144,0.017,2.136,1.998,0.016,1.99,FALSE,13/12/2022 00:00,0.048,-5.52,-2.97,-7.94,,,,3.27,0.16,0,0,1.44,45.3,1,1,,,1,1
EOH1521,TRUE,,29/06/2021 11:14,14/09/2023 23:58,807.53,29/06/2021 11:16,14/09/2023 23:56,807.53,09/09/2022,09/09/2023,1,0.001,2.999,2.922,2.768,2960.31,8086.32,107.31,0,156.22,,-0.461,-13.34,1.15,39.06,41.42,35.84,39.44,36.76,56.24,FALSE,0,cleaned,0.999,0.999,0.999,,0.999,,442,2.943,0.048,2.947,2.878,0.035,2.88,2.733,0.027,2.732,TRUE,13/12/2022 00:00,2.062,-5.52,-2.97,-7.94,18.17,18.38,17.86,32.89,65.06,2.74,0,1.12,,1,1,1,,1,
EOH1530,TRUE,,29/07/2021 16:32,28/09/2023 23:58,791.31,29/07/2021 16:34,28/09/2023 23:56,791.31,05/08/2022,05/08/2023,1,0,3.574,3.554,3.474,3659.21,12683.02,27.53,0,83.11,,-0.396,-9.97,1.11,36.08,38.85,32.28,37.57,33.32,62.51,FALSE,0,cleaned,0.999,0.999,0.999,,0.999,,423,3.387,0.203,3.511,3.368,0.204,3.491,3.29,0.199,3.406,TRUE,12/12/2022 00:00,3.018,-3.87,-0.32,-5.95,18.67,20.03,16.73,34.02,102.69,0,0,0.73,,1,1,1,,1,
EOH1543,FALSE,SPF outside threshold,23/07/2021 07:24,29/09/2023 00:00,797.69,30/11/2021 13:44,28/09/2023 23:58,667.43,01/08/2022,01/08/2023,3.3,1.102,7.065,6.874,6.874,1731.16,11845.3,54.47,0,0,,,,,46.64,47.12,41.13,47.62,42.36,61.03,FALSE,0,cleaned,0.995,0.995,0.995,,0.995,,280,8.623,2.074,7.657,8.199,1.641,7.455,8.114,1.507,7.445,FALSE,13/12/2022 00:00,0.823,-5.52,-2.97,-7.94,12.99,13.57,12.49,2.28,1.88,0,0,0,,1,1,1,,1,
EOH1544,TRUE,,04/08/2021 16:30,29/09/2023 00:00,785.31,04/08/2021 16:32,28/09/2023 23:58,785.31,08/08/2021,08/08/2022,3.1,0.071,2.954,2.954,2.829,7612.04,21535.23,0,0,321.1,,-0.966,-24.65,1.33,46.65,47.3,42.75,51.1,46.56,74.83,TRUE,0.01441,cleaned,0.951,0.95,,,0.951,,257,2.933,0.011,2.929,2.933,0.011,2.929,2.832,0.011,2.834,TRUE,17/01/2023 00:00,2.232,-3.07,0.63,-8.32,19.46,20.9,17.32,58.68,131,0,0,1.18,,1,1,,,1,
EOH1557,TRUE,,26/11/2021 10:28,03/09/2023 23:28,646.54,26/11/2021 10:30,03/09/2023 23:26,646.54,22/07/2022,22/07/2023,1,0,2.128,2.128,2.074,7602.8,15771.51,0,0,192.6,,-1.782,-45.57,1.84,46.43,46.75,42.52,45.83,41.68,59.04,FALSE,0,cleaned,0.999,0.999,,,0.999,,169,2.206,0.132,2.134,2.206,0.132,2.134,2.149,0.128,2.08,TRUE,13/12/2022 00:00,1.887,-5.52,-2.97,-7.94,14.4,15.45,12.49,21.24,40.08,0,0,0.3,,1,1,,,1,
EOH1562,TRUE,,26/08/2021 09:02,29/09/2023 00:00,763.62,26/08/2021 09:04,28/09/2023 23:58,763.62,03/11/2021,03/11/2022,2,0.002,3.622,3.553,3.427,3489.53,11872.03,88.21,0,123.54,,-0.188,-4.94,1.05,34.29,35.94,30.5,35.31,31.15,61.38,FALSE,0,cleaned,0.998,0.998,0.998,,0.998,,354,3.593,0.023,3.585,3.557,0.014,3.561,3.428,0.013,3.428,TRUE,13/12/2022 00:00,2.527,-6.42,-2.6,-8.37,16.37,17.23,15.58,47.58,120.24,0,0,0.89,,1,1,1,,1,
EOH1566,TRUE,,13/05/2021 17:22,25/09/2023 15:40,864.93,13/05/2021 17:26,25/09/2023 15:38,864.93,13/09/2022,13/09/2023,3.3,0.288,2.691,2.691,2.374,1016.11,2411.88,0,0,119.83,7567.82,,,,42.74,42.74,39.07,44.03,40.82,57.04,FALSE,0,cleaned,0.999,0.999,,,0.999,0.978,414,2.8,0.093,2.789,2.8,0.093,2.789,2.542,0.152,2.511,FALSE,13/12/2022 00:00,0.029,-5.52,-2.97,-7.94,18.38,20.17,15.51,1.71,0.05,0,0,1.5,110.07,1,1,,,1,1
EOH1570,TRUE,,13/01/2021 13:40,16/12/2022 13:12,701.98,13/01/2021 13:40,16/12/2022 13:12,701.98,30/06/2021,30/06/2022,3.1,0.011,2.391,2.391,2.391,839.64,2007.47,0,0,0,5444.59,-0.679,-22.12,1.28,40.07,40.07,34.94,40.56,36.23,74.87,TRUE,0.00807,cleaned,0.997,0.997,,,0.997,0.958,300,2.35,0.073,2.379,2.35,0.073,2.379,2.35,0.073,2.379,FALSE,13/12/2022 00:00,0.004,-5.52,-2.97,-7.94,19.81,20.87,18.62,1.81,0.01,0,0,0,76.59,1,1,,,1,1
EOH1576,TRUE,,13/08/2021 11:04,27/07/2023 09:36,712.94,13/08/2021 11:06,27/07/2023 09:34,712.94,06/03/2022,06/03/2023,3,0.296,2.759,2.759,2.736,2727.89,7463.62,0,0,22.33,,-1.011,-26.83,1.37,35.47,37.56,32.17,36.61,33.44,71.47,FALSE,0,cleaned,0.893,0.893,,,0.893,,90,2.798,0.086,2.783,2.798,0.086,2.783,2.774,0.084,2.76,TRUE,21/01/2023 00:00,2.453,-2.86,-0.67,-6.09,,,,27.25,66.83,0,0,0.21,,1,1,,,1,
EOH1578,FALSE,Less than 1yr usable data,02/11/2021 10:42,12/08/2023 00:00,647.55,02/11/2021 10:42,11/08/2023 23:58,647.55,,,,,,,,,,,,,,,,,,,,,,,,,cleaned,,,,,,,,,,,,,,,,,TRUE,13/12/2022 00:00,2.32,-5.52,-2.97,-7.94,18.91,21.03,16.91,38.51,89.34,0,0,0.72,,1,1,1,,1,
EOH1585,TRUE,,06/10/2021 13:00,08/06/2023 09:56,609.87,06/10/2021 13:00,08/06/2023 09:56,609.87,05/06/2022,05/06/2023,3,0.538,3.322,3.228,3.157,1303.13,4062.82,51.32,0,28.72,,,,,43.61,44.63,39.16,42.69,38,57.61,FALSE,0,cleaned,0.82,0.82,0.82,,0.82,,201,3.337,0.03,3.323,3.215,0.027,3.216,3.135,0.033,3.145,FALSE,13/12/2022 00:00,3.484,-5.52,-2.97,-7.94,21.22,21.8,19.98,8.89,29.93,1.06,0,0.18,,1,1,1,,1,
EOH1588,FALSE,Less than 1yr data available,18/03/2021 14:40,15/03/2022 23:58,362.39,18/03/2021 14:42,15/03/2022 23:56,362.38,,,,,,,,,,,,,,,,,,,,,,,,,cleaned,,,,,,,,,,,,,,,,,FALSE,17/04/2021 00:00,3.297,0.07,0.14,-0.01,18.58,18.58,18.58,17.54,57.84,0,0,0,,1,1,,,1,
EOH1590,FALSE,Quality score outside threshold,22/04/2021 12:52,30/05/2023 14:00,768.05,22/04/2021 12:54,30/05/2023 13:58,768.04,06/08/2021,06/08/2022,4,0.643,2.517,2.457,2.387,2429.86,5706.89,93.15,0,69.35,,,,,30.13,30.13,43.82,,,50.17,FALSE,0,cleaned,0.992,0.143,0.992,,0.992,,52,2.517,0.002,2.517,2.458,0.002,2.458,2.388,0.002,2.388,TRUE,13/12/2022 00:00,1.955,-1.35,1.62,-4.46,20.38,21.47,19.2,23.02,45.02,0,0,0.7,,1,1,1,,1,
EOH1602,TRUE,,27/11/2020 12:02,25/05/2023 16:30,909.19,27/11/2020 12:04,25/05/2023 16:28,909.18,09/12/2020,09/12/2021,2,0.001,2.633,2.622,2.622,5055.77,13219.77,34.69,0,0.8,,-1.287,-32.82,1.49,43.29,43.29,41.03,41.68,39.78,64.12,FALSE,0,cleaned,0.999,0.999,0.999,,0.999,,534,2.732,0.087,2.766,2.73,0.087,2.763,2.682,0.085,2.709,TRUE,13/12/2022 00:00,1.629,-7.92,-2.77,-11.6,19.44,20.93,18.37,56.54,92.13,0,0,1.03,,1,1,1,,1,
EOH1607,TRUE,,19/10/2021 09:34,28/09/2023 23:58,709.6,19/10/2021 09:36,28/09/2023 23:56,709.6,19/07/2022,19/07/2023,1,0.028,2.513,2.455,2.427,3134.6,7487.65,119.04,0,36.39,,-1.297,-34.03,1.52,39.25,40.04,36.93,40.66,38.14,61.63,FALSE,0,cleaned,0.971,0.971,0.971,,0.971,,101,2.522,0.036,2.514,2.464,0.034,2.456,2.435,0.033,2.428,TRUE,13/12/2022 00:00,1.892,-7.11,-2.58,-12.15,17.98,20.51,15.68,32.71,61.9,0,0,0.27,,1,1,1,,1,
EOH1614,TRUE,,02/02/2021 16:38,29/09/2023 00:00,968.31,02/02/2021 16:40,28/09/2023 23:58,968.3,19/03/2021,19/03/2022,0,0,3.144,3.068,2.765,3008.61,8221.94,96.93,0,296.79,,-0.666,-17.47,1.21,36.44,38.9,34.37,37.37,35.31,59.86,FALSE,0,cleaned,0.999,0.999,0.999,,0.999,,600,2.926,0.217,3.038,2.854,0.214,2.962,2.574,0.199,2.682,TRUE,13/12/2022 00:00,1.773,-6.42,-2.6,-8.37,16.13,20.18,6.25,30.57,54.16,0.05,0,1.82,,1,1,1,,1,
EOH1619,TRUE,,06/09/2021 10:24,22/09/2023 10:58,746.02,07/09/2021 00:00,22/09/2023 10:56,745.46,11/09/2022,11/09/2023,3.1,0.214,2.722,2.722,2.549,1806.36,4604.48,0,0,114.5,5933.52,-0.268,-8.98,1.1,42.64,42.64,36.01,43.39,38.12,57.81,FALSE,0,cleaned,0.936,0.936,,,0.936,0.872,235,2.716,0.013,2.72,2.716,0.013,2.72,2.548,0.014,2.549,FALSE,13/12/2022 00:00,0.044,-5.52,-2.97,-7.94,17.45,19.47,15.45,3.56,0.16,0,0,1.55,113.23,1,1,,,1,1
EOH1628,FALSE,Quality score outside threshold,13/01/2021 12:12,28/06/2023 10:44,895.94,13/01/2021 12:14,28/06/2023 10:42,895.94,21/02/2022,21/02/2023,4,2.24,5.242,5.242,4.406,1338.61,5898.14,0,0,213.41,4221.95,,,,45.77,45.77,41.56,,,64.79,FALSE,0,sensor swaps not checked,0.245,0.245,,,0.245,0.235,9,5.256,0.025,5.247,5.256,0.025,5.247,4.417,0.014,4.417,FALSE,15/01/2021 00:00,0.095,-3.03,-1,-6.3,17.72,20.62,15.37,14.36,1.37,0,0,0,1.36,1,1,,,1,0.997
EOH1629,TRUE,,29/07/2021 12:26,28/09/2023 23:58,791.48,29/07/2021 12:26,28/09/2023 23:56,791.48,30/05/2022,30/05/2023,2,0.002,2.586,2.586,2.549,4823.92,12295.61,0,0,69.08,,-1.184,-31.41,1.46,39.29,41.21,36.32,40.67,37.73,62.64,FALSE,0,cleaned,0.998,0.998,0.998,,0.998,,420,2.63,0.066,2.59,2.63,0.066,2.59,2.593,0.065,2.553,TRUE,13/12/2022 00:00,1.712,-7.92,-2.77,-11.6,21.19,23.48,17.82,71.2,121.88,0,0,0.56,,1,1,1,,1,
EOH1633,FALSE,Quality score outside threshold,30/06/2021 15:20,22/09/2023 19:48,814.19,30/06/2021 15:22,22/09/2023 19:46,814.18,01/07/2021,01/07/2022,4,1.437,1.991,1.977,1.908,3319.16,6288.98,44.49,0,115.74,,,,,41.45,43.19,36.95,41.22,37.25,60.67,FALSE,0,cleaned,0.932,0.932,0.932,,0.932,,0,,,,,,,,,,FALSE,17/01/2023 00:00,0.573,-3.21,-0.39,-6.6,22.94,23.86,21.77,46.06,26.38,0,0,0.99,,1,1,1,,1,
EOH1635,FALSE,Less than 1yr usable data,13/03/2021 19:52,24/04/2023 17:02,771.88,13/03/2021 19:52,24/04/2023 17:00,771.88,,,,,,,,,,,,,,,,,,,,,,,,,sensor swaps not checked,,,,,,,,,,,,,,,,,TRUE,15/12/2022 00:00,2.07,-3.75,-0.11,-6.6,19.48,20.8,19.32,45.57,94.31,0,0,0,,1,1,1,,1,
EOH1637,FALSE,Less than 1yr usable data,27/11/2020 12:56,28/09/2023 23:58,1035.46,27/11/2020 12:56,28/09/2023 23:58,1035.46,,,,,,,,,,,,,,,,,,,,,,,,,cleaned,,,,,,,,,,,,,,,,,TRUE,11/02/2021 00:00,2.396,-12.59,-4.9,-18,22.31,23.56,20.93,62.69,150.22,0,0,0,,1,1,1,,1,
EOH1643,FALSE,Less than 1yr data available,13/09/2021 07:40,29/11/2021 18:56,77.47,13/09/2021 07:42,29/11/2021 18:54,77.47,,,,,,,,,,,,,,,,,,,,,,,,,cleaned,,,,,,,,,,,,,,,,,TRUE,28/11/2021 00:00,2.308,-0.72,1.5,-3,20.81,21.16,20.52,66.52,153.56,0,0,0.79,,1,1,,,1,
EOH1646,TRUE,,09/06/2021 08:48,28/09/2023 23:58,841.63,09/06/2021 08:50,28/09/2023 23:56,841.63,07/10/2021,07/10/2022,1,0.001,2.954,2.904,2.713,3997.38,10750.47,96.11,0,261.86,,-0.856,-22.47,1.29,42.49,45.6,39.32,44.53,41.26,62.14,FALSE,0,cleaned,0.999,0.999,0.999,,0.999,,473,2.923,0.03,2.91,2.872,0.031,2.857,2.689,0.026,2.677,TRUE,13/12/2022 00:00,1.956,-8.28,-4.1,-10.91,17.28,19.86,14.03,51.19,98.23,1.88,0,1.99,,1,1,1,,1,
EOH1654,FALSE,SPF outside threshold,20/08/2021 09:46,16/04/2023 02:44,603.71,21/08/2021 00:00,16/04/2023 02:42,603.11,23/10/2021,23/10/2022,5,3.803,0.047,0.087,0.084,3767.04,164.36,152.55,0,104.03,,,,,23.53,24.03,27.18,30.87,30.7,41.74,FALSE,0,cleaned,0.28,0.28,0.28,,0.28,,0,,,,,,,,,,FALSE,13/12/2022 00:00,0.251,-5.52,-2.97,-7.94,,,,40.74,2.22,8,0,1.01,,1,1,1,,1,
EOH1658,FALSE,Less than 1yr usable data,26/11/2021 12:14,18/09/2023 18:22,661.26,15/07/2022 00:00,18/09/2023 18:22,430.77,,,,,,,,,,,,,,,,,,,,,,,,,cleaned,,,,,,,,,,,,,,,,,TRUE,13/12/2022 00:00,1.741,-5.52,-2.97,-7.94,16.23,17.86,15.11,64.59,112.46,0,0,0,,1,1,,,1,
EOH1659,FALSE,Less than 1yr data available,21/05/2021 11:40,05/11/2021 17:56,168.26,21/05/2021 11:42,05/11/2021 17:54,168.26,,,,,,,,,,,,,,,,,,,,,,,,,cleaned,,,,,,,,,,,,,,,,,TRUE,04/11/2021 00:00,2.786,3.89,6.8,0.7,20.18,21.5,19.25,38.18,106.36,0,0,1.88,,1,1,1,,1,
EOH1660,TRUE,,09/07/2021 08:46,29/09/2023 00:00,811.63,09/07/2021 08:50,28/09/2023 23:58,811.63,12/06/2022,12/06/2023,1,0.002,3.751,3.679,3.382,4172.15,14011.97,100.31,0,336.2,,-0.089,-2.32,1.02,32.95,35.32,29.72,34.92,31.54,61.28,FALSE,0,cleaned,0.997,0.997,0.997,,0.997,,408,3.735,0.022,3.742,3.664,0.02,3.671,3.372,0.016,3.378,TRUE,12/12/2022 00:00,2.485,-3.87,-0.32,-5.95,19.32,20.61,18.31,48.72,120.63,0.44,0,2.07,,0.954,0.954,0.954,,0.954,
EOH1662,TRUE,,21/04/2021 11:06,20/09/2023 08:36,881.9,21/04/2021 11:10,20/09/2023 08:34,881.89,02/07/2021,02/07/2022,3.3,0.602,3.511,3.511,3.19,1195.34,3813.16,0,0,109.14,6634.95,0.441,14.35,0.87,39.75,39.75,32.67,40.35,34.15,55.07,FALSE,0,cleaned,0.997,0.997,,,0.997,0.937,96,3.529,0.028,3.511,3.529,0.028,3.511,3.214,0.038,3.19,FALSE,04/01/2022 00:00,0.732,-0.99,0.59,-3.3,17.9,20.28,15.59,2.09,1.53,0,0,1.33,87.63,1,1,,,1,1
EOH1663,TRUE,,20/05/2021 14:14,20/09/2023 18:08,853.16,20/05/2021 14:16,20/09/2023 18:06,853.16,31/05/2022,31/05/2023,1,0.013,2.829,2.829,2.778,4092.96,11371.36,0,0,73.23,,-1.301,-31.5,1.46,39.83,47.33,35.71,43.85,39.6,72.91,TRUE,0.01126,cleaned,0.987,0.987,,,0.987,,350,2.806,0.087,2.838,2.806,0.087,2.838,2.779,0.084,2.807,TRUE,21/01/2023 00:00,2.405,-2.86,-0.67,-6.09,18.72,19.33,17.62,32.63,78.47,0,0,0.62,,1,1,,,1,
EOH1664,TRUE,,06/02/2021 15:40,18/09/2023 11:54,953.84,06/02/2021 15:42,18/09/2023 11:52,953.84,08/09/2022,08/09/2023,3.3,0.562,2.553,2.553,2.223,818.12,1818.27,0,0,105.89,4324.97,-0.407,-13.75,1.16,40.34,40.34,34.98,40.15,35.76,55.01,FALSE,0,cleaned,1,1,,,1,0.978,578,2.592,0.041,2.587,2.592,0.041,2.587,2.18,0.038,2.168,FALSE,13/12/2022 00:00,0.868,-5.52,-2.97,-7.94,17.09,18.68,15.93,4.08,3.54,0,0,1.47,62.6,1,1,,,1,0.994
EOH1666,TRUE,,17/07/2021 12:16,29/09/2023 00:00,803.49,17/07/2021 12:18,28/09/2023 23:58,803.49,17/08/2021,17/08/2022,2,0.116,3.046,3.046,2.949,4538.19,13384.14,0,0,143.78,,-1.164,-27.66,1.38,40.47,42.49,37.86,41.81,38.82,58.08,FALSE,0,cleaned,0.938,0.938,,,0.938,,408,3.154,0.093,3.186,3.154,0.093,3.186,3.05,0.087,3.083,TRUE,13/12/2022 00:00,2.155,-6.42,-2.6,-8.37,18.5,19.82,16.61,73.49,158.38,0,0,1.25,,1,1,,,1,
EOH1669,TRUE,,12/07/2021 13:02,28/09/2023 23:58,808.46,12/07/2021 13:02,28/09/2023 23:56,808.45,07/08/2022,07/08/2023,2,0,2.493,2.493,2.493,3788.96,9444.57,0,0,0,,-1.417,-36.25,1.57,45.36,47.6,37.67,46,39.67,76.32,TRUE,0.00097,cleaned,0.999,0.999,,,0.999,,251,2.487,0.009,2.49,2.487,0.009,2.49,2.487,0.009,2.49,TRUE,13/12/2022 00:00,2.302,-5.52,-2.97,-7.94,12.45,14.81,10.6,43.59,100.36,0,0,0,,1,1,,,1,
EOH1671,TRUE,,25/03/2021 09:10,22/05/2023 16:28,788.3,25/03/2021 09:12,22/05/2023 16:26,788.3,18/04/2021,18/04/2022,0,0,3.002,2.916,2.717,1456.5,3899.66,58.03,0,99.24,,-0.578,-16.16,1.19,35.97,38.82,33.14,37.39,34.56,60.1,FALSE,0,cleaned,1,1,0.999,,1,,409,3.019,0.063,2.985,2.883,0.054,2.873,2.73,0.095,2.688,TRUE,13/12/2022 00:00,2.401,-1.35,1.62,-4.46,19.09,21.08,17.76,16.05,36.66,1.88,0,0,,1,1,1,,1,
EOH1675,FALSE,Less than 1yr data available,26/11/2021 14:46,10/12/2021 16:50,14.09,26/11/2021 14:48,10/12/2021 16:48,14.08,,,,,,,,,,,,,,,,,,,,,,,,,cleaned,,,,,,,,,,,,,,,,,TRUE,28/11/2021 00:00,2.14,-0.72,1.5,-3,5.19,6.18,4.09,69.95,149.69,0,0,0.18,,1,1,,,1,
EOH1684,TRUE,,28/01/2021 11:38,17/09/2023 20:32,962.37,28/01/2021 11:40,17/09/2023 20:30,962.37,07/08/2022,07/08/2023,1,0,3.484,3.315,3.082,1741.69,5258.24,110.18,0,122.09,,-0.186,-5.08,1.05,25.96,33.32,23.67,30.29,28.15,58.13,FALSE,0,cleaned,0.999,0.999,0.999,,0.999,,592,3.438,0.043,3.424,3.318,0.043,3.315,3.089,0.048,3.083,TRUE,12/12/2022 00:00,2.213,-4.58,-2.47,-7.85,13.85,15.5,10.75,12.02,21.24,5.37,0,0.85,,1,1,1,,1,
EOH1685,TRUE,,14/12/2021 10:40,07/08/2023 21:08,601.44,14/12/2021 10:40,07/08/2023 21:06,601.43,11/03/2022,11/03/2023,3.1,0.089,2.216,2.077,2.077,4080.73,8009.72,466.68,0,0,,-1.204,-35.2,1.54,32.91,36.43,31.32,36.8,34.62,58.55,FALSE,0,cleaned,0.953,0.953,0.953,,0.953,,235,2.218,0.022,2.202,2.095,0.015,2.093,2.095,0.015,2.093,TRUE,15/12/2022 00:00,1.815,-3.75,-0.11,-6.6,18.15,18.66,17.8,38.98,68.26,2.51,0,0,,1,1,1,,1,
EOH1686,TRUE,,30/07/2021 17:48,28/09/2023 23:58,790.26,30/07/2021 17:50,28/09/2023 23:56,790.25,09/09/2022,09/09/2023,0,0,2.634,2.634,2.629,2376.43,6246.62,0,0,4.54,,-1.276,-32.64,1.48,52.3,52.69,48.81,52.07,48.49,72.36,TRUE,0.02212,cleaned,1,1,,,1,,422,2.592,0.029,2.599,2.592,0.029,2.599,2.587,0.029,2.594,TRUE,13/12/2022 00:00,2.265,-5.52,-2.97,-7.94,14.49,15.16,13.77,10.11,22.9,0,0,0.03,,1,1,,,1,
EOH1687,FALSE,Less than 1yr usable data,28/04/2021 14:20,05/07/2023 08:10,797.74,28/04/2021 14:22,05/07/2023 08:10,797.74,,,,,,,,,,,,,,,,,,,,,,,,,sensor swaps not checked,,,,,,,,,,,,,,,,,FALSE,13/12/2022 00:26,,-5.52,-2.97,-7.94,17.28,18.68,15.75,7.46,,0,0,1.32,,0.9,0.9,,,0.812,0.03
EOH1688,TRUE,,02/11/2021 16:42,11/09/2023 08:14,677.65,02/11/2021 16:44,11/09/2023 08:12,677.64,04/06/2022,04/06/2023,2,0.011,2.673,2.611,2.456,3775.89,9141.67,1.61,129.07,224.71,,-0.507,-15.96,1.19,45.03,51.29,36.52,49.46,43.26,69.27,TRUE,0.02395,cleaned,0.991,0.991,0.991,0.991,0.991,,276,2.746,0.075,2.717,2.675,0.073,2.632,2.517,0.07,2.474,TRUE,13/12/2022 00:00,1.523,-5.52,-2.97,-7.94,16.98,18.39,15.43,58.26,85.69,0.04,2.99,2.44,,1,1,1,1,1,
EOH1694,TRUE,,11/02/2021 15:46,23/09/2023 15:28,953.99,11/02/2021 15:50,23/09/2023 15:26,953.98,13/09/2022,13/09/2023,3.1,0.04,2.586,2.586,2.586,1226.18,3171.4,0,0,0,3461.21,-0.374,-12.62,1.14,41.27,41.27,35.73,42.04,37.2,58.6,FALSE,0,cleaned,0.987,0.987,,,0.987,0.918,200,1.791,0.467,1.58,1.791,0.467,1.58,1.791,0.467,1.58,FALSE,13/12/2022 00:00,0.057,-5.52,-2.97,-7.94,19.07,21.32,16.07,1.84,0.11,0,0,0,67.48,1,1,,,1,1
EOH1699,TRUE,,06/08/2021 11:06,28/09/2023 23:58,783.54,06/08/2021 11:06,28/09/2023 23:56,783.53,07/09/2022,07/09/2023,3.1,0.038,2.769,2.769,2.572,2027.29,5214.69,0,0,143.81,4016.9,,,,42.04,42.04,37.46,47.15,42.61,59.18,FALSE,0,cleaned,1,1,,,1,0.869,376,2.549,0.143,2.524,2.549,0.143,2.524,2.358,0.146,2.342,FALSE,13/12/2022 00:00,0.101,-5.52,-2.97,-7.94,18.56,19.51,17.73,3.35,0.34,0,0,1.46,84.55,1,1,,,1,1
EOH1700,TRUE,,19/05/2021 12:06,29/09/2023 00:00,862.5,19/05/2021 12:08,28/09/2023 23:58,862.49,23/05/2021,23/05/2022,2,0.062,2.789,2.713,2.697,3452.15,9162.36,147.03,0,20.34,,-1.071,-27.74,1.38,42.35,44.82,37.84,44.08,38.66,64.71,FALSE,0,cleaned,0.968,0.968,0.968,,0.968,,404,2.78,0.018,2.785,2.701,0.021,2.706,2.686,0.021,2.692,TRUE,08/03/2023 00:00,2.526,-1.65,2.71,-7.5,16.26,18.56,12.12,26.19,66.18,0,0,0.16,,1,1,1,,1,
EOH1701,TRUE,,23/09/2021 19:18,28/09/2023 23:58,735.19,23/09/2021 19:18,28/09/2023 23:58,735.19,29/09/2021,29/09/2022,3.1,0.257,3.106,3.106,3.063,13895.53,42564.59,0,0,190.29,38203.14,-0.814,-20.77,1.26,45.13,45.13,39.33,47.56,41.01,77.21,TRUE,0.00897,cleaned,0.86,0.86,,,0.86,0.839,6,3.106,0.001,3.106,3.106,0.001,3.106,3.063,0.001,3.063,FALSE,13/12/2022 00:00,1.777,-6.42,-2.6,-8.37,16.42,17.07,15.61,12.13,21.55,0,0,0.97,,1,1,,,1,
EOH1703,TRUE,,26/10/2020 00:00,18/09/2023 13:10,1057.55,26/10/2020 00:00,18/09/2023 13:10,1057.55,27/10/2020,27/10/2021,1,0.014,2.885,2.766,2.672,4824.02,12597.52,148.38,146.15,163.11,,-0.685,-19.18,1.24,33.03,34.73,29.62,34.76,31.52,55.95,FALSE,0,cleaned,0.986,0.986,0.986,0.986,0.986,,272,2.97,0.031,2.985,2.824,0.022,2.835,2.726,0.019,2.735,TRUE,11/02/2021 00:00,2.254,-3.92,2.1,-8.2,19.06,20.75,16.87,44.03,82.77,4.48,12.02,0.82,,1,1,1,1,1,
EOH1704,TRUE,,01/06/2021 14:08,15/11/2022 15:24,532.05,15/07/2021 00:00,15/11/2022 15:22,488.64,15/07/2021,15/07/2022,2,0.067,2.855,2.799,2.799,4361.9,12079.43,130.67,0,0,,-0.495,-14.78,1.17,44.53,45.24,40.81,45.38,41.47,57.46,FALSE,0,cleaned,0.956,0.956,0.956,,0.956,,23,2.865,0.004,2.865,2.792,0.004,2.791,2.792,0.004,2.791,TRUE,28/11/2021 00:00,2.392,1.55,3.6,0.1,26.5,27.13,25.9,34.94,80.66,2.92,0,0,,1,1,1,,1,
EOH1705,TRUE,,30/07/2021 11:24,23/09/2023 08:46,784.89,31/07/2021 00:00,23/09/2023 08:44,784.36,07/02/2022,07/02/2023,2,0.002,3.295,3.235,3.205,3463.03,11009.81,90.25,0,31.85,,-0.845,-20.4,1.26,36.51,39.35,33.78,36.48,33.89,60.99,FALSE,0,cleaned,0.998,0.998,0.998,,0.998,,407,3.322,0.03,3.308,3.26,0.032,3.246,3.23,0.031,3.216,TRUE,13/12/2022 00:00,2.486,-1.35,1.62,-4.46,17.91,19.09,16.08,30.59,75.76,0.27,0,0.26,,1,1,1,,1,
EOH1708,TRUE,,19/02/2021 18:00,29/09/2023 00:00,951.25,19/02/2021 18:02,28/09/2023 23:58,951.25,06/06/2021,06/06/2022,3.1,0.11,2.557,2.557,2.421,2089.21,5058.79,0,0,111.17,4231.5,-0.403,-13.6,1.16,47.16,47.16,40.22,46.53,39.89,58.78,FALSE,0,cleaned,0.943,0.943,,,0.943,0.908,479,2.512,0.142,2.571,2.512,0.142,2.571,2.388,0.141,2.445,FALSE,13/12/2022 00:00,0.06,-5.52,-2.97,-7.94,,,,1.67,0.1,0,0,1.46,60.37,1,1,,,1,1
EOH1711,TRUE,,23/03/2021 14:16,28/09/2023 23:58,919.4,26/05/2021 00:00,28/09/2023 23:56,856,28/05/2021,28/05/2022,1,0,4.03,4.03,3.91,2864.97,11203,0,0,85.26,,0.64,18.89,0.84,38.49,44.79,36.68,42.94,40.71,74.08,TRUE,0.00185,cleaned,0.999,0.999,,,0.999,,490,3.726,0.215,3.722,3.726,0.215,3.722,3.607,0.216,3.589,TRUE,13/12/2022 00:00,2.602,-6.42,-2.6,-8.37,18.94,21.36,16.76,9.98,25.96,0,0,0.45,,1,1,,,1,
EOH1712,TRUE,,23/02/2021 18:38,30/03/2022 23:14,400.19,23/02/2021 18:40,30/03/2022 23:14,400.19,30/03/2021,30/03/2022,3.3,0.033,2.859,2.859,2.734,3815.32,10432.28,0,0,166.64,10961.48,-0.101,-3.41,1.04,48.49,48.49,42.7,48.96,44.16,58.91,FALSE,0,cleaned,1,1,,,1,0.884,1,2.859,,2.859,2.859,,2.859,2.734,,2.734,FALSE,04/01/2022 00:00,1.697,-0.99,0.59,-3.3,21.67,22.67,20.12,10.91,18.52,0,0,1.47,126.04,1,1,,,1,0.999
EOH1718,TRUE,,19/08/2021 16:26,28/09/2023 23:58,770.31,19/08/2021 16:28,28/09/2023 23:56,770.31,23/08/2022,23/08/2023,3.1,0.003,2.561,2.527,2.391,5641.61,13374.45,117.36,0,301.58,,-1.249,-32.79,1.49,48.16,48.59,43.51,48.12,44,63.98,FALSE,0,cleaned,0.997,0.997,0.997,,0.997,,403,2.602,0.056,2.568,2.57,0.056,2.534,2.427,0.048,2.397,TRUE,13/12/2022 00:00,1.815,-1.35,1.62,-4.46,19.34,20.76,17.69,61.2,110.76,0.3,0,1.89,,1,1,1,,1,
EOH1725,TRUE,,12/05/2021 14:24,27/03/2023 07:42,683.72,12/05/2021 14:26,27/03/2023 07:40,683.72,13/05/2021,13/05/2022,3.3,0.651,1.596,1.575,1.575,5546.9,8546.47,190.56,0,0,,,,,45.34,45.59,42.1,45.95,42.86,59.67,FALSE,0,cleaned,0.999,0.999,0.999,,0.999,,289,1.6,0.022,1.595,1.578,0.02,1.574,1.578,0.02,1.574,TRUE,15/12/2022 00:00,1.833,-2.21,1.79,-5.41,22.85,24.06,21.67,49.12,78.17,11.9,0,0,,1,1,1,,1,
EOH1735,TRUE,,05/08/2021 10:38,28/09/2023 23:58,784.56,06/08/2021 00:00,28/09/2023 23:56,784,01/08/2022,01/08/2023,2,0.043,2.597,2.435,2.435,3644.67,8503.72,237.74,132.65,0,,-1.123,-30.18,1.43,47.23,49.6,41.56,47.72,42.41,70.05,TRUE,0.00191,cleaned,0.977,0.977,0.977,0.977,0.977,,234,2.356,0.287,2.542,2.246,0.233,2.406,2.246,0.233,2.406,TRUE,13/12/2022 00:00,2.403,-5.52,-2.97,-7.94,16.82,18.79,13.86,34.44,73.55,3.27,5.93,0,,1,1,1,1,1,
EOH1738,TRUE,,16/07/2021 10:42,28/09/2023 23:58,804.55,16/07/2021 10:44,28/09/2023 23:56,804.55,02/09/2022,02/09/2023,2,0.001,3.264,3.264,3.127,2881.89,9012.69,0,0,120.97,,-0.126,-3.71,1.04,38.27,40.15,36.11,39.8,37.61,70.51,TRUE,0.00003,cleaned,0.998,0.998,,,0.998,,116,3.256,0.01,3.252,3.256,0.01,3.252,3.118,0.011,3.116,TRUE,13/12/2022 00:00,2.119,-1.35,1.62,-4.46,19.15,20.48,17.25,35.14,74.46,0,0,0.69,,1,1,,,1,
EOH1740,FALSE,Quality score outside threshold,10/09/2021 14:34,01/10/2022 18:02,386.14,10/09/2021 14:36,01/10/2022 18:00,386.14,01/10/2021,01/10/2022,4,1.093,2.137,2.137,2.102,2943.36,6186.09,0,0,48.27,,,,,42.69,42.72,37.79,30.74,27.4,64.89,FALSE,0,cleaned,0.945,0.945,,,0.945,,0,,,,,,,,,,FALSE,28/11/2021 00:00,8.23,-0.72,1.5,-3,10.65,14.69,7.3,7.61,62.59,0,0,0.11,,1,1,,,1,
EOH1744,TRUE,,22/07/2021 12:04,22/09/2023 20:40,792.36,22/07/2021 12:04,22/09/2023 20:38,792.36,21/01/2022,21/01/2023,3,0.608,3.013,2.894,2.771,2277.31,6182.18,128.51,0,96.88,,,,,37.26,42.36,34.69,40.06,37.26,56.31,FALSE,0,sensor swaps not checked,0.723,0.723,0.723,,0.723,,125,3.032,0.022,3.036,2.938,0.042,2.961,2.812,0.04,2.836,TRUE,17/01/2023 00:00,2.188,-2.27,0.11,-4.29,17.47,18.05,16.7,23.06,43.74,6.71,0,0.69,,1,1,1,,1,
EOH1747,FALSE,Quality score outside threshold,26/07/2021 13:58,29/09/2023 00:00,794.42,20/10/2021 15:06,28/09/2023 23:58,708.37,01/04/2022,01/04/2023,5,2.389,7.249,5.778,4.942,1111.9,5271.6,223.85,0,160.86,,,,,48.61,48.71,44.4,48.07,42.63,62.48,FALSE,0,cleaned,0.727,0.727,0.787,,0.727,,0,,,,,,,,,,FALSE,13/12/2022 00:00,0.004,-5.52,-2.97,-7.94,,,,0.22,0,0,0,0.01,,1,1,1,,1,
EOH1751,TRUE,,19/11/2021 12:10,25/09/2023 12:14,675,19/11/2021 12:10,25/09/2023 12:12,675,20/12/2021,20/12/2022,3.3,0.823,2.301,2.301,2.301,3856.51,8872.03,0,0,0,13774.88,,,,37.5,37.5,34.37,39.07,35.79,65.1,TRUE,0.00001,cleaned,0.806,0.805,,,0.806,0.806,119,2.27,0.046,2.274,2.27,0.046,2.274,2.27,0.046,2.274,FALSE,13/12/2022 00:00,1.485,-5.52,-2.97,-7.94,22.19,22.5,21.9,17.81,26.45,0,0,0,143.76,1,1,,,1,1
EOH1752,FALSE,SPF outside threshold,10/09/2021 15:14,12/09/2023 09:30,731.76,10/09/2021 15:16,12/09/2023 09:28,731.76,16/06/2022,16/06/2023,3.3,1.662,1.145,1.145,0.7,225.65,157.92,0,0,87.67,1103.21,,,,17.25,17.25,16.92,18.51,18.2,53.77,FALSE,0,cleaned,0.999,0.999,,,0.999,0.993,93,1.14,0.004,1.139,1.14,0.004,1.139,0.698,0.002,0.697,FALSE,13/12/2022 00:00,0.026,-5.52,-2.97,-7.94,11.38,13.36,9.98,1.75,0.04,0,0,1.39,20.1,1,1,,,1,1
EOH1753,TRUE,,06/07/2021 13:12,28/09/2023 23:58,814.45,06/07/2021 13:12,28/09/2023 23:56,814.45,07/08/2022,07/08/2023,1,0,2.876,2.689,2.376,5055.46,11569.56,444.21,0,588.38,,,,,42.49,42.73,40.69,42.95,40.58,58.76,FALSE,0,cleaned,0.999,0.999,0.999,,0.999,,443,2.982,0.128,2.891,2.74,0.067,2.693,2.392,0.093,2.378,TRUE,15/12/2022 00:00,1.807,-2.21,1.79,-5.41,21.54,23.44,20.83,56.76,91.83,10.72,0,1.94,,1,1,1,,1,
EOH1760,TRUE,,30/09/2021 22:34,29/09/2023 00:00,728.06,30/09/2021 22:34,28/09/2023 23:58,728.06,11/11/2021,11/11/2022,2,0.02,3.224,3.112,2.95,1661.49,4822.38,79.61,0,86.14,,,,,48.49,47.73,45.25,49.05,45.47,61.86,FALSE,0,cleaned,0.985,0.985,0.985,,0.985,,273,3.269,0.036,3.283,3.197,0.04,3.212,3.02,0.033,3.031,FALSE,13/12/2022 13:20,3.258,-5.52,-2.97,-7.94,18.1,20.64,15.66,9.33,30.34,0.05,0,0.22,,1,1,1,,1,
EOH1761,TRUE,,23/09/2021 16:20,28/09/2023 23:58,735.32,24/09/2021 00:00,28/09/2023 23:56,735,06/02/2022,06/02/2023,2,0.068,3.596,3.596,3.366,3293.24,11084.14,0,0,211.04,,-0.254,-6.59,1.07,36.59,38.87,33.89,35.9,33.19,73.5,TRUE,0.00012,cleaned,0.965,0.965,,,0.965,,355,3.622,0.167,3.745,3.622,0.167,3.745,3.383,0.121,3.473,TRUE,13/12/2022 00:00,2.788,-6.42,-2.6,-8.37,17.2,17.97,16.33,41.86,116.72,0,0,1.9,,1,1,,,1,
EOH1764,TRUE,,01/05/2021 22:36,28/09/2023 23:58,880.06,14/06/2021 00:00,28/09/2023 23:56,837,14/06/2021,14/06/2022,2,0.001,3.464,3.412,3.412,4977.34,16876.9,104.93,0,0,,0.144,4.33,0.96,34.76,35.79,30.31,34.18,29.89,58.35,FALSE,0,cleaned,0.998,0.998,0.998,,0.998,,1,3.464,,3.464,3.412,,3.412,3.412,,3.412,TRUE,15/12/2022 00:00,2.608,-3.75,-0.11,-6.6,19.5,20.47,18.84,54.6,142.39,0,0,0,,1,1,,,1,
EOH1765,FALSE,Quality score outside threshold,30/09/2021 11:28,28/09/2023 23:58,728.52,30/09/2021 11:30,28/09/2023 23:56,728.52,11/08/2022,11/08/2023,4,1.729,2.9,2.876,2.757,1770.49,4860.04,21.02,0,73.43,,,,,44.19,58.51,42.07,,,68.99,TRUE,0.02825,cleaned,0.423,0.423,0.423,,0.423,,154,2.902,0.004,2.9,2.883,0.008,2.877,2.764,0.008,2.758,FALSE,29/11/2021 00:00,3.036,0.03,4.89,-2.5,25.03,26.94,23.58,13.38,40.63,0,0,0.7,,1,1,,,1,
EOH1769,FALSE,Less than 1yr usable data,20/10/2021 10:18,13/09/2023 11:36,693.05,20/10/2021 10:20,13/09/2023 11:34,693.05,,,,,,,,,,,,,,,,,,,,,,,,,cleaned,,,,,,,,,,,,,,,,,TRUE,13/12/2022 00:00,1.646,-5.52,-2.97,-7.94,17.82,19.77,15.53,54.68,77,0,13,1.55,,1,1,,1,1,
EOH1771,TRUE,,07/10/2021 13:36,28/09/2023 23:58,721.43,07/10/2021 13:38,28/09/2023 23:56,721.43,26/08/2022,26/08/2023,2,0,3.399,3.399,3.304,2882.83,9524.09,0,0,80.59,,-0.521,-13.3,1.15,32.94,39.83,29.13,37.32,33.4,72.74,TRUE,0.00439,cleaned,0.999,0.999,,,0.999,,353,3.466,0.043,3.453,3.466,0.043,3.453,3.37,0.041,3.356,TRUE,13/12/2022 00:00,2.716,-7.27,-2.1,-9.8,,,,27.99,76.02,0,0,0.44,,1,1,,,1,
EOH1775,FALSE,Less than 1yr usable data,29/04/2021 15:16,25/09/2023 16:24,879.05,29/04/2021 15:18,25/09/2023 16:24,879.05,,,,,,,,,,,,,,,,,,,,,,,,,sensor swaps not checked,,,,,,,,,,,,,,,,,FALSE,08/03/2023 00:00,0.836,-1.89,2.66,-6.82,16.12,17.25,14.93,6.17,5.16,0,0,1.45,34.56,1,1,,,1,0.983
EOH1777,TRUE,,16/03/2021 12:24,23/09/2023 07:36,920.8,16/03/2021 12:24,23/09/2023 07:34,920.8,31/05/2022,31/05/2023,2,0.002,2.225,2.225,2.225,4023.95,8954.89,0,0,0,,-1.345,-37.66,1.6,46.31,48.38,42.03,47.33,43.27,58.05,FALSE,0,cleaned,0.998,0.998,0.998,,0.998,,421,2.332,0.094,2.366,2.332,0.094,2.366,2.332,0.094,2.366,TRUE,17/01/2023 00:00,1.914,-1.18,0.98,-3.9,18.79,20.81,16.32,35.25,67.45,0,0,0,,1,1,1,,1,
EOH1783,FALSE,Less than 1yr data available,23/02/2021 12:34,22/02/2022 23:58,364.48,26/05/2021 00:00,22/02/2022 23:56,273,,,,,,,,,,,,,,,,,,,,,,,,,cleaned,,,,,,,,,,,,,,,,,TRUE,28/11/2021 00:00,2.783,0.35,3.2,-2.78,20.49,21.65,18.66,13.68,38.08,0,0,0.25,,1,1,1,,1,
EOH1792,FALSE,Less than 1yr data available,25/02/2021 01:16,12/07/2021 08:58,137.32,25/02/2021 01:16,12/07/2021 08:56,137.32,,,,,,,,,,,,,,,,,,,,,,,,,cleaned,,,,,,,,,,,,,,,,,FALSE,06/04/2021 00:00,1.247,0.56,4.7,-2.4,21.71,22.26,21.01,7.49,9.34,0,0,0,,1,1,,,1,0.996
EOH1794,FALSE,Quality score outside threshold,22/01/2021 16:26,25/06/2023 20:08,884.15,22/01/2021 16:26,25/06/2023 20:06,884.15,20/02/2021,20/02/2022,4,0.903,2.865,2.865,2.865,2944.72,8436.82,0,0,0,12399.01,,,,39.26,39.26,36.04,39.27,35.95,60.68,FALSE,0,cleaned,0.69,0.69,,,0.69,0.66,167,3.098,0.235,2.907,3.098,0.235,2.907,3.098,0.235,2.907,FALSE,13/02/2021 00:00,2.249,-2.1,-1.3,-3.5,19.57,20.5,18.18,8.8,19.78,0,0,0,184.69,1,1,,,1,0.968
EOH1811,FALSE,Less than 1yr data available,11/12/2020 11:36,10/12/2021 23:58,364.52,11/12/2020 11:38,10/12/2021 23:56,364.51,,,,,,,,,,,,,,,,,,,,,,,,,cleaned,,,,,,,,,,,,,,,,,TRUE,11/02/2021 00:00,2.337,-5.92,0.9,-12.6,18.12,19.5,16.12,5.1,11.92,0,0,0.21,,1,1,1,,1,
EOH1816,TRUE,,30/09/2021 14:08,19/08/2023 13:24,687.97,30/09/2021 14:10,19/08/2023 13:22,687.97,17/08/2022,17/08/2023,3.3,0.833,2.615,2.615,2.335,1254.05,2927.96,0,0,134.34,,,,,39.03,41.06,33.28,41.2,36.75,61.03,FALSE,0,cleaned,0.786,0.786,0.495,,0.786,,162,2.419,0.194,2.301,2.419,0.194,2.301,2.212,0.122,2.176,FALSE,13/12/2022 00:00,0.012,-5.52,-2.97,-7.94,10.08,10.28,9.74,0.97,0.01,0,0,0.66,,1,1,1,,1,
EOH1818,TRUE,,24/03/2021 15:00,12/09/2023 17:26,902.1,24/03/2021 15:02,12/09/2023 17:24,902.1,12/08/2022,12/08/2023,1,0.002,4.006,3.929,3.643,2494.29,9026.32,59.19,0,181.96,,0.196,5.15,0.95,45.05,46.98,40.95,46.71,42.77,62.94,FALSE,0,cleaned,0.997,0.997,0.997,,0.997,,530,3.879,0.139,3.879,3.772,0.148,3.774,3.497,0.137,3.504,TRUE,15/12/2022 00:00,2.83,-6.58,-2.22,-9.49,19.44,21.2,17.38,34.47,95.57,1.99,0,1.65,,1,1,1,,1,
EOH1826,TRUE,,02/03/2021 15:30,23/07/2023 18:20,873.12,02/03/2021 15:30,23/07/2023 18:18,873.12,19/03/2021,19/03/2022,3.1,0.017,3.493,3.452,3.452,7297.37,25072.57,116.74,3.46,0,,0.173,5.22,0.95,40.54,41.58,32.91,41.85,34.19,61.31,FALSE,0,cleaned,0.984,0.984,0.984,0.984,0.984,,43,3.496,0.036,3.504,3.455,0.035,3.461,3.455,0.035,3.461,TRUE,13/12/2022 00:00,2.654,-1.6,0.49,-3.77,,,,48.34,114.2,0,14.09,0,,1,1,1,1,1,
EOH1834,TRUE,,06/04/2021 13:46,29/12/2022 12:24,631.94,06/04/2021 13:48,29/12/2022 12:22,631.94,03/05/2021,03/05/2022,3.1,0.001,2.248,2.169,2.169,6631.93,13965.44,409.4,10.2,0,,-0.912,-28.86,1.41,38.13,40.58,35.35,40.17,36.96,60.84,FALSE,0,cleaned,0.999,0.999,0.999,0.999,0.999,,267,2.221,0.029,2.23,2.107,0.054,2.124,2.107,0.054,2.124,TRUE,15/12/2022 00:00,2.016,-0.29,1.97,-1.87,,,,57.51,107.33,8.38,0.23,0,,1,1,1,1,1,
EOH1837,FALSE,Quality score outside threshold,13/12/2021 12:20,20/09/2023 20:32,646.34,13/12/2021 12:22,20/09/2023 20:30,646.34,18/12/2021,18/12/2022,4,1.044,2.844,2.844,2.217,1693.85,3755.25,0,0,373.64,2774.1,,,,45.69,45.69,38.42,47.1,40.49,62.97,TRUE,0.00004,cleaned,0.861,0.861,,,0.861,0.797,0,,,,,,,,,,FALSE,13/12/2022 00:00,0.778,-5.52,-2.97,-7.94,16.39,19.16,14.19,5.53,4.3,0,0,1.47,56.31,1,1,,,1,0.994
EOH1839,TRUE,,18/06/2021 12:18,01/09/2023 18:54,805.28,30/07/2021 00:00,01/09/2023 18:52,763.79,25/06/2022,25/06/2023,3.1,0.007,3.085,3.022,2.832,3558.78,9979.17,100.77,0,223.19,,-0.555,-15.25,1.18,37.6,39.38,34.51,38.31,35.15,60.86,FALSE,0,cleaned,0.993,0.993,0.993,,0.993,,337,3.018,0.044,3.011,2.96,0.041,2.952,2.752,0.056,2.753,TRUE,13/12/2022 00:00,2.366,-1.6,0.49,-3.77,19.17,19.93,18.56,37.39,88.41,0.07,0,1.57,,1,1,1,,1,
EOH1843,FALSE,SPF outside threshold,26/11/2021 16:00,28/09/2023 15:22,670.97,26/11/2021 16:02,28/09/2023 15:20,670.97,11/02/2022,11/02/2023,3.3,2.644,21.661,21.661,16.22,230.62,3740.71,0,0,57.93,3683.13,,,,52.23,52.23,43.77,52.36,43.86,77.35,TRUE,0.09365,cleaned,0.961,0.786,,,0.961,0.785,104,19.899,0.971,19.588,19.899,0.971,19.588,14.972,0.691,14.756,FALSE,13/12/2022 00:00,19.622,-5.52,-2.97,-7.94,13.94,16.06,12.52,3.12,61.28,0,0,1.35,60.47,1,1,,,1,1
EOH1847,FALSE,SPF outside threshold,27/07/2021 12:00,28/09/2023 23:58,793.5,18/08/2021 00:00,28/09/2023 23:56,772,03/05/2022,03/05/2023,5,2.361,1.018,1.018,0.913,1415.57,1292.56,0,0,145.8,3409.39,,,,33.77,33.77,29.92,34.45,30.37,57.73,FALSE,0,cleaned,0.643,0.644,,,0.644,0.465,0,,,,,,,,,,FALSE,13/12/2022 00:00,0.042,-5.52,-2.97,-7.94,15.16,16.1,13.77,1.78,0.07,0,0,1.38,,1,1,,,1,
EOH1852,TRUE,,14/05/2021 07:14,29/09/2023 00:00,867.7,14/05/2021 07:16,28/09/2023 23:58,867.7,17/07/2022,17/07/2023,0,0,3.084,3.034,2.809,5414.63,15087.42,120.45,0,402.57,,-0.686,-18.19,1.22,36.56,38.92,31.04,38.19,34,64.85,FALSE,0,cleaned,1,1,1,,1,,499,3.096,0.041,3.086,3.054,0.043,3.036,2.828,0.035,2.81,TRUE,13/12/2022 00:00,2.223,-6.42,-2.6,-8.37,17.88,19.58,15.28,67.6,150.26,0,0,3.71,,1,1,1,,1,
EOH1866,TRUE,,29/07/2021 07:24,21/09/2023 13:10,784.24,29/07/2021 07:30,21/09/2023 13:08,784.23,20/09/2022,20/09/2023,1,0.005,3.114,2.793,2.684,3804.95,9657.15,556.76,0,147.38,,,,,47.05,50.69,42.75,48.87,45.01,74.19,TRUE,0.00487,cleaned,0.994,0.994,0.994,,0.994,,141,3.111,0.004,3.111,2.794,0.007,2.794,2.685,0.006,2.684,FALSE,15/12/2022 00:00,2.952,-4.15,-1.65,-7.51,25.9,26.57,24.11,20.68,60.91,0.14,0,1,,1,1,1,,1,
EOH1870,FALSE,Less than 1yr data available,22/04/2021 07:52,19/04/2022 23:58,362.67,22/04/2021 07:54,19/04/2022 23:56,362.67,,,,,,,,,,,,,,,,,,,,,,,,,cleaned,,,,,,,,,,,,,,,,,FALSE,21/10/2021 00:00,1.398,0.07,0.11,0.02,,,,3.63,5.07,0,0,0.64,,1,1,1,,1,
EOH1872,TRUE,,20/11/2020 11:50,29/09/2023 00:00,1042.51,20/11/2020 11:50,28/09/2023 23:58,1042.51,17/07/2021,17/07/2022,1,0.001,3.105,3.105,3.105,4887.43,15175.58,0,0,0,,-0.545,-14.93,1.18,39.61,42.04,37.39,43.66,41.18,67.03,TRUE,0.00019,cleaned,0.993,0.993,,,0.993,,670,3.072,0.067,3.086,3.072,0.067,3.086,3.072,0.067,3.086,TRUE,13/12/2022 00:00,2.175,-6.42,-2.6,-8.37,20.01,21.56,16.5,45.24,98.39,0,0,0,,1,1,,,1,
EOH1873,FALSE,Quality score outside threshold,09/07/2021 09:44,17/09/2022 04:22,434.78,09/07/2021 09:44,17/09/2022 04:20,434.78,15/07/2021,15/07/2022,4,0.685,3.626,3.502,3.502,2821.43,9745.98,133.63,0,0,,,,,33.3,36.95,31.42,35.89,33.74,60.1,FALSE,0,cleaned,0.932,0.613,0.613,,0.932,,6,3.624,0.003,3.625,3.501,0.001,3.501,3.501,0.001,3.501,TRUE,28/11/2021 00:00,2.911,-0.91,2.2,-3.3,19.93,21.1,18.49,25.56,69.7,4.69,0,0,,1,1,1,,1,
EOH1876,FALSE,SPF outside threshold,28/07/2021 12:00,29/09/2023 00:00,792.5,03/08/2021 00:00,28/09/2023 23:58,787,03/07/2022,03/07/2023,5,1.993,7.706,7.706,6.763,1204.03,8143.33,0,0,147.3,5340.55,,,,35.07,35.07,30.57,37.22,32.59,63.45,FALSE,0,cleaned,0.78,0.78,,,0.78,0.73,0,,,,,,,,,,FALSE,16/01/2023 00:00,14.9,-2.4,0.27,-5.71,18.19,19.08,17.01,3.45,51.34,0,0,1.54,51.09,1,1,,,1,1
EOH1880,FALSE,Less than 1yr data available,,,0,,,0,,,,,,,,,,,,,,,,,,,,,,,,,,,,,,,,,,,,,,,,,,FALSE,,,,,,,,,,,,,,,0,0,,,,
EOH1884,FALSE,Less than 1yr data available,27/08/2021 13:38,18/08/2022 23:58,356.43,31/08/2021 00:00,18/08/2022 23:56,353,,,,,,,,,,,,,,,,,,,,,,,,,cleaned,,,,,,,,,,,,,,,,,FALSE,07/01/2022 00:00,2.501,0.91,2.7,-0.7,21.18,22.28,19.19,8.87,22.19,0,0,1.5,0,1,1,,,1,1
EOH1885,FALSE,Less than 1yr data available,16/09/2021 12:08,01/09/2022 23:58,350.49,16/09/2021 12:10,01/09/2022 23:56,350.49,,,,,,,,,,,,,,,,,,,,,,,,,cleaned,,,,,,,,,,,,,,,,,TRUE,28/11/2021 00:00,2.802,-1.57,-0.3,-4,20.2,21,19.57,45.76,128.22,0,0,0.93,,1,1,1,,1,
EOH1886,FALSE,Less than 1yr data available,02/07/2021 13:46,30/06/2022 23:58,363.43,12/07/2021 14:42,30/06/2022 23:56,353.38,,,,,,,,,,,,,,,,,,,,,,,,,cleaned,,,,,,,,,,,,,,,,,TRUE,28/11/2021 00:00,2.331,0.35,3.2,-2.78,17.45,18.9,16.66,68.73,160.23,0,0,3.82,,1,1,1,,1,
EOH1888,TRUE,,05/08/2021 11:30,29/09/2023 00:00,784.52,05/08/2021 11:32,28/09/2023 23:58,784.52,24/08/2021,24/08/2022,2,0.002,3.493,3.408,3.142,1716.75,5339.27,54.23,0,134.07,,-0.317,-8.31,1.09,35.6,36.44,32.8,36.18,33.53,62,FALSE,0,cleaned,0.998,0.998,0.998,,0.998,,409,3.554,0.031,3.563,3.51,0.05,3.534,3.244,0.051,3.273,TRUE,13/12/2022 00:00,1.961,-6.42,-2.6,-8.37,14.67,15.43,13.72,26.97,52.89,0,0,1.22,,1,1,1,,1,
EOH1891,TRUE,,05/08/2021 12:30,17/12/2022 05:08,498.69,05/08/2021 12:32,17/12/2022 05:06,498.69,09/09/2021,09/09/2022,2,0.079,3.288,3.267,3.178,2865.67,9079.48,26.55,0,78.14,,-0.852,-20.57,1.26,35.26,39.46,32.1,37.25,33.83,61.31,FALSE,0,cleaned,0.949,0.949,0.949,,0.949,,110,3.278,0.02,3.287,3.252,0.028,3.263,3.164,0.025,3.174,TRUE,13/12/2022 00:00,2.363,-6.42,-2.6,-8.37,,,,33.66,76.93,2.6,0,0.53,,1,1,1,,1,
EOH1893,TRUE,,30/03/2021 10:36,29/09/2023 00:00,912.56,30/03/2021 10:38,28/09/2023 23:58,912.56,08/06/2021,08/06/2022,2,0,3.585,3.585,3.584,2797.91,10028.18,0,0,0.7,,-0.065,-1.78,1.02,36.87,40.33,31.74,38.98,33.93,77.49,TRUE,0.01991,cleaned,0.999,0.999,,,0.999,,470,3.597,0.019,3.595,3.597,0.019,3.595,3.597,0.019,3.595,TRUE,13/12/2022 00:00,2.659,-1.35,1.62,-4.46,20.93,21.35,19.6,32.01,85.11,0,0,0,,1,1,,,1,
EOH1904,TRUE,,12/05/2021 12:04,29/09/2023 00:00,869.5,12/05/2021 12:06,28/09/2023 23:58,869.49,03/07/2022,03/07/2023,1,0.002,3.383,3.361,3.265,6599.97,21486.32,60.12,0,188.5,,-0.277,-7.57,1.08,41.38,42.13,37.47,42.01,38.06,59.95,FALSE,0,cleaned,0.998,0.998,0.998,,0.998,,390,3.576,0.192,3.537,3.551,0.189,3.512,3.424,0.161,3.388,TRUE,15/12/2022 00:00,2.344,-4.15,-1.65,-7.51,,,,77.97,182.71,0,0,1.36,,1,1,1,,1,
EOH1908,FALSE,SPF outside threshold,21/07/2021 00:54,28/09/2023 23:58,799.96,21/07/2021 00:54,28/09/2023 23:56,799.96,13/03/2022,13/03/2023,5,3.687,0.515,0.515,0.515,493.35,253.99,0,0,0,-2194.81,,,,33.71,33.71,28.91,26.65,23.69,59.78,FALSE,0,cleaned,0.795,0.795,,,0.795,0.091,0,,,,,,,,,,FALSE,16/12/2022 00:00,1.777,-2.57,2.68,-5.96,16.22,20.44,13.31,1.48,2.63,0,0,0,,1,1,,,1,
EOH1912,TRUE,,23/09/2021 12:24,24/09/2023 13:12,731.03,23/09/2021 12:26,24/09/2023 13:10,731.03,26/08/2022,26/08/2023,1,0,2.716,2.564,2.505,2914.59,7046.78,253.25,0,67.06,,,,,33.83,38.55,30.6,37.24,32.45,68.05,TRUE,0.00013,cleaned,0.999,0.999,0.999,,0.999,,362,2.596,0.1,2.62,2.502,0.064,2.533,2.439,0.067,2.471,FALSE,13/12/2022 00:00,2.203,-6.42,-2.6,-8.37,18,19.98,15.84,26.51,58.41,0,0,0.65,,1,1,1,,1,
EOH1918,TRUE,,25/08/2021 13:30,28/09/2023 23:58,764.44,25/08/2021 13:32,28/09/2023 23:56,764.43,02/09/2022,02/09/2023,1,0.027,1.972,1.972,1.941,6533.78,12682.67,0,0,102.72,,-1.678,-45.97,1.85,61.74,60.61,58.9,60.43,57.62,77.02,TRUE,0.34282,cleaned,0.972,0.972,,,0.972,,328,2.065,0.101,2.071,2.065,0.101,2.071,2.03,0.096,2.035,TRUE,21/01/2023 00:00,1.46,-2.86,-0.67,-6.09,15.38,15.87,14.9,44.9,65.54,0,0,0.56,,1,1,,,1,
EOH1925,TRUE,,23/09/2021 10:00,19/09/2023 08:38,725.94,23/09/2021 10:02,19/09/2023 08:36,725.94,15/06/2022,15/06/2023,0,0,2.665,2.665,2.636,4215.07,11112.75,0,0,44.58,,-1.105,-29.32,1.41,47.51,48.41,40.96,48.36,43.47,64.94,TRUE,0.00009,cleaned,0.999,0.999,,,0.999,,355,2.672,0.012,2.671,2.672,0.012,2.671,2.644,0.012,2.643,TRUE,13/12/2022 00:00,2.245,-5.52,-2.97,-7.94,19.13,21.15,16.96,39.6,88.91,0,0,0.56,,1,1,,,1,
EOH1927,FALSE,Less than 1yr data available,10/06/2021 08:30,01/06/2022 23:58,356.64,10/06/2021 08:32,01/06/2022 23:56,356.64,,,,,,,,,,,,,,,,,,,,,,,,,cleaned,,,,,,,,,,,,,,,,,FALSE,28/11/2021 00:00,3.525,0.35,3.2,-2.78,19.57,20.52,18.19,30.46,107.4,0,0,0.6,,1,1,1,,1,
EOH1934,TRUE,,13/08/2021 07:04,29/09/2023 00:00,776.71,26/08/2021 13:24,28/09/2023 23:58,763.44,10/07/2022,10/07/2023,2,0.002,2.735,2.706,2.656,2417.91,6383.73,39.43,0,43.97,,-0.925,-25.29,1.34,35.66,42.91,33.14,39.85,35.98,61.12,FALSE,0,cleaned,0.997,0.997,0.997,,0.997,,394,2.842,0.122,2.78,2.809,0.117,2.747,2.764,0.119,2.707,TRUE,13/12/2022 00:00,2.327,-1.35,1.62,-4.46,16.89,17.9,15.58,31.88,73.16,1.04,0,0.34,,1,1,1,,1,
EOH1935,TRUE,,27/01/2021 17:00,28/09/2023 23:58,974.29,27/01/2021 17:00,28/09/2023 23:56,974.29,01/08/2021,01/08/2022,3.3,0.29,1.804,1.804,1.804,1318.83,2378.65,0,0,0,5550.78,-1.266,-41.25,1.7,43.09,43.09,35.53,43.5,36.94,63.64,TRUE,0.00006,cleaned,0.99,0.99,,,0.99,0.979,472,1.931,0.403,1.845,1.931,0.403,1.845,1.931,0.403,1.845,FALSE,08/03/2023 00:00,0.002,-1.89,2.66,-6.82,20.3,22.62,18.62,1.81,0,0,0,0,49.95,1,1,,,1,1
EOH1940,FALSE,SPF outside threshold,28/01/2021 15:22,28/09/2023 23:58,973.36,28/01/2021 15:24,28/09/2023 23:56,973.36,13/06/2021,13/06/2022,3.3,2.474,0.663,0.663,0.461,301.04,138.69,0,0,91.97,8427.11,,,,55.17,55.17,54,57.21,56.92,70.2,TRUE,0.01462,cleaned,0.999,0.999,,,0.999,0.998,431,0.447,0.218,0.551,0.447,0.218,0.551,0.329,0.161,0.425,FALSE,13/12/2022 00:00,0.001,-5.52,-2.97,-7.94,,,,3.54,0,0,0,1.55,88.51,1,1,,,1,1
EOH1942,TRUE,,27/08/2021 11:54,28/09/2023 23:58,762.5,27/08/2021 11:54,28/09/2023 23:56,762.5,22/07/2022,22/07/2023,2,0.028,3.187,3.187,3.187,3612.9,11515.97,0,0,0,,-0.463,-12.67,1.15,36.9,40.08,32.3,39.49,34.65,74.99,TRUE,0.00008,cleaned,0.971,0.971,,,0.971,,356,3.167,0.025,3.176,3.167,0.025,3.176,3.167,0.025,3.176,TRUE,13/12/2022 00:00,2.455,-1.35,1.62,-4.46,16.51,18.31,14.32,40.89,100.39,0,0,0,,1,1,,,1,
EOH1944,TRUE,,11/06/2021 09:12,02/12/2022 21:24,539.51,11/06/2021 09:14,02/12/2022 21:22,539.51,17/07/2021,17/07/2022,2,0.116,3.319,3.259,3.259,3587.37,11598.45,92.53,0,0,,-0.491,-12.89,1.15,35.16,37.69,31.99,35.92,32.64,61.39,FALSE,0,cleaned,0.934,0.934,0.934,,0.934,,141,3.304,0.016,3.312,3.244,0.016,3.252,3.244,0.016,3.252,TRUE,29/11/2021 00:00,2.612,0.03,4.89,-2.5,16.8,18.11,15.33,29.9,78.08,0,0,0,,1,1,1,,1,
EOH1947,TRUE,,08/06/2021 11:46,20/09/2023 16:48,834.21,08/06/2021 11:48,20/09/2023 16:46,834.21,26/08/2022,26/08/2023,3,0.334,2.849,2.79,2.649,3085.65,8080.5,93.46,0,155.47,,-0.281,-8.99,1.1,38.61,40.39,35.19,39.57,36.25,56.37,FALSE,0,cleaned,0.868,0.868,0.868,,0.868,,418,2.82,0.021,2.818,2.627,0.076,2.587,2.516,0.063,2.483,TRUE,13/12/2022 00:00,2.244,-5.52,-2.97,-7.94,16.85,17.68,16.38,32.36,66.44,6.18,0,0.91,,1,1,1,,1,
EOH1953,TRUE,,05/03/2021 14:04,28/09/2023 23:58,937.41,05/03/2021 14:08,28/09/2023 23:58,937.41,31/01/2022,31/01/2023,3.3,1.389,1.823,1.823,1.622,715.96,1161.04,0,0,78.93,3458.84,-1.137,-38.43,1.62,30.08,30.08,27.89,29.39,27.49,48.6,FALSE,0,cleaned,0.999,0.997,,,0.999,0.991,401,1.92,0.395,1.744,1.92,0.395,1.744,1.73,0.407,1.551,FALSE,13/12/2022 00:00,0.874,-5.52,-2.97,-7.94,,,,6.94,6.06,0,0,1.19,57.18,1,1,,,1,1
EOH1954,TRUE,,24/08/2021 09:10,15/06/2023 16:48,660.32,24/08/2021 09:12,15/06/2023 16:46,660.32,03/02/2022,03/02/2023,3,0.523,2.969,2.919,2.796,3548.26,9837.44,84.87,0,149.53,,-0.401,-11.91,1.14,43.18,45.59,38.78,45.41,40.63,63.38,FALSE,0,cleaned,0.823,0.823,0.823,,0.823,,227,3.012,0.09,2.983,2.961,0.086,2.933,2.834,0.077,2.809,TRUE,13/12/2022 00:00,1.939,-6.42,-2.6,-8.37,,,,42.38,81.35,0.82,0,0.9,,1,1,1,,1,
EOH1960,TRUE,,21/09/2021 07:34,29/09/2023 00:00,737.68,21/09/2021 07:34,28/09/2023 23:58,737.68,29/07/2022,29/07/2023,0,0,3.89,3.89,3.775,2676.99,10105.69,0,0,78.79,,-0.03,-0.78,1.01,31.08,36.07,29.12,34.16,31.98,73.54,TRUE,0.00014,cleaned,0.999,0.999,,,0.999,,370,3.874,0.02,3.876,3.874,0.02,3.876,3.761,0.02,3.765,TRUE,13/12/2022 00:00,2.778,-7.3,-5.2,-10.29,17.4,18.11,16.96,41.93,116.5,0,0,0.84,,1,1,,,1,
EOH1965,TRUE,,24/09/2021 11:04,01/09/2023 08:14,706.88,24/09/2021 11:06,01/09/2023 08:12,706.88,26/09/2021,26/09/2022,3,0.73,2.717,2.708,2.601,5848.86,15185.83,6.35,22.04,230.86,,-0.373,-12.08,1.14,48.29,52.11,40.25,51.12,44.21,66.89,TRUE,0.00748,cleaned,0.733,0.733,0.733,0.733,0.733,,152,2.896,0.045,2.916,2.874,0.043,2.895,2.746,0.037,2.763,TRUE,16/01/2023 00:00,2.358,-2.4,0.27,-5.71,19.17,20.07,17.77,51.58,121.57,0.04,0,1.77,,1,1,1,1,1,
EOH1970,FALSE,Less than 1yr usable data,12/05/2021 15:46,28/09/2023 23:58,869.34,12/05/2021 15:48,28/09/2023 23:56,869.34,,,,,,,,,,,,,,,,,,,,,,,,,cleaned,,,,,,,,,,,,,,,,,FALSE,13/12/2022 00:00,22.681,-5.52,-2.97,-7.94,20.72,22.26,19.1,3.08,69.9,0,0,1.32,69.11,1,1,,,1,1
EOH1977,TRUE,,19/02/2021 19:02,29/09/2023 00:00,951.21,19/02/2021 19:04,28/09/2023 23:58,951.2,11/03/2021,11/03/2022,2,0.01,2.941,2.895,2.895,5095.66,14634.71,119.33,0,0,,-0.479,-14.01,1.16,37.74,39.33,34.35,37.11,33.49,60.91,FALSE,0,cleaned,0.992,0.988,0.992,,0.992,,162,2.822,0.067,2.788,2.782,0.065,2.75,2.782,0.065,2.75,FALSE,17/01/2023 00:00,,-2.27,0.11,-4.29,17.44,17.97,17.14,35.34,100.03,,0,0,,1,1,0.241,,1,
EOH1980,TRUE,,26/01/2021 17:20,15/06/2023 16:52,869.98,07/07/2021 00:00,15/06/2023 16:50,708.7,13/12/2021,13/12/2022,3,0.447,3.033,3.033,2.99,6729.8,20124.54,0,0,93.6,3390.32,,,,46.94,46.94,43.43,47.25,43.53,59.8,FALSE,0,cleaned,0.848,0.848,,,0.848,0.848,130,3.041,0.018,3.038,3.041,0.018,3.038,2.998,0.017,2.995,FALSE,13/12/2022 00:00,2.249,-6.42,-2.6,-8.37,18.5,20.56,16.18,43.47,97.74,0,0,0.42,33.89,1,1,,,1,1
EOH1985,TRUE,,16/11/2021 09:52,20/08/2023 23:58,642.59,16/11/2021 09:52,20/08/2023 23:56,642.59,11/07/2022,11/07/2023,2,0.008,2.751,2.751,2.74,1871.5,5127.26,0,0,7.55,,-0.899,-24.64,1.33,44.7,47.5,37.84,46.43,40.42,72.32,TRUE,0.0068,cleaned,0.992,0.992,,,0.992,,267,2.772,0.018,2.775,2.772,0.018,2.775,2.759,0.016,2.761,TRUE,13/12/2022 00:00,2.115,-1.35,1.62,-4.46,20.36,21.74,18.85,22.23,47.03,0,0,0.17,,1,1,,,1,
EOH1986,FALSE,Less than 1yr usable data,24/11/2021 15:14,05/09/2023 08:16,649.71,24/11/2021 15:14,05/09/2023 08:14,649.71,,,,,,,,,,,,,,,,,,,,,,,,,cleaned,,,,,,,,,,,,,,,,,TRUE,13/12/2022 00:00,2.666,-5.52,-2.97,-7.94,17.64,19.62,15.4,38.63,102.98,0,0,0,,1,1,,,1,
EOH1988,TRUE,,08/11/2021 13:14,14/09/2023 23:58,675.45,08/11/2021 13:14,14/09/2023 23:58,675.45,14/12/2021,14/12/2022,2,0.08,2.709,2.683,2.683,4087.93,10908.04,26.8,33.94,0,,-0.701,-20.57,1.26,44.95,47.58,38.99,47.24,41.3,69.84,TRUE,0.00297,cleaned,0.958,0.958,0.958,0.958,0.958,,125,2.65,0.057,2.628,2.618,0.062,2.593,2.618,0.062,2.593,TRUE,13/12/2022 00:00,2.362,-5.52,-2.97,-7.94,18.51,20.02,17.15,39.6,87.14,0.18,6.23,0,,1,1,1,0.999,1,
EOH1993,TRUE,,09/09/2021 12:48,01/08/2023 00:00,690.47,09/09/2021 12:50,31/07/2023 23:58,690.46,17/10/2021,17/10/2022,2,0.002,2.999,2.999,2.946,3849.74,11342.39,0,0,67.29,,-0.771,-20.46,1.26,44.6,43.67,40.56,45.04,41.37,69.32,TRUE,0.00071,cleaned,0.997,0.997,,,0.997,,311,3.173,0.126,3.203,3.173,0.126,3.203,3.098,0.108,3.127,TRUE,13/12/2022 00:00,2.139,-5.52,-2.97,-7.94,,,,48.06,102.82,0,0,0.69,,1,1,,,1,
EOH1997,TRUE,,01/12/2021 12:44,29/09/2023 00:00,666.47,01/12/2021 12:44,28/09/2023 23:58,666.47,15/03/2022,15/03/2023,2,0.005,2.717,2.717,2.714,7216.88,19583.29,0,0,9.03,,-1.863,-40.68,1.69,51.99,51.27,49.41,51.34,48.58,75,TRUE,0.00097,cleaned,0.996,0.996,,,0.996,,288,2.728,0.014,2.722,2.728,0.014,2.722,2.725,0.014,2.719,TRUE,13/12/2022 00:00,2.102,-5.52,-2.97,-7.94,29.75,31.21,26.78,79.62,167.37,0,0,0.09,,1,1,,,1,
EOH1999,FALSE,Less than 1yr usable data,17/05/2021 13:44,25/09/2023 16:12,861.1,17/05/2021 13:46,25/09/2023 16:12,861.1,,,,,,,,,,,,,,,,,,,,,,,,,sensor swaps not checked,,,,,,,,,,,,,,,,,FALSE,13/12/2022 00:00,0.197,-5.52,-2.97,-7.94,18.11,20.83,15.78,1.68,0.33,0,0,1.49,53.51,1,1,,,1,1
EOH2003,FALSE,SPF outside threshold,18/02/2021 15:30,19/09/2023 15:36,943,18/02/2021 15:34,19/09/2023 15:34,943,18/01/2022,18/01/2023,4,2.459,5.95,5.95,5.603,1948.78,10919.34,0,0,113.47,6601.63,,,,45.84,45.84,37.74,49.25,40.6,71.62,TRUE,0.02546,cleaned,0.231,0.231,,,0.231,0.23,64,6.228,0.141,6.226,6.228,0.141,6.226,5.851,0.129,5.85,FALSE,16/01/2023 00:00,9.29,-2.4,0.27,-5.71,21.26,23.04,17.74,8.06,74.83,0,0,1.44,67.01,1,1,,,1,0.994
EOH2004,TRUE,,24/11/2021 11:34,26/09/2023 09:10,670.9,24/11/2021 11:36,26/09/2023 09:08,670.9,25/11/2021,25/11/2022,3.3,1.602,1.711,1.711,1.711,604.24,1033.64,0,0,0,4582.12,,,,41.75,41.75,36.67,45.18,39.35,62.1,FALSE,0,cleaned,0.997,0.997,,,0.997,0.997,301,1.089,0.326,0.969,1.089,0.326,0.969,1.089,0.326,0.969,FALSE,13/12/2022 00:00,1.351,-5.52,-2.97,-7.94,14.38,18.2,10.9,1.64,2.21,0,0,0,43.26,1,1,,,1,1
EOH2005,TRUE,,26/03/2021 17:44,31/03/2022 23:58,370.26,27/03/2021 00:00,31/03/2022 23:56,370,30/03/2021,30/03/2022,3.1,0.013,2.508,2.508,2.324,1661.78,3862.65,0,0,121.44,6591.97,-0.452,-15.28,1.18,44.56,44.56,39.62,45.36,41.28,66.88,TRUE,0.00049,cleaned,0.988,0.988,,,0.988,0.964,5,2.512,0.006,2.51,2.512,0.006,2.51,2.329,0.007,2.327,FALSE,04/01/2022 00:00,1.303,-0.99,0.59,-3.3,15.26,15.89,14.54,6.26,8.16,0,0,1.45,59.68,1,1,,,1,0.987
EOH2007,TRUE,,16/08/2021 19:02,28/09/2023 23:58,773.21,16/08/2021 19:04,28/09/2023 23:56,773.2,24/08/2021,24/08/2022,1,0.001,3.682,3.604,3.332,2530.27,8362.21,68.03,0,191.4,,-0.128,-3.35,1.03,33.5,36.14,30.22,35.02,31.35,64.24,FALSE,0,cleaned,0.998,0.998,0.998,,0.998,,393,3.632,0.048,3.602,3.573,0.043,3.548,3.344,0.017,3.34,TRUE,13/12/2022 00:00,2.593,-6.42,-2.6,-8.37,17.59,18.91,16.34,30.47,79.01,0,0,1.14,,1,1,1,,1,
EOH2011,TRUE,,10/06/2021 11:58,28/09/2023 23:58,840.5,10/06/2021 12:00,28/09/2023 23:56,840.5,17/07/2021,17/07/2022,2,0.07,3.185,3.185,3.047,3355.57,10226.01,0,0,144.57,,-0.205,-6.06,1.06,40.22,41.18,37.74,41.28,38.4,63.17,FALSE,0,cleaned,0.952,0.952,,,0.952,,363,3.19,0.018,3.186,3.19,0.018,3.186,3.039,0.011,3.04,TRUE,13/12/2022 00:00,2.324,-6.42,-2.6,-8.37,16.71,17.43,16.06,30.7,71.34,0,0,0.65,,1,1,,,1,
EOH2012,TRUE,,21/01/2021 16:32,28/09/2023 23:58,980.31,27/01/2021 00:00,28/09/2023 23:58,975,08/09/2022,08/09/2023,3.3,0.308,4.119,4.119,4.119,2284.72,9410.36,0,0,0,3493.71,,,,42.11,42.11,35.96,47.07,40.23,80,TRUE,0.04018,cleaned,0.999,0.999,,,0.999,0.859,603,4.511,0.302,4.664,4.511,0.302,4.664,4.511,0.302,4.664,FALSE,13/12/2022 00:00,46.148,-5.52,-2.97,-7.94,,,,1.88,86.57,0,0,0,86.28,1,1,,,1,1
EOH2017,TRUE,,15/07/2021 13:26,01/09/2023 13:12,777.99,15/07/2021 13:28,01/09/2023 13:10,777.99,16/09/2021,16/09/2022,3,0.225,3.356,3.356,3.088,3649.53,11271.32,0,0,290.73,1.81,-0.854,-20.29,1.25,40.69,40.69,39.14,42.02,40.25,53.03,FALSE,0,cleaned,0.924,0.924,,,0.924,0.924,226,3.294,0.064,3.266,3.294,0.064,3.266,3.019,0.07,2.984,FALSE,28/11/2021 00:00,2.483,0.35,3.2,-2.78,17.73,18.24,17.14,42.48,105.46,0,0,1.54,0,0.999,0.999,,,1,1
EOH2021,FALSE,Less than 1yr usable data,02/09/2021 15:46,02/09/2022 23:58,365.34,03/09/2021 00:00,02/09/2022 23:56,365,,,,,,,,,,,,,,,,,,,,,,,,,cleaned,,,,,,,,,,,,,,,,,TRUE,28/11/2021 00:00,2.623,0.35,3.2,-2.78,24.54,25.09,24.06,20.64,54.14,0,0,0.84,,1,1,1,,1,
EOH2022,FALSE,SPF outside threshold,19/03/2021 15:06,26/03/2022 13:06,371.92,19/03/2021 15:08,26/03/2022 13:04,371.91,20/03/2021,20/03/2022,4,2.481,1.407,1.407,1.125,434.16,488.23,0,0,87.12,5241.19,,,,35.13,35.13,33.19,27.88,27.33,58.38,FALSE,0,cleaned,0.82,0.82,,,0.82,0.815,0,,,,,,,,,,FALSE,04/01/2022 00:00,0.425,-0.99,0.59,-3.3,17.93,18.65,17.2,1.09,0.47,0,0,0.4,39.97,1,1,,,1,1
EOH2024,TRUE,,15/01/2021 13:02,20/04/2023 07:08,824.75,02/04/2021 00:00,20/04/2023 07:06,748.3,08/05/2021,08/05/2022,0,0,2.917,2.917,2.917,4323.25,12611.09,0,0,0,,,,,40.94,43.59,36.39,42.72,38.47,65.81,TRUE,0.00002,cleaned,1,1,,,1,,384,2.935,0.015,2.932,2.935,0.015,2.932,2.935,0.015,2.932,TRUE,13/12/2022 00:00,2.327,-6.42,-2.6,-8.37,16.43,17.56,15.31,40.25,93.65,0,0,0,,1,1,,,1,
EOH2025,TRUE,,10/06/2021 13:16,28/09/2023 23:58,840.45,10/06/2021 13:18,28/09/2023 23:56,840.44,09/11/2021,09/11/2022,1,0.001,2.9,2.839,2.735,2224.54,6015.88,68.2,0,81.74,,-1.17,-28.75,1.4,32.23,36.39,30.2,33.72,31.68,60.15,FALSE,0,cleaned,0.998,0.998,0.998,,0.998,,427,2.863,0.035,2.878,2.816,0.034,2.835,2.712,0.032,2.729,TRUE,17/01/2023 00:00,2.041,-2.27,0.11,-4.29,,,,27.07,55.27,0,0,0.92,,1,1,1,,1,
EOH2028,FALSE,Less than 1yr data available,27/11/2020 03:50,17/09/2021 23:58,294.84,27/11/2020 03:50,17/09/2021 23:56,294.84,,,,,,,,,,,,,,,,,,,,,,,,,sensor swaps not checked,,,,,,,,,,,,,,,,,FALSE,29/11/2020 00:02,,1.92,7.93,-0.7,22.39,22.75,21,,120.87,0,0,,,0.989,0.989,,,0.989,
EOH2034,TRUE,,07/04/2021 16:00,28/09/2023 23:58,904.33,08/04/2021 00:00,28/09/2023 23:56,904,28/09/2022,28/09/2023,3.3,0.312,2.515,2.411,2.256,1564.49,3428.66,100.75,0,100.62,,-1.055,-29.54,1.42,27.53,29.21,25.92,28.14,26.56,55.28,FALSE,0,cleaned,0.986,0.986,0.986,,0.986,,531,1.763,0.723,1.987,1.692,0.658,1.804,1.604,0.601,1.718,TRUE,13/12/2022 00:00,2.29,-5.52,-2.97,-7.94,17.71,18.12,17.36,18.1,39.35,2.08,0,0.72,,1,1,1,,1,
EOH2035,TRUE,,30/07/2021 15:28,20/10/2022 08:12,446.7,08/08/2021 00:00,20/10/2022 08:10,438.34,19/10/2021,19/10/2022,2,0.006,2.683,2.622,2.542,1499.58,3758.16,53.09,0,45.83,,,,,46.64,57.37,42.29,53.52,49.81,68.58,TRUE,0.01635,cleaned,0.992,0.992,0.992,,0.992,,73,2.575,0.084,2.577,2.518,0.081,2.519,2.439,0.079,2.441,FALSE,29/11/2021 00:00,2.884,0.03,4.89,-2.5,24.27,26.11,22.9,9.24,26.5,0.14,0,0.37,,1,1,1,,1,
EOH2036,TRUE,,16/11/2021 14:16,27/07/2023 17:22,618.13,03/02/2022 00:00,27/07/2023 17:20,539.72,20/06/2022,20/06/2023,2,0.05,2.496,2.496,2.478,2751.13,6818.26,0,0,19.44,,-1.414,-36.16,1.57,45.04,45.93,42.48,45.5,42.74,54.87,FALSE,0,cleaned,0.969,0.969,,,0.969,,143,2.489,0.009,2.488,2.489,0.009,2.488,2.471,0.009,2.47,TRUE,13/12/2022 00:00,2.089,-5.52,-2.97,-7.94,20.41,22.7,19.43,20.2,42.21,0,0,0.15,,1,1,,,1,
EOH2038,TRUE,,17/09/2021 08:48,28/09/2023 23:58,741.63,17/09/2021 08:50,28/09/2023 23:56,741.63,03/05/2022,03/05/2023,1,0.006,2.989,2.936,2.786,5001.9,13807.77,126.25,0,256.09,,-0.521,-14.84,1.17,41.89,43.26,38.14,42.44,38.47,61.33,FALSE,0,cleaned,0.993,0.993,0.993,,0.993,,166,2.988,0.002,2.987,2.936,0.003,2.936,2.785,0.002,2.785,TRUE,13/12/2022 00:00,1.846,-6.42,-2.6,-8.37,15.87,17.72,13.58,78.74,145.33,0,0,1.75,,1,1,1,,1,
EOH2039,FALSE,Quality score outside threshold,01/03/2022 15:48,28/09/2023 23:58,576.34,01/03/2022 15:48,28/09/2023 23:56,576.34,18/07/2022,18/07/2023,4,0.524,3.581,3.581,3.581,1886.84,6757.67,0,0,0,2307.22,,,,37.48,37.48,32.67,37.74,33.18,52.34,FALSE,0,cleaned,0.93,0.93,,,0.93,0.781,0,,,,,,,,,,FALSE,15/12/2022 00:00,6.06,-2.04,1.2,-4.58,21.31,22.55,20.21,5.84,35.38,0,0,0,50.27,1,1,,,1,0.597
EOH2045,TRUE,,30/03/2021 14:26,25/09/2023 10:18,908.83,30/03/2021 14:28,25/09/2023 10:16,908.83,17/07/2022,17/07/2023,3.3,0.831,2.054,2.054,1.806,1155.57,2087.16,0,0,139.57,6417.98,,,,40.11,40.11,37.23,41.51,39.26,57.28,FALSE,0,cleaned,0.999,0.999,,,0.999,0.999,502,1.987,0.046,1.965,1.987,0.046,1.965,1.757,0.037,1.755,FALSE,13/12/2022 00:00,0.171,-5.52,-2.97,-7.94,,,,3.33,0.57,0,0,1.44,103.92,1,1,,,1,1
EOH2049,TRUE,,09/12/2020 16:34,21/07/2023 18:16,954.07,09/12/2020 16:36,21/07/2023 18:14,954.07,30/07/2021,30/07/2022,2,0,2.385,2.337,2.165,5082.02,10840.3,163.19,0,373.48,,-0.995,-29.44,1.42,36.31,38.8,32.34,37.91,33.91,57.91,FALSE,0,cleaned,0.999,0.999,0.999,,0.999,,492,2.517,0.152,2.462,2.399,0.145,2.384,2.231,0.148,2.213,TRUE,13/12/2022 00:00,1.834,-5.52,-2.97,-7.94,,,,57.81,100,6.01,0,2.26,,1,1,1,,1,
EOH2052,TRUE,,20/08/2021 18:44,29/09/2023 00:00,769.22,20/08/2021 18:46,28/09/2023 23:58,769.22,21/02/2022,21/02/2023,3,0.624,2.781,2.781,2.67,2473.25,6603.51,0,0,98.54,,-1.129,-28.88,1.41,38.61,40.79,34.84,37.07,33.94,64.85,FALSE,0,cleaned,0.791,0.791,,,0.791,,232,2.769,0.057,2.721,2.769,0.057,2.721,2.656,0.051,2.612,TRUE,28/11/2021 00:00,1.325,0.35,3.2,-2.78,18.01,18.19,17.66,27.75,36.77,0,0,1.15,,1,1,,,1,
EOH2056,TRUE,,26/06/2021 13:24,09/09/2023 21:08,805.32,29/06/2021 00:00,09/09/2023 21:06,802.88,30/08/2022,30/08/2023,3.3,0.824,2.076,2.076,1.794,744.7,1335.88,0,0,101.17,4297,-0.884,-29.87,1.43,38.67,38.67,35.01,38.84,35.46,57.59,FALSE,0,cleaned,0.979,0.979,,,0.979,0.962,23,2.065,0.054,2.076,2.065,0.054,2.076,1.786,0.038,1.794,FALSE,13/12/2022 00:00,0.059,-5.52,-2.97,-7.94,18.77,20.4,17.42,3.24,0.19,0,0,1.41,96.88,1,1,,,1,1
EOH2058,TRUE,,25/02/2021 15:56,04/03/2023 15:26,736.98,25/02/2021 16:00,04/03/2023 15:24,736.98,28/02/2021,28/02/2022,3.3,0.56,2.051,2.051,1.581,1443.65,2282.89,0,0,330.74,4857.33,-1.019,-33.18,1.5,39.4,39.4,34.55,37.17,33.9,55.57,FALSE,0,cleaned,1,0.999,,,1,0.97,150,1.903,0.081,1.883,1.903,0.081,1.883,1.424,0.085,1.405,FALSE,22/12/2021 00:00,1.627,-0.14,1.99,-2.3,18.08,19.23,17.1,7.01,11.41,0,0,1.25,40.45,1,1,,,1,0.979
EOH2061,FALSE,Less than 1yr data available,12/10/2021 14:02,28/06/2022 11:38,258.9,12/10/2021 14:04,28/06/2022 11:36,258.9,,,,,,,,,,,,,,,,,,,,,,,,,cleaned,,,,,,,,,,,,,,,,,TRUE,22/12/2021 00:00,2.675,0.3,1.6,-0.4,18.56,19.1,17.8,30.31,81.1,0,0,0.56,,0.96,0.96,,,0.96,
EOH2066,FALSE,Quality score outside threshold,26/10/2021 14:58,26/02/2023 00:02,487.38,26/10/2021 14:58,26/02/2023 00:00,487.38,28/12/2021,28/12/2022,4,1.236,3.724,3.724,3.686,7953.18,29316.83,0,0,80.75,,,,,37.92,42.24,33.88,41.39,37.08,69.27,TRUE,0.00111,cleaned,0.586,0.586,,,0.586,,123,3.708,0.086,3.727,3.708,0.086,3.727,3.67,0.085,3.69,TRUE,13/12/2022 00:00,3.223,-6.42,-2.6,-8.37,15.38,17.69,13.61,66.18,213.3,0,0,0.34,,1,1,,,1,
EOH2070,FALSE,SPF outside threshold,14/05/2021 14:44,09/07/2023 23:58,786.38,16/05/2021 00:00,09/07/2023 23:56,785,25/04/2022,25/04/2023,3.3,1.865,8.494,8.494,7.669,1249.77,9584.31,0,0,121.39,9584.32,,,,41.88,41.88,34.75,43.19,36.73,76.52,TRUE,0.00076,cleaned,0.97,0.97,,,0.97,0.97,187,8.396,0.392,8.242,8.396,0.392,8.242,7.591,0.314,7.463,FALSE,12/12/2022 00:00,1.057,-4.58,-2.47,-7.85,18.56,18.81,18.3,0.16,0.17,0,0,0.07,0.17,1,1,,,1,1
EOH2074,TRUE,,28/08/2021 09:50,28/09/2023 23:58,761.59,28/08/2021 09:52,28/09/2023 23:56,761.59,24/06/2022,24/06/2023,1,0,3.513,3.025,2.026,1083.44,2054.39,140.91,0,357.71,,-0.417,-10.61,1.12,31.65,35.84,30.25,33.77,32.27,58.89,FALSE,0,cleaned,0.999,0.999,0.999,,0.999,,392,3.484,0.033,3.488,3.071,0.058,3.053,2.085,0.068,2.063,TRUE,13/12/2022 00:00,1.713,-6.42,-2.6,-8.37,19.13,23.98,18.33,10.11,17.25,0.07,0,3.94,,1,1,1,,1,
EOH2079,TRUE,,26/05/2021 10:00,29/09/2023 00:00,855.58,26/05/2021 10:02,28/09/2023 23:58,855.58,27/05/2021,27/05/2022,1,0.002,2.819,2.819,2.805,4465.87,12524.64,0,0,23.63,,-0.571,-16.83,1.2,45.19,46.6,42.11,47.81,44.48,73.68,TRUE,0.00036,cleaned,0.998,0.998,,,0.998,,473,2.872,0.069,2.833,2.872,0.069,2.833,2.856,0.067,2.818,TRUE,13/12/2022 00:00,2.088,-6.42,-2.6,-8.37,18.86,22.29,17.37,48.41,101.07,0,0,0.14,,1,1,,,1,
EOH2088,TRUE,,22/06/2021 14:50,29/12/2022 16:26,555.07,23/06/2021 00:00,29/12/2022 16:24,554.68,14/10/2021,14/10/2022,1,0.001,2.519,2.463,2.356,2695.22,6256.26,93.95,0,117.46,,-0.961,-27.62,1.38,30.14,32.94,27.57,32.78,29.9,56.43,FALSE,0,cleaned,0.998,0.998,0.998,,0.998,,190,2.524,0.029,2.537,2.466,0.031,2.481,2.359,0.031,2.374,TRUE,13/12/2022 00:00,1.965,-5.52,-2.97,-7.94,16.69,17.12,15.5,35.76,66.13,4.11,0,1.02,,1,1,1,,1,
EOH2089,TRUE,,10/08/2021 09:22,18/09/2023 15:52,769.27,11/08/2021 00:00,18/09/2023 15:50,768.66,14/09/2022,14/09/2023,3.1,0.044,2.784,2.784,2.59,1846.22,4780.85,0,0,128.96,7350.52,-0.176,-5.95,1.06,40.43,40.43,35.45,40.55,36.01,57.53,FALSE,0,cleaned,0.998,0.998,,,0.998,0.916,252,2.857,0.086,2.824,2.857,0.086,2.824,2.665,0.088,2.63,FALSE,13/12/2022 00:00,0.081,-5.52,-2.97,-7.94,20.31,20.64,19.98,3.27,0.27,0,0,1.39,125.26,1,1,,,1,1
EOH2094,FALSE,Quality score outside threshold,21/05/2021 11:54,29/09/2023 00:00,860.5,21/05/2021 11:56,28/09/2023 23:58,860.5,23/05/2021,23/05/2022,4,1.646,2.446,2.446,2.434,3694.4,8990.79,0,0,18.32,,,,,44.9,45.03,37.27,45.14,37.58,57.95,TRUE,0.00137,cleaned,0.635,0.635,,,0.635,,361,2.299,0.076,2.282,2.299,0.076,2.282,2.288,0.076,2.271,TRUE,13/12/2022 00:00,2.22,-5.52,-2.97,-7.94,16.22,17.99,14.49,56.01,124.36,0,0,0.39,,1,1,,,1,
EOH2097,TRUE,,16/06/2021 17:08,28/09/2023 23:58,834.28,16/06/2021 17:10,28/09/2023 23:56,834.28,08/08/2021,08/08/2022,2,0.07,2.938,2.878,2.698,5872.44,15673.24,171.01,0,366.38,,-0.212,-6.74,1.07,34.36,37,30.6,39.3,34.37,58.6,FALSE,0,cleaned,0.952,0.951,0.951,,0.951,,380,2.916,0.022,2.912,2.856,0.023,2.848,2.661,0.028,2.649,TRUE,13/12/2022 00:00,2.098,-5.52,-2.97,-7.94,20.02,20.31,19.59,63.34,121.29,11.63,0,1.53,,1,1,1,,1,
EOH2101,TRUE,,01/11/2020 00:00,24/09/2023 07:56,1057.33,01/11/2020 00:02,24/09/2023 07:54,1057.33,07/12/2020,07/12/2021,0,0,2.597,2.542,2.522,3380.79,8409.28,117.17,0,25.94,,-1.263,-32.71,1.49,43.81,44.26,40.7,43.76,40.71,61.91,FALSE,0,cleaned,1,1,0.999,,1,,676,2.533,0.048,2.542,2.477,0.05,2.491,2.46,0.049,2.474,TRUE,13/12/2022 00:00,2.098,-6.42,-2.6,-8.37,15.36,18.31,12.81,24.04,50.42,0,0,0.14,,1,1,1,,1,
EOH2116,FALSE,Less than 1yr usable data,06/08/2021 10:22,28/09/2023 23:58,783.57,07/02/2022 10:46,28/09/2023 23:56,598.55,,,,,,,,,,,,,,,,,,,,,,,,,cleaned,,,,,,,,,,,,,,,,,FALSE,13/12/2022 00:00,1.144,-5.52,-2.97,-7.94,,,,1.66,1.9,0,0,0.7,,1,1,,,1,
EOH2117,TRUE,,21/09/2021 10:32,01/02/2023 10:10,497.98,07/10/2021 00:00,01/02/2023 10:08,482.42,03/11/2021,03/11/2022,3.3,1.113,2.265,2.265,2.216,3864.85,8563.81,0,0,84.3,,-1.385,-37.94,1.61,45.16,47.05,38.21,48,41.23,71.64,TRUE,0.00199,cleaned,0.99,0.99,,,0.99,,115,2.035,0.262,2.131,2.035,0.262,2.131,1.989,0.257,2.083,FALSE,13/12/2022 00:00,0.404,-6.42,-2.6,-8.37,17.06,19.35,15.53,29.27,11.84,0,0,0.67,,1,1,,,1,
EOH2122,TRUE,,24/08/2021 12:16,24/07/2023 11:54,698.98,03/12/2021 00:00,24/07/2023 11:52,598.49,05/07/2022,05/07/2023,2,0.012,2.711,2.711,2.681,3948.07,10584.3,0,0,43.23,,-0.939,-25.74,1.35,45.4,47.42,39.62,44.99,39.48,72.64,TRUE,0.00035,cleaned,0.988,0.988,,,0.988,,234,2.72,0.01,2.719,2.72,0.01,2.719,2.69,0.01,2.689,TRUE,13/12/2022 00:00,2.351,-5.52,-2.97,-7.94,14.79,18.05,12.37,25.38,59.67,0,0,0.37,,1,1,,,1,
EOH2125,TRUE,,16/04/2021 16:04,29/09/2023 00:00,895.33,16/04/2021 16:06,28/09/2023 23:58,895.33,22/04/2021,22/04/2022,2,0.05,2.912,2.877,2.756,3836.42,10508.42,66.6,0,161.34,,-0.568,-16.32,1.19,43.42,44.99,37.38,44.7,39.36,57.21,FALSE,0,cleaned,0.972,0.972,0.973,,0.972,,469,2.761,0.074,2.73,2.753,0.064,2.73,2.63,0.067,2.6,TRUE,13/12/2022 00:00,2.421,-5.52,-2.97,-7.94,,,,29.3,70.92,0,0,1.22,,1,1,1,,1,
EOH2127,TRUE,,25/08/2021 15:30,28/09/2023 23:58,764.35,26/08/2021 00:00,28/09/2023 23:56,764,19/11/2021,19/11/2022,1,0.001,3.302,3.105,2.951,3078.61,8836.68,249.8,0,152.44,,-0.278,-7.77,1.08,31.87,36.71,29.46,34.9,32.28,63.13,FALSE,0,cleaned,0.998,0.998,0.998,,0.998,,384,3.229,0.049,3.206,3.104,0.036,3.098,2.949,0.033,2.942,TRUE,13/12/2022 00:00,2.201,-6.42,-2.6,-8.37,18.93,19.48,18.33,30.67,67.37,0.14,0,0.85,,1,1,1,,1,
EOH2128,TRUE,,21/04/2021 17:16,22/10/2022 11:32,548.76,21/04/2021 17:18,22/10/2022 11:30,548.76,25/04/2021,25/04/2022,3.3,0.56,2.523,2.502,2.413,4349.84,10438.99,56.31,0,155.5,,-0.867,-25.58,1.34,32.17,32.39,29.41,31.63,28.95,55.94,FALSE,0,cleaned,0.999,0.999,0.999,,0.999,,178,2.477,0.018,2.473,2.454,0.019,2.45,2.368,0.018,2.365,TRUE,04/01/2022 00:00,2.42,-0.99,0.59,-3.3,19.71,20.99,18.93,22.43,53.12,1.17,0,0.77,,1,1,1,,1,
EOH2133,TRUE,,25/01/2021 13:04,04/03/2022 00:04,402.46,25/01/2021 13:04,04/03/2022 00:02,402.46,28/02/2021,28/02/2022,0,0,2.829,2.77,2.593,2994.53,7673.39,91.02,0,191.53,,-0.751,-20.97,1.27,47.15,47.57,44.22,47.7,44.73,59.37,FALSE,0,cleaned,1,1,1,,1,,38,2.819,0.019,2.829,2.76,0.017,2.769,2.585,0.014,2.591,TRUE,11/02/2021 00:00,1.933,-7.07,-0.4,-11.9,23.5,24.62,22.62,34.63,65.13,1.8,0,1.18,,1,1,1,,1,
EOH2137,TRUE,,06/09/2021 10:42,29/09/2023 00:00,752.55,06/09/2021 10:44,28/09/2023 23:58,752.55,13/07/2022,13/07/2023,1,0,3.025,3.025,2.959,2649.79,7841.99,0,0,57.51,,-0.895,-22.83,1.3,41.81,45.09,38.64,44.77,41.3,76.36,TRUE,0.00067,cleaned,0.999,0.999,,,0.999,,386,3.076,0.058,3.044,3.076,0.058,3.044,3.007,0.055,2.976,TRUE,13/12/2022 00:00,2.164,-6.42,-2.6,-8.37,17.03,19.18,15.37,31.08,67.24,0,0,0.33,,1,1,,,1,
EOH2149,TRUE,,27/04/2021 11:34,29/09/2023 00:00,884.52,27/04/2021 11:36,28/09/2023 23:58,884.52,27/09/2021,27/09/2022,2,0.003,3.046,3.046,3.004,2083.82,6259.88,0,0,28.83,,-0.014,-0.45,1,39.19,43.22,37.14,42.68,40.47,73.57,TRUE,0.00021,cleaned,0.997,0.997,,,0.997,,454,2.956,0.063,2.937,2.956,0.063,2.937,2.921,0.056,2.905,TRUE,13/12/2022 00:00,2.338,-7.92,-2.77,-11.6,15.44,15.64,15.2,22.07,51.58,0,0,0.23,,1,1,,,1,
EOH2153,FALSE,Less than 1yr data available,26/10/2020 00:00,12/10/2021 23:58,352,26/10/2020 00:00,12/10/2021 23:56,352,,,,,,,,,,,,,,,,,,,,,,,,,cleaned,,,,,,,,,,,,,,,,,TRUE,11/02/2021 00:00,1.781,-5.92,0.9,-12.6,20.47,21.62,19.5,41.77,74.39,0,0,0,,1,1,1,,1,
EOH2155,FALSE,Quality score outside threshold,06/07/2021 16:28,14/09/2023 23:58,800.31,06/07/2021 16:32,14/09/2023 23:56,800.31,18/07/2021,18/07/2022,4,1.028,2.635,2.635,2.379,1166.04,2774.31,0,0,113.27,3905.24,,,,35.63,35.63,31.13,37.52,34.13,55.71,FALSE,0,cleaned,0.646,0.646,,,0.646,0.599,210,2.497,0.077,2.479,2.497,0.077,2.479,2.232,0.092,2.223,FALSE,13/12/2022 00:00,0.109,-5.52,-2.97,-7.94,13.61,15.01,12.48,3.25,0.36,0,0,1.44,55.97,1,1,,,1,1
EOH2163,TRUE,,12/08/2021 12:20,29/12/2022 16:28,504.17,12/08/2021 12:22,29/12/2022 16:26,504.17,13/08/2021,13/08/2022,3.3,0.916,2.303,2.303,2.283,3148.84,7188.81,0,0,27.08,,-1.467,-38.92,1.64,46.86,46.86,43.21,51.09,46.65,71.11,TRUE,0.01248,cleaned,0.94,0.935,,,0.94,,116,2.162,0.112,2.19,2.162,0.112,2.19,2.149,0.108,2.176,TRUE,13/12/2022 00:00,1.897,-5.52,-2.97,-7.94,13.78,14.22,13.36,31.64,60.02,0,0,0.08,,1,1,,,1,
EOH2166,TRUE,,16/04/2021 10:52,29/09/2023 00:00,895.55,16/04/2021 10:54,28/09/2023 23:58,895.54,27/05/2021,27/05/2022,0,0,2.616,2.548,2.548,2681.59,6717.28,114.18,0,0,,-0.734,-21.9,1.28,35.05,42.9,32.59,39.44,36.91,58.3,FALSE,0,cleaned,1,1,0.999,,1,,525,2.546,0.056,2.533,2.463,0.065,2.445,2.463,0.065,2.445,TRUE,17/01/2023 00:00,2.376,-4.13,-0.41,-7.27,,,,23.71,52.31,4.01,0,0,,1,1,1,,1,
EOH2167,TRUE,,23/04/2021 16:22,21/09/2023 16:10,880.99,23/04/2021 16:24,21/09/2023 16:08,880.99,24/04/2021,24/04/2022,3.1,0.005,2.983,2.983,2.831,2404.96,6808.78,0,0,122.25,2357.63,-0.037,-1.23,1.01,40.52,40.52,33.16,41.03,34.03,55.99,FALSE,0,cleaned,0.999,0.999,,,0.999,0.901,509,2.923,0.044,2.912,2.923,0.044,2.912,2.764,0.053,2.755,FALSE,13/12/2022 00:00,1.458,-5.52,-2.97,-7.94,20.89,23.62,18.29,7.24,10.56,0,0,1.07,62.62,1,1,,,1,0.996
EOH2168,TRUE,,13/05/2021 15:02,29/09/2023 00:00,868.37,12/07/2021 00:00,28/09/2023 23:58,809,01/08/2022,01/08/2023,2,0,2.672,2.672,2.661,4627.34,12313.9,0,0,18.13,,-1.248,-31.85,1.47,46.05,51.18,41.73,48.76,44.71,76.2,TRUE,0.01436,cleaned,0.999,0.999,,,0.999,,345,2.854,0.128,2.873,2.854,0.128,2.873,2.847,0.131,2.867,TRUE,13/12/2022 00:00,2.662,-6.42,-2.6,-8.37,14.21,17.51,12.94,30.11,80.14,0,0,0.25,,1,1,,,1,
EOH2177,TRUE,,21/05/2021 08:04,18/09/2023 15:44,850.32,21/05/2021 08:06,18/09/2023 15:42,850.32,06/10/2021,06/10/2022,1,0.001,2.983,2.917,2.741,5470.64,14823.41,170.71,0,330.11,,-0.217,-6.79,1.07,33.81,35.22,30.66,35.65,32.19,58.11,FALSE,0,cleaned,0.999,0.999,0.999,,0.999,,394,2.915,0.066,2.912,2.825,0.09,2.824,2.654,0.086,2.654,TRUE,13/12/2022 00:00,2.032,-5.52,-2.97,-7.94,17.41,18.26,16.42,63.92,126.4,3.49,0,2.32,,1,1,1,,1,
EOH2179,TRUE,,13/11/2020 16:26,21/09/2023 20:32,1042.17,13/11/2020 16:28,21/09/2023 20:30,1042.17,22/11/2020,22/11/2021,1,0.001,3.039,2.9,2.781,3810.52,10347.37,248.42,0,157.22,,-0.531,-14.87,1.17,28.79,33.66,25.49,31.63,28.24,57.76,FALSE,0,cleaned,0.999,0.999,0.999,,0.999,,669,3.096,0.029,3.095,2.975,0.036,2.983,2.853,0.033,2.861,TRUE,13/12/2022 00:00,2.361,-5.52,-2.97,-7.94,15.35,16.37,14.93,39.77,86.45,7.46,0,1.14,,1,1,1,,1,
EOH2192,TRUE,,26/05/2021 11:34,28/09/2023 23:58,855.52,26/05/2021 11:34,28/09/2023 23:56,855.52,28/08/2022,28/08/2023,3.3,0.839,2.015,2.015,2.015,7214.35,14537.65,0,0,0,,-1.145,-36.23,1.57,39.47,39.87,35.42,39.11,35.3,58.15,FALSE,0,cleaned,0.992,0.992,0.992,,0.992,,117,2.27,0.154,2.359,2.245,0.139,2.326,2.245,0.139,2.326,TRUE,17/01/2023 00:00,1.853,-2.72,0.88,-5.9,16.03,18.25,14.9,44.06,81.65,0,0,0,,1,1,1,,1,
EOH2196,FALSE,Less than 1yr data available,27/01/2022 12:32,05/09/2022 05:12,220.69,,,0,,,,,,,,,,,,,,,,,,,,,,,,,cleaned,,,,,,,,,,,,,,,,,FALSE,,,,,,,,,,,,,,,0,0,,,,
EOH2198,FALSE,SPF outside threshold,20/07/2021 00:02,28/09/2023 23:58,801,20/07/2021 00:04,28/09/2023 23:56,800.99,27/09/2022,27/09/2023,3.3,3.016,18.937,18.937,17.805,624.82,11125.17,0,0,37.34,2161.41,,,,50.91,50.91,47.14,49.15,44.29,64.95,FALSE,0,cleaned,0.994,0.994,,,0.994,0.994,130,15.408,1.416,15.351,15.408,1.416,15.351,14.548,1.319,14.496,FALSE,13/12/2022 00:00,372.724,-5.52,-2.97,-7.94,18.96,19.8,18.42,0.28,102.5,0,0,0.44,1.08,1,1,,,1,1
EOH2202,FALSE,Quality score outside threshold,10/03/2021 15:16,08/08/2023 01:20,880.42,10/03/2021 15:18,08/08/2023 01:18,880.42,28/06/2022,28/06/2023,4,1.522,2.855,2.812,2.73,5678.38,15375.04,127.47,0,165.87,,,,,46.56,47.26,42.66,,,61.02,FALSE,0,cleaned,0.492,0.492,0.492,,0.492,,301,2.787,0.075,2.748,2.744,0.075,2.707,2.613,0.113,2.533,FALSE,18/04/2022 00:00,2.441,0.11,0.16,0.07,,,,6.8,16.6,0,0,0.9,,1,1,1,,1,
EOH2205,TRUE,,05/03/2021 14:44,28/09/2023 23:58,937.38,05/03/2021 14:48,28/09/2023 23:56,937.38,01/05/2021,01/05/2022,3.1,0.02,2.199,2.199,1.908,2662.49,5079.87,0,0,352.55,6661.64,-0.761,-25.7,1.35,43.94,43.94,39.32,45.33,41.5,55.76,FALSE,0,cleaned,0.999,0.999,,,0.999,0.914,359,2.264,0.123,2.207,2.264,0.123,2.207,2.018,0.162,1.931,FALSE,13/12/2022 00:00,0.184,-5.52,-2.97,-7.94,16.45,20.13,13.04,3.31,0.61,0,0,1.44,88.16,1,1,,,1,1
EOH2206,FALSE,SPF outside threshold,11/05/2021 15:00,29/09/2023 00:00,870.38,11/05/2021 15:00,28/09/2023 23:58,870.37,27/09/2022,27/09/2023,3.3,3.288,0.32,0.32,0.226,247.38,55.79,0,0,72.92,2496.28,,,,18.02,18.02,18.41,18.84,19.16,55.04,FALSE,0,cleaned,0.994,0.994,,,0.994,0.994,152,0.323,0.003,0.323,0.323,0.003,0.323,0.228,0.002,0.228,FALSE,13/12/2022 00:00,0.051,-5.52,-2.97,-7.94,11.42,11.85,11.1,3.2,0.16,0,0,1.45,32.94,1,1,,,1,1
EOH2212,TRUE,,08/01/2021 16:10,28/09/2023 23:58,993.33,08/01/2021 16:12,28/09/2023 23:56,993.32,09/03/2021,09/03/2022,3.1,0.003,2.608,2.604,2.477,2703.41,6689.74,5.46,0,132.54,,-0.542,-17.22,1.21,44.99,46.44,41.66,46.43,43.08,59.33,FALSE,0,cleaned,0.997,0.997,0.997,,0.997,,530,2.607,0.02,2.609,2.6,0.022,2.605,2.431,0.047,2.44,TRUE,11/02/2021 00:00,1.873,-7.07,-0.4,-11.9,16.23,20.06,10.81,24.46,45.75,0.06,0,1.26,,1,1,1,,1,
EOH2214,TRUE,,09/06/2021 14:18,29/09/2023 00:00,841.4,09/06/2021 14:20,28/09/2023 23:56,841.4,11/06/2021,11/06/2022,1,0.001,2.935,2.876,2.743,2896.84,7861.23,83.78,0,134.45,,-0.705,-19.37,1.24,43.79,44.5,39.79,46.61,42.07,61.24,FALSE,0,cleaned,0.998,0.998,0.998,,0.998,,400,2.768,0.132,2.702,2.701,0.136,2.636,2.605,0.109,2.55,TRUE,15/12/2022 00:00,2.096,-3.75,-0.11,-6.6,14.89,15.6,14.1,35.81,75.07,0,0,0.53,,1,1,1,,1,
EOH2216,FALSE,Less than 1yr data available,08/07/2021 09:28,05/07/2022 23:58,362.6,08/07/2021 09:30,05/07/2022 23:56,362.6,,,,,,,,,,,,,,,,,,,,,,,,,cleaned,,,,,,,,,,,,,,,,,FALSE,28/11/2021 00:00,3.35,0.35,3.2,-2.78,19.32,21.2,16.89,21.23,71.13,0,0,0.55,,1,1,1,,1,
EOH2228,FALSE,Less than 1yr usable data,21/04/2021 16:10,20/07/2023 09:04,819.7,21/04/2021 16:12,20/07/2023 09:02,819.7,,,,,,,,,,,,,,,,,,,,,,,,,cleaned,,,,,,,,,,,,,,,,,FALSE,13/12/2022 00:00,0.057,-5.52,-2.97,-7.94,18.34,20.09,16.89,3.34,0.19,0,0,1.46,,1,1,,,1,
EOH2232,TRUE,,22/06/2021 13:04,29/09/2023 00:00,828.46,22/06/2021 13:06,28/09/2023 23:58,828.45,24/07/2022,24/07/2023,0,0,2.728,2.728,2.721,4931.85,13420.21,0,0,12.07,,-1.182,-30.24,1.43,47.62,48.86,43.08,50.85,46.14,71.63,TRUE,0.00226,cleaned,1,1,,,1,,462,2.718,0.038,2.728,2.718,0.038,2.728,2.711,0.038,2.721,TRUE,13/12/2022 00:00,2.171,-5.52,-2.97,-7.94,15.02,17.42,13.43,51.01,110.74,0,0,0.11,,1,1,,,1,
EOH2234,TRUE,,10/09/2021 18:12,29/08/2023 09:40,717.64,10/09/2021 18:14,29/08/2023 09:38,717.64,21/06/2022,21/06/2023,2,0.009,2.789,2.684,2.484,4033.91,9801.11,141.28,79.44,299.4,,-0.371,-11.73,1.13,38.5,40.78,34.2,39.85,35.29,60.24,FALSE,0,cleaned,0.991,0.991,0.991,0.991,0.991,,197,2.769,0.026,2.785,2.652,0.041,2.674,2.455,0.039,2.476,TRUE,13/12/2022 00:00,1.985,-5.52,-2.97,-7.94,20.33,21.82,18.45,54.37,94.86,11.53,1.55,1.71,,1,1,1,1,1,
EOH2235,FALSE,Less than 1yr data available,19/11/2020 14:16,17/09/2021 23:58,302.4,19/11/2020 14:18,17/09/2021 23:56,302.4,,,,,,,,,,,,,,,,,,,,,,,,,sensor swaps not checked,,,,,,,,,,,,,,,,,TRUE,20/11/2020 00:00,3.102,0.08,0.12,0.02,,,,25.69,79.69,0,0,0,,1,1,,,1,
EOH2239,TRUE,,06/08/2021 12:16,29/09/2023 00:00,783.49,06/08/2021 12:16,28/09/2023 23:58,783.49,22/09/2021,22/09/2022,2,0.085,2.703,2.703,2.703,2280.07,6163.92,0,0,0,,-0.957,-26.14,1.35,41.67,43.27,38.68,43,39.92,60.43,FALSE,0,cleaned,0.956,0.956,0.956,,0.956,,102,2.713,0.018,2.704,2.713,0.018,2.704,2.713,0.018,2.704,TRUE,13/12/2022 00:00,2.352,-6.42,-2.6,-8.37,17.55,19.04,16.18,32.83,77.23,0,0,0,,1,1,1,,1,
EOH2241,TRUE,,02/03/2021 14:24,29/09/2023 00:00,940.4,02/03/2021 14:26,28/09/2023 23:58,940.4,22/08/2022,22/08/2023,1,0,3.62,3.62,3.38,2904.72,9819.05,0,0,191.93,,-0.03,-0.83,1.01,34.02,36.37,31.9,35.98,33.69,71.24,TRUE,0.0001,cleaned,0.999,0.999,,,0.999,,336,3.515,0.09,3.505,3.515,0.09,3.505,3.317,0.047,3.297,TRUE,13/12/2022 00:00,2.388,-7.3,-5.2,-10.29,22.9,23.56,22.12,38.36,91.61,0,0,0.95,,1,1,,,1,
EOH2244,TRUE,,01/07/2021 10:50,24/08/2023 21:20,784.44,01/07/2021 10:52,24/08/2023 21:18,784.43,04/06/2022,04/06/2023,2,0.16,3.276,3.256,3.143,5623.82,17629.95,47.48,0,194.88,,,,,37.37,39.48,33.65,40,36.45,61.65,FALSE,0,cleaned,0.913,0.913,0.913,,0.913,,268,3.199,0.075,3.212,3.184,0.069,3.196,3.075,0.066,3.086,TRUE,17/01/2023 00:00,2.335,-4.13,-0.41,-7.27,22.15,24.3,20.37,64.17,149.83,0,0,1.31,,1,1,1,,1,
EOH2252,TRUE,,15/04/2021 15:10,29/09/2023 00:00,896.37,15/04/2021 15:12,28/09/2023 23:58,896.37,26/12/2021,26/12/2022,1,0.001,3.157,3.142,2.995,5154.69,15403.3,33.07,0,241.77,,-0.663,-17.37,1.21,44.87,45.81,42.37,46.45,43.77,60.76,FALSE,0,cleaned,0.998,0.998,0.998,,0.998,,502,3.132,0.065,3.15,3.108,0.063,3.135,2.967,0.056,2.987,TRUE,15/12/2022 00:00,2.124,-4.15,-1.65,-7.51,16.89,17.35,16.11,52.91,111.7,0.66,0,1.32,,1,1,1,,1,
EOH2254,TRUE,,07/05/2021 11:30,28/09/2023 23:58,874.52,07/05/2021 11:32,28/09/2023 23:58,874.52,25/08/2022,25/08/2023,0,0,3.308,3.308,3.185,2637.88,8401.5,0,0,98.26,,-0.082,-2.41,1.02,37.28,38.97,35.29,39.26,37.07,75.18,TRUE,0.00013,cleaned,1,1,,,1,,327,3.348,0.039,3.326,3.348,0.039,3.326,3.226,0.042,3.199,TRUE,13/12/2022 00:00,2.289,-6.42,-2.6,-8.37,19.7,21.29,19.1,37.45,85.73,0,0,0.56,,1,1,,,1,
EOH2255,TRUE,,07/06/2021 15:10,29/09/2023 00:00,843.37,07/06/2021 15:12,28/09/2023 23:58,843.37,23/07/2022,23/07/2023,1,0,2.882,2.882,2.859,3746.93,10712.95,0,0,29.54,,-1.038,-26.48,1.36,42.8,48.06,38.65,46.5,42.24,72.63,TRUE,0.00045,cleaned,0.999,0.999,,,0.999,,475,2.947,0.042,2.955,2.947,0.042,2.955,2.92,0.04,2.929,TRUE,12/12/2022 00:00,2.374,-3.87,-0.32,-5.95,14.73,18.31,12.12,21.01,49.87,0,0,0.22,,1,1,,,1,
EOH2262,TRUE,,06/08/2021 10:38,28/09/2023 23:58,783.56,02/09/2021 00:00,28/09/2023 23:58,757,22/10/2021,22/10/2022,2,0.002,2.769,2.769,2.75,5948.85,16358.42,0,0,40.51,,-1.211,-30.43,1.44,42.96,52.24,38.39,52.71,47.82,76.15,TRUE,0.00433,cleaned,0.998,0.998,,,0.998,,368,2.829,0.039,2.831,2.829,0.039,2.831,2.807,0.037,2.81,TRUE,13/12/2022 00:00,2.347,-6.42,-2.6,-8.37,18.74,20.42,16.74,55.45,130.14,0,0,0.42,,1,1,,,1,
EOH2264,TRUE,,01/10/2021 17:12,05/09/2023 14:58,703.91,01/10/2021 17:14,05/09/2023 14:56,703.9,05/09/2022,05/09/2023,3.3,1.645,2.644,2.644,2.447,1943.78,4756.49,0,0,145.01,18279.4,-1.276,-32.54,1.48,46.22,46.22,39.05,44.29,37.57,78.08,TRUE,0.05026,cleaned,0.998,0.996,,,0.998,0.935,332,2.556,0.15,2.62,2.556,0.15,2.62,2.378,0.134,2.402,FALSE,07/03/2023 00:00,0.017,-7.74,-5.86,-9.79,,,,1.39,0.02,0,0,1.39,152.72,1,1,,,1,1
EOH2276,TRUE,,08/01/2021 14:42,29/09/2023 00:00,993.39,15/09/2021 12:46,28/09/2023 23:58,743.47,03/11/2021,03/11/2022,0,0,3.799,3.799,3.661,3729.88,13655.71,0,0,135.27,,,,,36.62,38.9,33.77,37.94,35.09,71.83,TRUE,0.00026,cleaned,1,1,,,1,,373,3.585,0.097,3.528,3.585,0.097,3.528,3.481,0.081,3.441,TRUE,13/12/2022 00:00,2.444,-6.42,-2.6,-8.37,15.2,16.43,14.56,37.57,91.81,0,0,0.38,,1,1,,,1,
EOH2278,TRUE,,26/05/2021 08:10,28/09/2023 23:58,855.66,26/05/2021 08:10,28/09/2023 23:58,855.66,23/07/2022,23/07/2023,0,0,2.276,2.26,2.26,3195.62,7184,39.24,0,0,,-1.294,-36.25,1.57,41.3,42.95,37.91,41.6,38.16,56.58,FALSE,0,cleaned,0.999,0.999,0.999,,0.999,,378,2.304,0.063,2.289,2.287,0.062,2.273,2.287,0.062,2.273,TRUE,17/01/2023 00:00,2.106,-0.82,2.16,-3.15,22.21,24.9,20.37,34.42,72.21,0.28,0,0,,1,1,1,,1,
EOH2280,TRUE,,14/04/2021 11:32,28/09/2023 23:58,897.52,14/04/2021 11:34,28/09/2023 23:56,897.52,07/09/2022,07/09/2023,3,0.478,2.888,2.811,2.732,3057.62,8232.67,120.98,0,85.59,,-0.682,-19.12,1.24,35.63,36.51,30.99,36.47,32.16,54.24,FALSE,0,cleaned,0.821,0.821,0.821,,0.821,,219,2.921,0.037,2.91,2.853,0.051,2.833,2.771,0.047,2.753,TRUE,13/12/2022 00:00,2.326,-5.52,-2.97,-7.94,18.47,19.1,17.47,36.82,82.39,3.26,0,0.84,,1,1,1,,1,
EOH2283,TRUE,,19/03/2021 15:22,29/09/2023 00:00,923.36,19/03/2021 15:24,28/09/2023 23:58,923.36,04/02/2022,04/02/2023,1,0.001,2.535,2.509,2.473,3958.27,9723.51,65.13,0,57.31,,-0.895,-26.1,1.35,35.16,36.36,30.88,37.02,32.16,58.22,FALSE,0,cleaned,0.998,0.998,0.998,,0.998,,375,2.595,0.04,2.595,2.568,0.039,2.564,2.533,0.041,2.529,TRUE,17/01/2023 00:00,1.955,-4.13,-0.41,-7.27,18.7,19.76,18,42.97,83.99,0,0,0.45,,1,1,1,,1,
EOH2285,FALSE,Quality score outside threshold,20/04/2021 16:44,29/09/2023 00:00,891.3,20/04/2021 16:52,28/09/2023 23:58,891.3,08/10/2021,08/10/2022,5,2.125,1.476,1.476,1.254,647.9,812.73,0,0,97.1,812.31,,,,36.03,36.03,31.56,35.99,32.06,57.13,FALSE,0,cleaned,0.994,0.338,,,0.994,0.337,0,,,,,,,,,,FALSE,13/12/2022 00:00,0.026,-5.52,-2.97,-7.94,8.94,10.25,8.04,3.05,0.08,0,0,1.38,0.08,1,1,,,1,1
EOH2291,FALSE,Quality score outside threshold,17/08/2021 12:22,01/02/2023 10:08,532.91,17/08/2021 12:24,01/02/2023 10:06,532.9,16/10/2021,16/10/2022,4,1.02,2.046,2.046,2.022,2771,5603.77,0,0,31.98,,,,,46.15,50.07,41.92,46.74,42.38,68.97,TRUE,0.00037,cleaned,0.957,0.463,0.8,,0.957,,42,1.828,0.319,2.02,1.828,0.319,2.02,1.808,0.314,1.998,FALSE,13/12/2022 00:00,0.176,-6.42,-2.6,-8.37,19.32,20.97,17.1,37.74,6.65,0,0,0.9,,1,1,1,,1,
EOH2303,TRUE,,04/06/2021 12:22,29/09/2023 00:00,846.48,04/06/2021 12:24,28/09/2023 23:58,846.48,23/07/2022,23/07/2023,0,0,2.82,2.82,2.714,2460.8,6679.68,0,0,91.72,,-0.83,-22.75,1.29,38.69,42.7,35.9,43.28,40.16,75.46,TRUE,0.00096,cleaned,1,0.999,,,1,,479,2.818,0.132,2.817,2.818,0.132,2.817,2.726,0.107,2.724,TRUE,13/12/2022 00:00,2.18,-6.42,-2.6,-8.37,17.27,21.06,15.92,18.01,39.27,0,0,0.27,,1,1,,,1,
EOH2306,TRUE,,12/01/2021 12:52,29/09/2023 00:00,989.46,12/01/2021 12:54,28/09/2023 23:58,989.46,07/04/2021,07/04/2022,0,0,2.112,2.112,2.106,4071.29,8572.57,0,0,11.45,,,,,48.18,52.84,36.91,50.48,39.88,76.32,TRUE,0.05432,cleaned,1,0.999,,,1,,623,2.027,0.084,2.062,2.027,0.084,2.062,2.021,0.085,2.056,TRUE,11/02/2021 00:00,2.028,-5.42,-0.8,-10.1,,,,37.16,75.36,0,0,0,,1,1,,,1,
EOH2307,TRUE,,08/03/2022 12:48,09/04/2023 08:16,396.81,08/03/2022 12:48,09/04/2023 08:14,396.81,24/03/2022,24/03/2023,3.3,0.833,2.348,1.944,1.848,2526.36,3947.29,720.7,0,124.75,,-1.582,-40.25,1.67,34.19,35.18,32.09,35.24,33.18,63.28,FALSE,0,cleaned,0.999,0.999,0.999,,0.999,,32,2.352,0.014,2.348,1.944,0.007,1.944,1.848,0.008,1.848,TRUE,13/12/2022 00:00,1.833,-1.35,1.62,-4.46,16.07,16.44,15.48,27.76,46.21,4.67,0,0.89,,1,1,1,,1,
EOH2308,TRUE,,26/07/2021 12:04,29/09/2023 00:00,794.5,26/07/2021 12:06,28/09/2023 23:58,794.49,27/07/2021,27/07/2022,3.3,0.831,3.341,3.341,3.243,3014.31,9776.75,0,0,88.08,298.81,-0.579,-14.77,1.17,34.92,34.92,31.82,30.49,28.48,77.31,TRUE,0.00982,cleaned,0.997,0.997,,,0.997,0.997,423,3.146,0.157,3.077,3.146,0.157,3.077,3.065,0.143,2.996,FALSE,13/12/2022 00:00,2.449,-6.42,-2.6,-8.37,13.89,17.81,10.35,32.2,78.87,0,0,0.67,37.08,0.999,0.999,,,0.999,0.999
EOH2310,FALSE,SPF outside threshold,22/01/2021 12:12,24/09/2023 10:18,974.92,27/09/2021 00:00,24/09/2023 10:16,727.43,10/03/2022,10/03/2023,5,3.138,0.471,0.471,0.398,661.97,263.77,0,0,102.18,263.77,,,,34.75,34.75,35.45,38.51,38.76,77.29,TRUE,0.07,cleaned,0.376,0.376,,,0.376,0.376,0,,,,,,,,,,FALSE,08/03/2023 00:00,0.508,-1.89,2.66,-6.82,14.53,17.68,12.75,2.93,1.48,0,0,1.29,1.49,1,1,,,1,1
EOH2311,FALSE,Quality score outside threshold,30/07/2021 12:10,28/09/2023 23:58,790.49,04/10/2021 00:00,28/09/2023 23:56,725,24/07/2022,24/07/2023,5,2.51,2.281,2.281,2.216,330.21,731.59,0,0,9.43,,,,,45.84,48.19,41.07,52.86,49.36,67.5,TRUE,0.00167,cleaned,0.503,0.503,0.503,,0.503,,0,,,,,,,,,,FALSE,29/11/2021 00:00,2.978,0.03,4.89,-2.5,14.3,14.51,14.1,2.33,6.95,0,0,0.09,,1,1,1,,1,
EOH2313,TRUE,,16/09/2021 12:44,29/09/2023 00:00,742.47,16/09/2021 12:46,28/09/2023 23:58,742.47,26/11/2021,26/11/2022,1,0.002,2.7,2.7,2.638,4987.12,13156.64,0,0,113.53,,-1.11,-29.14,1.41,43.19,44.92,39.39,45.17,40.89,62.13,FALSE,0,cleaned,0.998,0.998,0.998,,0.998,,373,2.694,0.036,2.704,2.694,0.036,2.704,2.634,0.034,2.641,TRUE,13/12/2022 00:00,1.861,-7.11,-2.58,-12.15,18.65,21.02,15.45,74.55,138.71,0,0,0.74,,1,1,1,,1,
EOH2315,FALSE,Quality score outside threshold,21/10/2021 13:32,28/09/2023 23:58,707.43,21/10/2021 13:32,28/09/2023 23:56,707.43,22/11/2021,22/11/2022,5,0.663,2.543,2.439,2.439,2537.53,6020.38,169.85,0,0,,,,,47.34,48.18,44.34,47.57,44.25,57.08,FALSE,0,cleaned,0.938,0.688,0.347,,0.938,,0,,,,,,,,,,TRUE,15/12/2022 00:00,1.988,-3.75,-0.11,-6.6,,,,25.89,46,5.47,0,0,,1,1,1,,1,
EOH2320,TRUE,,21/04/2021 13:36,29/09/2023 00:00,890.43,21/04/2021 13:38,28/09/2023 23:58,890.43,10/05/2021,10/05/2022,2,0.067,2.37,2.321,2.303,6147.79,13937.85,218.14,0,47.57,,-1.68,-41.49,1.71,40.13,41.36,37.16,41.63,38.54,61.72,FALSE,0,cleaned,0.966,0.966,0.966,,0.966,,508,2.657,0.259,2.492,2.51,0.21,2.343,2.492,0.209,2.325,TRUE,15/12/2022 00:00,2.047,-3.75,-0.11,-6.6,21.61,22.53,20.72,61.03,124.9,0,0,0.32,,1,1,1,,1,
EOH2325,TRUE,,11/02/2021 18:58,28/09/2023 23:58,959.21,11/02/2021 19:00,28/09/2023 23:56,959.21,02/06/2022,02/06/2023,1,0.001,3.088,3.088,3.044,1492.94,4544,0,0,21.4,,-0.822,-21.03,1.27,32.26,36.78,27.29,34.97,29.62,54.53,FALSE,0,cleaned,0.999,0.999,,,0.999,,581,3.024,0.051,3.014,3.024,0.051,3.014,2.98,0.05,2.972,TRUE,13/12/2022 00:00,2.745,-6.42,-2.6,-8.37,,,,24.28,66.66,0,0,0.27,,1,1,,,1,
EOH2326,TRUE,,05/03/2021 15:14,29/09/2023 00:00,937.37,16/03/2021 00:00,28/09/2023 23:58,927,22/09/2022,22/09/2023,3.3,1.378,2.487,2.487,2.117,780.57,1652.66,0,0,116.01,6730.35,,,,35.14,35.14,30.75,36.41,31.3,52.52,FALSE,0,cleaned,0.994,0.994,,,0.994,0.971,30,2.487,0.001,2.487,2.487,0.001,2.487,2.117,0.001,2.117,FALSE,13/12/2022 00:00,0.01,-5.52,-2.97,-7.94,16.69,17.75,15,3.17,0.03,0,0,1.37,98.24,1,1,,,1,1
EOH2329,TRUE,,10/11/2020 12:46,29/09/2023 00:00,1052.47,10/11/2020 12:48,28/09/2023 23:58,1052.47,01/01/2021,01/01/2022,2,0,2.504,2.422,2.408,2291.99,5396,124.14,0,12.97,,-1.356,-35.13,1.54,44.16,44.53,41.4,42.88,40.02,63.03,FALSE,0,cleaned,0.999,0.999,0.999,,0.999,,651,2.541,0.083,2.501,2.454,0.115,2.413,2.443,0.113,2.4,TRUE,13/12/2022 00:00,2.549,-6.42,-2.6,-8.37,15.97,17.62,14.18,17.32,44.15,0,0,0.11,,1,1,1,,1,
EOH2333,TRUE,,30/04/2021 08:02,26/09/2023 13:30,879.23,30/04/2021 08:04,26/09/2023 13:28,879.23,07/07/2022,07/07/2023,1,0.001,2.979,2.886,2.773,4273.65,11658.61,192.33,0,167.31,,-0.371,-11.08,1.12,32.34,33.86,29.35,33.8,30.65,55.82,FALSE,0,cleaned,0.999,0.999,0.999,,0.999,,477,2.997,0.022,2.986,2.914,0.032,2.892,2.802,0.032,2.781,TRUE,13/12/2022 00:00,2.091,-5.52,-2.97,-7.94,18.96,20.58,16.78,52.07,101.99,6.89,0,1.35,,1,1,1,,1,
EOH2334,TRUE,,16/11/2021 11:30,29/09/2023 00:00,681.52,17/06/2022 00:00,28/09/2023 23:58,469,11/07/2022,11/07/2023,0,0,3.177,3.154,2.945,3589.24,10537.43,34.16,0,237.78,,-0.283,-8.19,1.09,37.8,42.74,32.45,46.54,39.97,69.77,TRUE,0.00735,cleaned,1,1,1,,1,,93,3.189,0.016,3.187,3.167,0.016,3.165,2.957,0.014,2.955,TRUE,13/12/2022 00:00,2.225,-5.52,-2.97,-7.94,14.59,15.55,13.28,37.76,83.96,0.04,0,1.69,,1,1,1,,1,
EOH2339,TRUE,,22/09/2021 14:08,22/09/2023 09:00,729.79,22/09/2021 14:08,22/09/2023 08:58,729.78,08/06/2022,08/06/2023,2,0.001,3.086,3.086,3.057,1539.16,4704.96,0,0,14.42,,-0.684,-18.15,1.22,35.25,36.99,32.67,37.83,35,57.03,FALSE,0,cleaned,0.999,0.999,,,0.999,,230,2.843,0.429,3.077,2.843,0.429,3.077,2.817,0.423,3.048,TRUE,14/12/2022 00:00,2.337,-6.7,-4.04,-8.08,8.41,9.73,7.35,18.76,43.84,0,0,0.05,,1,1,,,1,
EOH2342,TRUE,,27/03/2021 13:38,08/09/2023 18:22,895.2,27/03/2021 13:38,08/09/2023 18:20,895.2,07/07/2022,07/07/2023,0,0,2.259,2.218,2.218,2972.02,6492.8,98.35,0,0,,-1.311,-36.71,1.58,39.76,40.99,37.06,40.63,37.73,60.51,FALSE,0,cleaned,1,1,1,,1,,409,2.499,0.191,2.532,2.45,0.187,2.476,2.45,0.187,2.476,TRUE,17/01/2023 00:00,2.133,-4.13,-0.41,-7.27,15.19,15.87,14.81,36.44,77.73,0,0,0,,1,1,1,,1,
EOH2350,FALSE,SPF outside threshold,02/12/2021 14:36,23/09/2023 13:02,659.93,02/12/2021 14:40,23/09/2023 13:00,659.93,23/09/2022,23/09/2023,3.3,1.374,1.372,1.372,1.141,400.67,457,0,0,67.64,1939.33,,,,29.09,29.09,27.66,30.56,29.13,53.21,FALSE,0,cleaned,0.985,0.986,,,0.986,0.971,281,1.371,0.024,1.373,1.371,0.024,1.373,1.149,0.033,1.142,FALSE,13/12/2022 00:00,0.454,-5.52,-2.97,-7.94,11.82,14.1,9.52,2.26,1.03,0,0,0.92,39.13,1,1,,,1,0.999
EOH2359,TRUE,,26/05/2021 13:00,28/09/2023 23:58,855.46,07/06/2021 00:00,28/09/2023 23:56,844,15/06/2022,15/06/2023,2,0.001,3.466,3.357,3.157,2492.56,7767.08,103.11,0,148.32,,-0.114,-3.19,1.03,33.92,37.97,30.68,36.72,33.05,60.46,FALSE,0,cleaned,0.999,0.999,0.999,,0.999,,328,3.49,0.027,3.478,3.396,0.043,3.38,3.208,0.052,3.185,TRUE,13/12/2022 00:00,2.668,-1.35,1.62,-4.46,18.44,19.53,17.72,21.12,56.34,0,0,0.85,,1,1,1,,1,
EOH2361,TRUE,,15/07/2021 10:50,28/09/2023 23:58,805.55,15/07/2021 10:52,28/09/2023 23:56,805.54,11/10/2021,11/10/2022,2,0.102,3.577,3.577,3.532,5577.35,19697.23,0,0,70.06,,-0.053,-1.47,1.01,35.79,39.39,33.2,38.59,35.7,72.02,TRUE,0.00013,cleaned,0.948,0.948,,,0.948,,392,3.612,0.037,3.602,3.612,0.037,3.602,3.526,0.018,3.526,TRUE,13/12/2022 00:00,2.554,-6.42,-2.6,-8.37,15.11,15.77,14.57,60.73,155.13,0,0,0.81,,1,1,,,1,
EOH2366,TRUE,,14/10/2021 14:58,05/06/2023 23:20,599.35,14/10/2021 15:00,05/06/2023 23:18,599.35,01/06/2022,01/06/2023,2,0.053,3.013,2.923,2.808,6043.04,16708.88,126.79,133.21,238.14,,-0.527,-14.88,1.17,44.53,47.2,36.38,46.23,38.36,69.2,TRUE,0.00327,cleaned,0.973,0.973,0.973,0.972,0.973,,234,3.029,0.019,3.022,2.935,0.021,2.925,2.818,0.018,2.81,TRUE,13/12/2022 00:00,2.048,-5.52,-2.97,-7.94,13.02,15.24,11.35,30.44,53.3,0,9.04,0.91,,1,1,1,1,1,
EOH2372,FALSE,Quality score outside threshold,30/07/2021 11:00,29/09/2023 00:00,790.54,04/03/2022 08:02,28/09/2023 23:58,573.66,10/04/2022,10/04/2023,5,1.908,5.847,3.435,2.976,1048.14,2667.78,451.94,0,139.95,,,,,46.54,46.05,44.53,45.33,43.11,60.19,FALSE,0,cleaned,0.777,0.777,0.776,,0.777,,0,,,,,,,,,,FALSE,08/03/2023 00:00,2.633,-1.89,2.66,-6.82,13.26,14.79,12.5,3.25,7.84,0.72,0,0.3,,1,1,1,,1,
EOH2386,TRUE,,13/11/2020 14:28,25/09/2023 10:20,1045.83,13/11/2020 14:30,25/09/2023 10:18,1045.83,16/07/2022,16/07/2023,0,0,2.329,2.291,2.216,4930.5,10791.84,135.41,0,161.89,,-1.241,-34.76,1.53,42.9,43.75,39.1,44.47,40.52,57.15,FALSE,0,cleaned,1,1,1,,1,,588,2.624,0.204,2.754,2.585,0.204,2.716,2.5,0.197,2.626,TRUE,13/12/2022 00:00,1.831,-5.52,-2.97,-7.94,22.09,24.06,19.25,47.73,84.22,3.19,0,1.21,,1,1,1,,1,
EOH2390,FALSE,Less than 1yr usable data,11/08/2021 12:46,24/08/2022 21:14,378.35,11/08/2021 12:48,24/08/2022 21:12,378.35,,,,,,,,,,,,,,,,,,,,,,,,,cleaned,,,,,,,,,,,,,,,,,TRUE,04/01/2022 00:00,2.514,-0.99,0.59,-3.3,23.09,25.74,20.8,19.68,49.48,0,0,0.27,,1,1,,,1,
EOH2397,TRUE,,08/05/2021 15:26,24/07/2023 09:54,806.77,08/05/2021 15:26,24/07/2023 09:52,806.77,05/06/2021,05/06/2022,3.1,0.18,1.991,1.991,1.663,1728.12,2873.04,0,0,284.76,5835.03,-1.029,-34.09,1.52,42.14,42.14,39.21,43.5,41.35,56.61,FALSE,0,cleaned,0.94,0.94,,,0.94,0.904,369,2.126,0.145,2.081,2.126,0.145,2.081,1.782,0.162,1.711,FALSE,13/12/2022 00:00,0.282,-5.52,-2.97,-7.94,,,,3.24,0.91,0,0,1.41,80.63,1,1,,,1,1
EOH2398,TRUE,,05/05/2021 09:14,28/09/2023 23:58,876.61,05/05/2021 09:16,28/09/2023 23:56,876.61,08/05/2021,08/05/2022,3.1,0.089,2.787,2.707,2.547,1846.56,4624.3,78.03,0,109.36,,-0.793,-22.15,1.28,34.18,37.95,31.9,35.61,33.33,59.27,FALSE,0,cleaned,0.955,0.955,0.955,,0.955,,121,2.652,0.04,2.66,2.585,0.039,2.597,2.473,0.036,2.487,TRUE,16/01/2023 00:00,2.371,-0.61,1.86,-3.09,,,,22.08,52.36,0,0,0.81,,1,1,1,,1,
EOH2403,TRUE,,16/04/2021 23:44,28/09/2023 15:08,894.64,17/04/2021 10:52,28/09/2023 15:06,894.18,24/03/2022,24/03/2023,3.3,0.832,1.85,1.85,1.542,696.29,1073.68,0,0,115.79,5513.57,-1.14,-38.14,1.62,28.79,28.79,27.15,28.83,27.9,53.94,FALSE,0,cleaned,0.999,0.999,,,0.999,0.998,289,1.798,0.046,1.784,1.798,0.046,1.784,1.506,0.058,1.477,FALSE,13/12/2022 00:00,0.112,-5.52,-2.97,-7.94,16.86,18.87,15.92,3.17,0.36,0,0,1.39,72.54,1,1,,,1,1
EOH2405,TRUE,,20/10/2021 09:56,28/09/2023 23:58,708.58,18/03/2022 00:00,28/09/2023 23:56,560,26/06/2022,26/06/2023,0,0,2.966,2.966,2.941,3069.34,9027.1,0,0,25.49,,-0.954,-24.34,1.32,42.59,46.99,38.92,45.55,41.76,65.39,TRUE,0.00048,cleaned,1,1,,,1,,192,2.963,0.007,2.963,2.963,0.007,2.963,2.939,0.007,2.939,TRUE,13/12/2022 00:00,2.11,-7.3,-5.2,-10.29,21.03,22.77,18.92,42.7,90.1,0,0,0.36,,1,1,,,1,
EOH2406,FALSE,Less than 1yr data available,26/02/2021 14:36,01/08/2021 23:58,156.39,06/03/2021 00:00,01/08/2021 23:56,149,,,,,,,,,,,,,,,,,,,,,,,,,cleaned,,,,,,,,,,,,,,,,,TRUE,07/03/2021 00:00,1.942,1.69,6.2,-1.29,20.08,21.29,19.04,11.01,21.37,0,0,0,,1,1,1,,1,
EOH2409,TRUE,,20/09/2021 20:52,07/06/2023 00:10,624.14,21/09/2021 00:00,07/06/2023 00:08,624.01,08/02/2022,08/02/2023,3,0.691,2.498,2.498,2.427,2242.29,5443,0,0,63.65,,-0.912,-26.73,1.36,44.05,46.51,40.13,45.26,41.87,70.03,TRUE,0.00004,cleaned,0.769,0.769,,,0.769,,107,2.506,0.038,2.492,2.506,0.038,2.492,2.436,0.033,2.426,TRUE,13/12/2022 00:00,1.841,-6.42,-2.6,-8.37,19.02,19.68,18.15,30.37,55.92,0,0,0.61,,1,1,,,1,
EOH2410,FALSE,Quality score outside threshold,03/12/2020 10:18,11/04/2023 10:36,859.01,03/12/2020 10:20,11/04/2023 10:34,859.01,23/03/2022,23/03/2023,4,0.966,2.694,2.694,2.678,2275.42,6094.53,0,0,13.27,846.03,,,,46.83,46.83,42.74,49.12,44.6,62.97,FALSE,0,cleaned,0.891,0.891,,,0.891,0.891,0,,,,,,,,,,FALSE,13/12/2022 00:00,2.292,-6.42,-2.6,-8.37,16.17,16.75,15.75,34.69,79.51,0,0,0.18,6.71,1,1,,,1,1
EOH2412,FALSE,Quality score outside threshold,15/04/2021 14:34,28/09/2023 23:58,896.39,15/04/2021 14:40,28/09/2023 23:56,896.39,20/04/2021,20/04/2022,4,1.25,2.262,2.262,1.936,1020.11,1975.37,0,0,146.82,9101.37,,,,40.54,40.54,37.25,40.91,38.24,56.52,FALSE,0,sensor swaps not checked,0.877,0.612,,,0.878,0.601,65,2.108,0.069,2.072,2.108,0.069,2.072,1.76,0.088,1.707,FALSE,04/01/2022 00:00,0.148,-0.99,0.59,-3.3,19.27,20.72,17.57,3.16,0.47,0,0,1.36,102.86,1,1,,,1,1
EOH2414,TRUE,,24/09/2021 11:26,14/04/2023 00:34,566.55,24/09/2021 11:28,14/04/2023 00:32,566.54,27/09/2021,27/09/2022,2,0.003,2.69,2.69,2.663,2436.57,6487.93,0,0,24.52,,-1.08,-28.65,1.4,48.95,48.34,44.71,49.23,45.3,74.72,TRUE,0.01561,cleaned,0.997,0.997,,,0.997,,197,2.718,0.029,2.725,2.718,0.029,2.725,2.702,0.031,2.71,TRUE,13/12/2022 00:00,2.297,-5.52,-2.97,-7.94,,,,12.39,28.46,0,0,0.12,,1,1,,,1,
EOH2416,TRUE,,24/03/2021 11:58,24/09/2023 09:54,913.91,24/03/2021 12:00,24/09/2023 09:52,913.91,10/08/2021,10/08/2022,2,0.001,3.263,3.143,3.002,3186.31,9404.58,160.75,0,143.37,,-0.307,-8.6,1.09,32.24,36.15,28.48,33.87,29.29,58.14,FALSE,0,cleaned,0.999,0.999,0.999,,0.999,,374,3.235,0.04,3.26,3.11,0.054,3.137,2.976,0.044,2.996,TRUE,04/01/2022 00:00,2.418,-0.99,0.59,-3.3,19.71,21.37,18,22.18,47.08,6.55,0,0.94,,1,1,1,,1,
EOH2418,TRUE,,24/08/2021 14:04,28/09/2023 23:58,765.41,26/08/2021 00:00,28/09/2023 23:56,764,31/08/2021,31/08/2022,2,0.018,2.903,2.865,2.659,5383.56,14212.85,100.14,0,387.31,,-1.237,-29.88,1.43,46.12,46.3,43.76,46.96,44.33,61.16,FALSE,0,cleaned,0.982,0.982,0.982,,0.982,,383,3.662,0.481,3.819,3.609,0.472,3.764,3.367,0.446,3.513,TRUE,13/12/2022 00:00,2.82,-6.42,-2.6,-8.37,17.66,19.08,15.85,59.25,167.07,0,0,2.11,,1,1,1,,1,
EOH2421,FALSE,Less than 1yr data available,11/05/2021 13:50,17/01/2022 06:48,250.71,11/05/2021 13:50,17/01/2022 06:46,250.71,,,,,,,,,,,,,,,,,,,,,,,,,cleaned,,,,,,,,,,,,,,,,,TRUE,04/01/2022 00:00,2.407,-0.99,0.59,-3.3,17.06,19.55,14.29,37.61,90.5,0,0,0.59,,1,1,,,1,
EOH2422,TRUE,,22/03/2021 13:20,28/09/2023 23:58,920.44,22/03/2021 13:22,28/09/2023 23:56,920.44,31/12/2021,31/12/2022,1,0.001,2.94,2.924,2.924,4765,13894.76,38.9,0,0,,-0.72,-19.67,1.24,42.27,44.78,35.17,43.16,35.96,61.52,FALSE,0,cleaned,0.998,0.998,0.998,,0.998,,551,2.92,0.103,2.947,2.901,0.107,2.932,2.901,0.107,2.932,TRUE,15/12/2022 00:00,2.251,-2.04,1.2,-4.58,18.28,19.54,17.9,46.24,104.11,0,0,0,,1,1,1,,1,
EOH2430,TRUE,,31/08/2021 15:34,14/04/2023 12:12,590.86,31/08/2021 15:36,14/04/2023 12:10,590.86,02/09/2021,02/09/2022,1,0.002,2.467,2.467,2.464,3780.63,9316.51,0,0,4.15,,-1.303,-34.56,1.53,48.49,50.74,44.51,51.37,47.69,73,TRUE,0.00137,cleaned,0.998,0.998,,,0.998,,226,2.462,0.018,2.463,2.462,0.018,2.463,2.46,0.018,2.461,TRUE,13/12/2022 00:00,1.848,-5.52,-2.97,-7.94,17.82,19.27,16.61,45.31,83.75,0,0,0.01,,1,1,,,1,
EOH2434,FALSE,Less than 1yr data available,11/03/2021 14:06,09/01/2022 15:48,304.07,11/03/2021 14:08,09/01/2022 15:46,304.07,,,,,,,,,,,,,,,,,,,,,,,,,cleaned,,,,,,,,,,,,,,,,,TRUE,05/12/2021 00:00,2.656,0.02,0.05,-0.02,,,,27.2,72.23,0,0,0.53,,1,1,,,1,
EOH2436,TRUE,,08/04/2021 13:58,29/09/2023 00:00,903.42,08/04/2021 14:00,28/09/2023 23:58,903.42,20/05/2021,20/05/2022,0,0,3.551,3.551,3.472,5102.47,17715.07,0,0,113.14,,-0.079,-2.19,1.02,36.58,40.04,33.92,39.44,36.45,72.29,TRUE,0.00034,cleaned,1,1,,,1,,533,3.363,0.147,3.325,3.363,0.147,3.325,3.293,0.141,3.26,TRUE,13/12/2022 00:00,1.827,-1.35,1.62,-4.46,15.7,17.09,14.55,64.47,117.83,0,0,0.49,,1,1,,,1,
EOH2439,FALSE,Less than 1yr data available,04/02/2021 14:06,05/01/2022 15:42,335.07,02/04/2021 00:00,05/01/2022 15:42,278.65,,,,,,,,,,,,,,,,,,,,,,,,,cleaned,,,,,,,,,,,,,,,,,FALSE,17/04/2021 00:00,3.059,0.07,0.14,-0.01,20.62,20.62,20.62,9.47,28.96,0,0,0.28,,1,1,,,1,
EOH2448,TRUE,,26/10/2020 00:02,29/09/2023 00:00,1068,26/10/2020 00:02,28/09/2023 23:58,1068,08/09/2022,08/09/2023,3.1,0.017,2.554,2.554,2.554,5359.71,13689.55,0,0,0,,-1.096,-30.02,1.43,38.96,43.37,36.51,43.55,41.15,76.52,TRUE,0.00579,cleaned,0.986,0.983,0.986,,0.986,,198,2.52,0.029,2.526,2.52,0.029,2.526,2.52,0.029,2.526,TRUE,13/12/2022 00:00,1.559,-7.3,-5.2,-10.29,14.61,16,13.43,42.37,66.06,0,0,0,,1,1,1,,1,
EOH2450,TRUE,,28/07/2021 13:00,19/09/2023 11:28,782.94,28/07/2021 13:02,19/09/2023 11:26,782.93,14/08/2021,14/08/2022,2,0.009,2.919,2.919,2.892,7120.98,20595.16,0,0,66.53,,-0.931,-24.17,1.32,44.69,47.29,40.16,47.36,42.94,72.87,TRUE,0.00156,cleaned,0.99,0.99,,,0.99,,259,2.937,0.083,2.923,2.937,0.083,2.923,2.91,0.081,2.896,TRUE,13/12/2022 00:00,2.516,-5.52,-2.97,-7.94,,,,61.73,155.28,0,0,0.55,,1,1,,,1,
EOH2453,FALSE,Less than 1yr data available,20/07/2021 15:26,19/07/2022 23:58,364.36,20/07/2021 15:26,19/07/2022 23:56,364.35,,,,,,,,,,,,,,,,,,,,,,,,,cleaned,,,,,,,,,,,,,,,,,TRUE,28/11/2021 00:00,2.934,0.35,3.2,-2.78,16.81,19.01,14.65,21.85,64.1,0,0,0,,1,1,1,,1,
EOH2466,TRUE,,15/09/2021 11:20,29/09/2023 00:00,743.53,15/09/2021 11:22,28/09/2023 23:58,743.53,31/07/2022,31/07/2023,2,0,3.2,3.2,3.156,6336.98,19998.49,0,0,87.27,,-0.72,-18.37,1.23,36.85,38.69,31.19,38.82,32.61,75.79,TRUE,0.00025,cleaned,0.999,0.999,,,0.999,,374,3.103,0.13,3.198,3.103,0.13,3.198,3.063,0.124,3.154,TRUE,12/12/2022 00:00,2.422,-3.87,-0.32,-5.95,18.22,19.7,16.02,73.29,177.53,0,0,0.67,,1,1,,,1,
EOH2468,TRUE,,28/05/2021 07:38,28/09/2023 23:58,853.68,28/05/2021 07:40,28/09/2023 23:56,853.68,19/08/2022,19/08/2023,2,0.021,2.55,2.441,2.342,3845.97,8747.43,259.29,0,156.6,,-0.89,-25.87,1.35,35.22,37.79,31.26,36.89,33.01,54.76,FALSE,0,cleaned,0.98,0.98,0.98,,0.98,,308,2.535,0.009,2.536,2.448,0.017,2.445,2.35,0.019,2.345,TRUE,13/12/2022 00:00,1.85,-5.52,-2.97,-7.94,17.98,18.68,17.26,32.9,52.68,8.21,0,1.13,,1,1,1,,1,
EOH2481,FALSE,Less than 1yr data available,27/04/2021 11:16,31/03/2022 23:58,338.53,27/04/2021 11:16,31/03/2022 23:56,338.53,,,,,,,,,,,,,,,,,,,,,,,,,cleaned,,,,,,,,,,,,,,,,,TRUE,04/01/2022 00:00,1.971,-0.99,0.59,-3.3,19.47,20.49,18.33,26.09,48.8,2.62,0,0.92,,1,1,1,,1,
EOH2483,TRUE,,30/07/2021 18:22,28/09/2023 23:58,790.23,30/07/2021 18:22,28/09/2023 23:56,790.23,09/11/2021,09/11/2022,1,0.001,3.955,3.881,3.881,3760.56,14500.72,93.85,0,0,,0.295,8.05,0.93,29.69,30.55,26.87,30.2,27.42,60.38,FALSE,0,cleaned,0.998,0.998,0.998,,0.998,,411,3.973,0.027,3.972,3.899,0.025,3.901,3.899,0.025,3.901,TRUE,13/12/2022 00:00,2.608,-7.3,-5.2,-10.29,17.83,19.03,17.4,57.43,149.78,0,0,0,,1,1,1,,1,
EOH2484,TRUE,,22/12/2020 09:36,29/09/2023 00:00,1010.6,22/12/2020 09:38,28/09/2023 23:58,1010.6,20/01/2021,20/01/2022,3.1,0.006,3.256,3.122,2.742,2615.03,7034.75,136.37,0,318.05,,-0.324,-9.05,1.1,38.7,39.94,36.47,39.85,37.42,60.45,FALSE,0,cleaned,0.995,0.995,0.995,,0.995,,513,3.287,0.036,3.282,3.169,0.04,3.165,2.758,0.017,2.755,TRUE,11/02/2021 00:00,2.113,-7.07,-0.4,-11.9,21.52,22.31,20.56,25.09,53.01,0,0,1.88,,1,1,1,,1,
EOH2488,TRUE,,24/06/2021 12:14,10/09/2023 10:34,807.93,24/06/2021 12:16,10/09/2023 10:32,807.93,05/10/2021,05/10/2022,3,0.199,3.136,3.136,3.081,5719.21,17620.58,0,0,101.04,,-1.074,-25.5,1.34,41.32,42.89,38.53,42.92,39.72,66.89,TRUE,0.0002,cleaned,0.932,0.932,,,0.932,,389,3.068,0.076,3.025,3.068,0.076,3.025,3.009,0.077,2.965,TRUE,13/12/2022 00:00,1.865,-5.52,-2.97,-7.94,,,,71.14,132.71,0,0,0.54,,1,1,,,1,
EOH2497,TRUE,,29/06/2021 14:08,28/09/2023 23:58,821.41,29/06/2021 14:10,28/09/2023 23:56,821.41,22/07/2022,22/07/2023,0,0,3.073,3.073,2.93,3285.95,9627.78,0,0,153.06,,-0.317,-9.35,1.1,37.49,42.97,35.68,40.96,38.55,76.81,TRUE,0.00014,cleaned,1,1,,,1,,453,3.094,0.018,3.095,3.094,0.018,3.095,2.948,0.014,2.955,TRUE,12/12/2022 00:00,2.51,-3.87,-0.32,-5.95,16.97,17.93,13.37,29.32,73.59,0,0,0.87,,1,1,,,1,
EOH2499,FALSE,Less than 1yr usable data,30/03/2021 17:16,29/09/2023 00:00,912.28,30/03/2021 17:16,28/09/2023 23:58,912.28,,,,,,,,,,,,,,,,,,,,,,,,,cleaned,,,,,,,,,,,,,,,,,TRUE,15/12/2022 00:00,2.117,-3.75,-0.11,-6.6,18.03,19.69,16.27,29.79,63.07,0,0,0,,1,1,,,1,
EOH2504,TRUE,,22/02/2021 15:48,29/09/2023 00:00,948.34,22/02/2021 15:50,28/09/2023 23:58,948.34,16/10/2021,16/10/2022,2,0.165,2.64,2.586,2.586,2870.83,7329.07,94.51,0,0,,-0.68,-20.49,1.26,36.4,40.21,32.25,38.58,34.16,58.57,FALSE,0,cleaned,0.911,0.911,0.911,,0.911,,451,2.584,0.049,2.589,2.545,0.03,2.55,2.545,0.03,2.55,TRUE,15/12/2022 00:00,2.305,-2.21,1.79,-5.41,16.56,17.79,15.33,39.28,90.53,0,0,0,,1,1,1,,1,
EOH2505,FALSE,Less than 1yr data available,08/07/2021 16:12,31/03/2022 23:58,266.32,17/07/2021 00:00,31/03/2022 23:56,258,,,,,,,,,,,,,,,,,,,,,,,,,cleaned,,,,,,,,,,,,,,,,,TRUE,28/11/2021 00:00,3.089,1.46,4.2,-1.4,19.52,20.43,18.76,33.08,102.18,0,0,1.37,,1,1,1,,1,
EOH2508,TRUE,,24/06/2021 16:24,27/09/2023 08:10,824.66,24/06/2021 16:26,27/09/2023 08:08,824.65,29/09/2021,29/09/2022,1,0.001,2.76,2.718,2.639,4788.37,12524.85,110.89,0,139.75,,-0.81,-22.68,1.29,40.23,40.61,36.58,40.77,37.1,56.93,FALSE,0,cleaned,0.998,0.998,0.998,,0.998,,400,2.66,0.089,2.635,2.603,0.101,2.569,2.521,0.103,2.485,TRUE,08/03/2023 00:00,2.217,-1.89,2.66,-6.82,,,,27.55,59.85,1.22,0,0.91,,1,1,1,,1,
EOH2510,TRUE,,06/03/2021 18:30,28/09/2023 23:58,936.23,08/03/2021 00:00,28/09/2023 23:56,935,19/08/2022,19/08/2023,0,0,2.484,2.422,2.422,3585.09,8535.94,148.25,0,0,,-0.936,-27.38,1.38,32.28,34.21,30.87,33.7,31.92,57.4,FALSE,0,cleaned,0.999,0.999,0.999,,0.999,,565,2.447,0.033,2.437,2.384,0.035,2.377,2.384,0.035,2.377,TRUE,15/12/2022 00:00,2.124,-3.75,-0.11,-6.6,20.56,21.4,19.49,35.12,73.98,0.62,0,0,,1,1,1,,1,
EOH2512,TRUE,,27/07/2021 10:46,29/09/2023 00:00,793.55,27/07/2021 10:48,28/09/2023 23:58,793.55,05/06/2022,05/06/2023,0,0,3.311,3.311,3.218,3029.08,9747.35,0,0,85.3,0,-0.609,-15.53,1.18,39.37,39.37,36.01,36.17,33.01,76.84,TRUE,0.0428,cleaned,0.999,0.999,,,0.999,0.999,425,3.216,0.135,3.312,3.216,0.135,3.312,3.147,0.11,3.22,FALSE,13/12/2022 00:00,1.849,-6.42,-2.6,-8.37,18.6,20.72,17.43,8.24,15.24,0,0,0.78,0,1,1,,,1,1
EOH2516,TRUE,,24/11/2021 14:24,29/09/2023 00:00,673.4,24/11/2021 14:24,28/09/2023 23:58,673.4,28/11/2021,28/11/2022,2,0.007,3.206,3.151,3.102,2137.25,6577.14,52.53,0,33.38,,-0.604,-15.85,1.19,36.99,40.3,32,39.35,34.47,60.98,FALSE,0,cleaned,0.993,0.993,0.993,,0.993,,303,3.237,0.038,3.242,3.186,0.039,3.193,3.134,0.038,3.141,TRUE,13/12/2022 00:00,2.607,-7.92,-2.77,-11.6,14.95,16.34,12.79,25.73,67.07,0,0,0.43,,1,1,1,,1,
EOH2523,TRUE,,08/06/2021 11:00,28/09/2023 23:58,842.54,08/06/2021 11:02,28/09/2023 23:56,842.54,13/10/2021,13/10/2022,1,0.001,3.15,3.052,3.028,2968.29,8852.51,134.13,0,23.58,,-0.78,-19.85,1.25,43.51,44.1,40.33,44.54,41.23,58.93,FALSE,0,cleaned,0.998,0.998,0.998,,0.998,,473,3.171,0.023,3.173,3.079,0.028,3.078,3.053,0.027,3.052,TRUE,13/12/2022 00:00,2.272,-7.92,-2.77,-11.6,17.1,19.12,15.04,32.56,73.99,0,0,0.18,,1,1,1,,1,
EOH2524,TRUE,,30/07/2021 13:02,21/09/2023 11:06,782.92,30/07/2021 13:04,21/09/2023 11:04,782.92,17/10/2021,17/10/2022,2,0.002,2.854,2.854,2.824,5513.72,15571.52,0,0,58.56,,-0.996,-25.86,1.35,44.8,46.95,39.76,47.68,42.2,72.76,TRUE,0.00175,cleaned,0.998,0.998,,,0.998,,383,2.836,0.024,2.849,2.836,0.024,2.849,2.807,0.022,2.817,TRUE,13/12/2022 00:00,2.265,-5.52,-2.97,-7.94,,,,64.93,147.07,0,0,0.53,,1,1,,,1,
EOH2526,TRUE,,01/10/2021 11:46,29/09/2023 00:00,727.51,01/10/2021 11:48,28/09/2023 23:58,727.51,10/03/2022,10/03/2023,1,0.002,3.063,2.935,2.666,3067.53,8004.68,172.84,0,281.07,,-0.747,-19.61,1.24,32.07,34.29,28.47,33.05,29.53,64.75,FALSE,0,cleaned,0.998,0.998,0.998,,0.998,,354,3.096,0.041,3.111,2.967,0.037,2.98,2.694,0.037,2.703,TRUE,13/12/2022 00:00,2.212,-6.42,-2.6,-8.37,17.2,18.07,16.36,35.29,77.41,0.64,0,2.11,,1,1,1,,1,
EOH2531,TRUE,,25/05/2021 16:32,29/12/2022 16:24,582.99,25/05/2021 16:34,29/12/2022 16:22,582.99,26/05/2021,26/05/2022,2,0.001,1.773,1.754,1.664,5506.35,9029.7,131.93,0,282.3,,-1.467,-45.27,1.83,39.66,40.85,36.45,40.82,37.72,53.01,FALSE,0,cleaned,0.999,0.999,0.999,,0.999,,138,1.733,0.031,1.732,1.713,0.033,1.713,1.622,0.034,1.623,TRUE,13/12/2022 00:00,1.049,-5.52,-2.97,-7.94,20.78,20.93,20.63,61.71,62.04,2.7,0,2.21,,1,1,1,,1,
EOH2537,TRUE,,19/05/2021 10:24,22/09/2023 10:28,856,19/05/2021 10:26,22/09/2023 10:26,856,23/05/2021,23/05/2022,2,0.001,2.923,2.59,2.59,2119.03,5121.22,277.56,89.36,0,,0.023,0.79,0.99,33.87,37.54,30.17,34.78,31.3,64.66,FALSE,0,cleaned,0.999,0.999,0.999,0.999,0.999,,485,3.222,0.208,3.27,2.949,0.227,2.996,2.949,0.227,2.996,TRUE,17/01/2023 00:00,2.495,-4.13,-0.41,-7.27,11.67,13.95,10.57,28.94,64.63,0,7.56,0,,1,1,1,1,1,
EOH2540,FALSE,Less than 1yr data available,31/08/2021 09:40,11/02/2022 16:06,164.27,31/08/2021 09:42,11/02/2022 16:04,164.27,,,,,,,,,,,,,,,,,,,,,,,,,sensor swaps not checked,,,,,,,,,,,,,,,,,TRUE,04/01/2022 00:00,2.156,-0.99,0.59,-3.3,21.94,23.28,20.33,40.21,86.68,0,0,0.02,,1,1,,,1,
EOH2541,TRUE,,17/09/2021 09:22,28/09/2023 23:58,741.61,17/09/2021 09:26,28/09/2023 23:56,741.6,20/09/2021,20/09/2022,3.1,0.008,3.068,3.068,2.832,2071.67,5867.73,0,0,159.31,8420.88,0.108,3.66,0.96,33.64,33.64,28.87,34.71,30.65,57.05,FALSE,0,cleaned,0.998,0.998,,,0.998,0.893,367,3.101,0.018,3.109,3.101,0.018,3.109,2.86,0.015,2.864,FALSE,13/12/2022 00:00,0.061,-5.52,-2.97,-7.94,18.37,20.33,16.98,3.29,0.2,0,0,1.37,143.96,1,1,,,1,1
EOH2544,TRUE,,28/09/2021 15:50,28/09/2023 23:58,730.34,28/09/2021 15:52,28/09/2023 23:56,730.34,08/10/2021,08/10/2022,1,0,2.98,2.98,2.894,7797.03,22563.07,0,0,225.45,,-1.23,-29.22,1.41,44.66,46.57,40.36,47.29,42.37,71.61,TRUE,0.00039,cleaned,0.999,0.999,,,0.999,,362,2.973,0.016,2.971,2.973,0.016,2.971,2.886,0.015,2.884,TRUE,13/12/2022 00:00,2.165,-6.42,-2.6,-8.37,,,,101.64,220.07,0,0,1.78,,1,1,,,1,
EOH2546,TRUE,,21/07/2021 12:50,28/09/2023 23:58,799.46,21/07/2021 12:50,28/09/2023 23:56,799.46,28/09/2022,28/09/2023,3.3,0.529,3.342,3.342,2.885,921.64,2658.6,0,0,126.1,6386.38,0.292,9.57,0.91,29.99,29.99,27.93,32.06,30.05,54.09,FALSE,0,cleaned,0.822,0.822,,,0.822,0.793,134,3.364,0.086,3.311,3.364,0.086,3.311,2.908,0.085,2.851,FALSE,13/12/2022 00:00,0.037,-5.52,-2.97,-7.94,14.56,16.53,13.51,3.56,0.13,0,0,1.52,108.54,1,1,,,1,1
EOH2549,TRUE,,10/08/2021 13:34,29/09/2023 00:00,779.43,10/08/2021 13:36,28/09/2023 23:58,779.43,24/06/2022,24/06/2023,2,0.005,3.528,3.48,3.383,4032.69,13566.24,75.51,0,112.12,,-0.282,-7.4,1.08,40.89,42.39,34.25,42.97,35.9,63.83,FALSE,0,cleaned,0.995,0.994,0.994,,0.995,,383,3.38,0.135,3.346,3.327,0.138,3.284,3.223,0.142,3.18,TRUE,13/12/2022 00:00,2.826,-1.35,1.62,-4.46,8.15,15.72,5.53,21.41,60.26,0.25,0,0.72,,1,1,0.986,,1,
EOH2561,TRUE,,23/03/2021 13:06,29/09/2023 00:00,919.45,23/03/2021 13:06,28/09/2023 23:58,919.45,02/04/2021,02/04/2022,0,0,2.389,2.349,2.233,4064.46,8962.06,112.02,0,201.13,,-1.181,-33.08,1.49,34.91,35.52,31.23,34.98,31.49,55.96,FALSE,0,cleaned,1,1,1,,1,,326,2.381,0.023,2.385,2.338,0.022,2.344,2.217,0.024,2.225,TRUE,16/01/2023 00:00,1.976,-2.4,0.27,-5.71,15.83,16.18,15.25,24.87,45.51,3.65,0,1.28,,1,1,1,,1,
EOH2564,TRUE,,22/09/2021 16:02,28/09/2023 23:58,736.33,23/09/2021 00:00,28/09/2023 23:56,736,08/10/2021,08/10/2022,3,0.253,3.015,3.015,2.854,3506.58,10006.87,0,0,188.03,,-0.635,-17.39,1.21,42.09,43.18,39.59,42.38,40.11,71.14,TRUE,0.00038,cleaned,0.89,0.89,,,0.89,,216,2.891,0.082,2.875,2.891,0.082,2.875,2.788,0.049,2.779,TRUE,13/12/2022 00:00,1.992,-6.42,-2.6,-8.37,20.15,21.65,18.87,41.31,82.3,0,0,0.85,,1,1,,,1,
EOH2568,TRUE,,23/09/2021 10:06,29/09/2023 00:00,735.58,23/09/2021 10:08,28/09/2023 23:58,735.58,01/06/2022,01/06/2023,1,0,3.334,3.334,3.257,4805.35,15653.2,0,0,110.86,,-0.586,-14.94,1.18,33.8,38.74,30.97,36.86,33.69,73.59,TRUE,0.00017,cleaned,0.999,0.999,,,0.999,,364,3.161,0.202,3.242,3.161,0.202,3.242,3.102,0.182,3.176,TRUE,13/12/2022 00:00,2.582,-7.27,-2.1,-9.8,18.52,19.77,17.7,51.42,132.8,0,0,0.7,,1,1,,,1,
EOH2571,FALSE,Less than 1yr usable data,26/11/2020 13:32,29/09/2023 00:00,1036.44,20/04/2021 00:00,28/09/2023 23:58,892,,,,,,,,,,,,,,,,,,,,,,,,,cleaned,,,,,,,,,,,,,,,,,TRUE,13/12/2022 00:00,2.1,-6.42,-2.6,-8.37,18.05,21.37,15.87,36.57,76.81,0,0,0,,0.989,0.989,,,0.989,
EOH2577,TRUE,,07/07/2021 12:36,29/09/2023 00:00,813.48,07/07/2021 12:36,28/09/2023 23:58,813.47,17/11/2021,17/11/2022,1,0.004,2.859,2.859,2.786,7461.28,20788.83,0,0,189.66,,-1.061,-27.07,1.37,38.3,40.97,35.85,40.07,37.56,60.56,FALSE,0,cleaned,0.999,0.985,0.999,,0.999,,415,2.819,0.023,2.825,2.819,0.023,2.825,2.749,0.021,2.756,TRUE,13/12/2022 00:00,1.82,-6.42,-2.6,-8.37,16.54,17.22,15.83,107.18,195.09,0,0,1.26,,0.886,0.886,0.886,,0.886,
EOH2578,TRUE,,04/12/2020 16:26,10/08/2023 15:14,978.95,04/12/2020 16:26,10/08/2023 15:12,978.95,21/03/2021,21/03/2022,2,0,3.109,3.069,3.069,5129.03,15640.29,98.89,0,0,,-0.811,-20.68,1.26,42.56,43,40.05,41.84,39.44,70.68,TRUE,0.00126,cleaned,0.999,0.999,0.999,,0.999,,379,2.986,0.149,3.07,2.943,0.145,3.018,2.943,0.145,3.018,TRUE,11/02/2021 00:00,2.208,-5.42,-0.8,-10.1,19.07,21,16.62,55.35,122.1,0.1,0,0,,1,1,1,,1,
EOH2584,TRUE,,08/01/2021 15:16,29/09/2023 00:00,993.36,08/01/2021 15:18,28/09/2023 23:58,993.36,13/01/2021,13/01/2022,0,0,2.77,2.656,2.398,1662.38,3888.4,97.19,0,161.66,,-0.81,-22.61,1.29,38.2,40.27,35.24,40.41,37.26,57.82,FALSE,0,cleaned,1,1,1,,1,,238,2.707,0.03,2.707,2.58,0.032,2.579,2.329,0.029,2.328,TRUE,11/02/2021 00:00,2.066,-7.07,-0.4,-11.9,18.36,21.06,15.31,14.85,30.67,0,0,1.2,,1,1,1,,1,
EOH2586,TRUE,,12/03/2021 10:16,28/09/2023 23:58,930.57,12/03/2021 10:16,28/09/2023 23:56,930.57,24/07/2021,24/07/2022,1,0.003,3.549,3.48,3.298,5544.84,18147.81,141.04,0,289.86,,0.029,0.82,0.99,41.52,43.23,37.42,42.92,38.82,62.54,FALSE,0,cleaned,0.997,0.997,0.997,,0.997,,530,3.544,0.018,3.547,3.279,0.209,3.348,3.119,0.187,3.182,TRUE,15/12/2022 00:00,2.468,-4.15,-1.65,-7.51,16.32,17.9,14.91,38.82,95.72,0.08,0,1.78,,1,1,1,,1,
EOH2595,TRUE,,30/09/2021 09:06,29/09/2023 00:00,728.62,30/09/2021 09:08,28/09/2023 23:58,728.62,03/06/2022,03/06/2023,2,0.1,3.008,2.984,2.97,9144.73,27044.18,112.78,0,42.54,,-0.652,-17.8,1.22,45.82,46.34,41.35,45.04,39.89,62.04,FALSE,0,cleaned,0.932,0.932,0.932,,0.932,,250,3.055,0.066,3.015,3.029,0.065,2.99,3.014,0.063,2.976,TRUE,08/03/2023 00:00,2.441,-1.35,3.49,-6.72,18.08,19.37,15.9,64.75,158.03,0,0,0.23,,1,1,1,,1,
EOH2602,TRUE,,28/07/2021 14:14,19/09/2023 10:44,782.85,28/07/2021 14:16,19/09/2023 10:42,782.85,20/08/2021,20/08/2022,3.3,1.137,2.131,2.131,1.773,1047.91,1858.09,0,0,175.87,5819.48,-0.869,-28.98,1.41,42.8,42.8,38.12,42.03,37.58,69.79,TRUE,0.00033,cleaned,0.974,0.974,,,0.974,0.952,33,2.131,0,2.131,2.131,0,2.131,1.773,0,1.773,FALSE,13/12/2022 00:00,0.002,-5.52,-2.97,-7.94,14.35,15.23,13.61,3.33,0.01,0,0,1.51,46.66,1,1,,,1,1
EOH2609,TRUE,,09/06/2021 11:02,29/09/2023 00:00,841.54,09/06/2021 11:04,28/09/2023 23:58,841.54,03/08/2022,03/08/2023,1,0.001,3.45,3.375,3.242,5272.08,16939.08,155.56,0,206.35,,0.19,5.82,0.94,41.79,43.45,37.48,42.72,38.44,61.35,FALSE,0,cleaned,0.998,0.998,0.998,,0.998,,474,3.489,0.032,3.484,3.372,0.01,3.374,3.223,0.021,3.232,TRUE,13/12/2022 00:00,2.266,-6.42,-2.6,-8.37,16.81,19.29,12.04,61.52,139.44,0,0,1.24,,1,1,1,,1,
EOH2612,TRUE,,16/11/2021 13:24,01/09/2023 11:46,653.93,16/11/2021 13:24,01/09/2023 11:44,653.93,03/08/2022,03/08/2023,1,0,2.465,2.465,2.43,2696.17,6552.34,0,0,37.52,,-0.795,-24.4,1.32,44.19,44.89,42.04,44.84,42.62,57.61,FALSE,0,cleaned,0.999,0.999,,,0.999,,288,2.452,0.015,2.459,2.452,0.015,2.459,2.422,0.011,2.426,TRUE,13/12/2022 00:00,2.09,-5.52,-2.97,-7.94,16.4,18.79,14.88,16.49,34.47,0,0,0.21,,1,1,,,1,
EOH2613,TRUE,,22/12/2020 13:48,28/09/2023 23:58,1010.42,22/12/2020 13:50,28/09/2023 23:56,1010.42,29/04/2021,29/04/2022,0,0,3.183,3.183,2.977,2075.24,6177.97,0,0,134.52,,,,,34.46,41.16,33.24,39.34,37.36,68.1,TRUE,0.00143,cleaned,1,1,,,1,,542,3.169,0.05,3.183,3.169,0.05,3.183,2.971,0.032,2.975,TRUE,13/12/2022 00:00,2.465,-6.42,-2.6,-8.37,18.81,21.87,17,15,36.97,0,0,0.42,,1,1,,,1,
EOH2619,TRUE,,22/04/2021 17:56,28/09/2023 23:58,889.25,23/04/2021 00:00,28/09/2023 23:56,889,05/05/2021,05/05/2022,1,0,3.282,3.282,3.139,3853.7,12096.17,0,0,168.45,0,-0.638,-16.27,1.19,41.75,41.75,37.17,40.54,36.31,77.75,TRUE,0.0159,cleaned,0.999,0.999,,,0.999,0.999,521,3.159,0.06,3.152,3.159,0.06,3.152,3.031,0.048,3.018,FALSE,13/12/2022 00:00,2.298,-1.35,1.62,-4.46,15.62,17.75,13.12,25.08,57.64,0,0,0.31,0,1,1,,,1,1
EOH2622,FALSE,Less than 1yr data available,29/11/2022 12:46,29/06/2023 08:58,211.84,29/11/2022 12:46,29/06/2023 08:56,211.84,,,,,,,,,,,,,,,,,,,,,,,,,cleaned,,,,,,,,,,,,,,,,,FALSE,13/12/2022 00:00,0.005,-5.52,-2.97,-7.94,16.84,18.75,14.26,1.73,0.01,0,0,1.47,132.89,1,1,,,1,1
EOH2625,TRUE,,24/08/2021 14:46,01/02/2023 08:48,525.75,20/09/2021 00:00,01/02/2023 08:46,499.37,18/10/2021,18/10/2022,2,0.003,3.753,3.731,3.531,6387.48,22507.91,48.16,0,341.56,,,,,43.47,43.84,38.23,43.88,38.31,60.04,FALSE,0,cleaned,0.997,0.997,0.997,,0.997,,134,3.803,0.044,3.811,3.783,0.045,3.793,3.572,0.035,3.576,FALSE,13/12/2022 00:00,3.851,-6.42,-2.6,-8.37,,,,33.47,128.89,0,0,1.48,,1,1,1,,1,
EOH2630,TRUE,,15/07/2021 17:52,29/09/2023 00:00,805.26,15/07/2021 18:06,28/09/2023 23:58,805.24,03/06/2022,03/06/2023,2,0.058,3.88,3.844,3.359,4636.55,15521.61,51.12,0,585.43,,-0.09,-2.26,1.02,33.24,35.41,31.23,34.39,32.07,55.76,FALSE,0,cleaned,0.97,0.97,0.97,,0.97,,392,3.837,0.043,3.847,3.799,0.043,3.805,3.343,0.018,3.345,TRUE,13/12/2022 00:00,2.803,-6.42,-2.6,-8.37,18.64,18.85,18.16,48.11,134.83,0,0,4.04,,1,1,1,,1,
EOH2634,TRUE,,13/07/2021 17:14,28/09/2023 23:58,807.28,13/07/2021 17:16,28/09/2023 23:56,807.28,26/06/2022,26/06/2023,2,0.002,2.981,2.978,2.783,6026.59,16766.17,7.81,0,393.7,,-0.499,-14.35,1.17,36.67,38.45,33.53,37.09,34.13,64.08,TRUE,0.00006,cleaned,0.998,0.998,0.998,,0.998,,138,2.979,0.003,2.979,2.976,0.002,2.977,2.783,0.003,2.783,TRUE,13/12/2022 00:00,2.043,-6.42,-2.6,-8.37,18.79,20.87,16.53,84.87,173.41,0,0,3.96,,1,1,1,,1,
EOH2637,TRUE,,30/04/2021 18:18,08/09/2023 22:06,861.16,30/04/2021 18:20,08/09/2023 22:04,861.16,27/05/2021,27/05/2022,3.1,0.017,3.077,3.077,2.724,1252.96,3412.68,0,0,143.93,5047.1,,,,37.86,37.86,33.49,37.84,34.35,59.79,FALSE,0,cleaned,0.999,0.999,,,0.999,0.923,381,3.011,0.045,2.994,3.011,0.045,2.994,2.716,0.02,2.718,FALSE,13/12/2022 00:00,0.99,-5.52,-2.97,-7.94,,,,4.21,4.17,0,0,1.49,68.89,1,1,,,1,1
EOH2640,FALSE,Less than 1yr data available,23/04/2021 13:40,29/12/2021 23:32,250.41,23/04/2021 13:44,29/12/2021 23:30,250.41,,,,,,,,,,,,,,,,,,,,,,,,,cleaned,,,,,,,,,,,,,,,,,FALSE,28/11/2021 00:00,0.05,-0.72,1.5,-3,19.87,21.88,18.73,3.2,0.16,0,0,1.38,84.02,1,1,,,1,1
EOH2646,FALSE,Quality score outside threshold,15/12/2020 13:22,20/09/2023 09:48,1008.85,15/12/2020 13:24,20/09/2023 09:46,1008.85,01/01/2022,01/01/2023,4,2.8,2.431,2.409,2.258,2579.55,5787.34,37.33,0,161.25,,,,,40.38,42.13,37.7,42.13,39.27,55.79,FALSE,0,cleaned,0.066,0.066,0.066,,0.066,,63,1.675,0.603,1.333,1.664,0.594,1.328,1.562,0.554,1.249,FALSE,11/02/2021 00:00,0.121,-3.92,2.1,-8.2,20.41,24,15.68,20.46,2.48,0,0,0.85,,1,1,1,,1,
EOH2648,FALSE,Less than 1yr data available,31/03/2021 15:32,24/02/2022 09:54,329.77,31/03/2021 15:34,24/02/2022 09:52,329.76,,,,,,,,,,,,,,,,,,,,,,,,,cleaned,,,,,,,,,,,,,,,,,FALSE,17/04/2021 00:00,3.738,0.07,0.14,-0.01,,,,4.34,16.24,0,0,0,,1,1,,,1,
EOH2667,TRUE,,08/11/2021 11:34,26/09/2023 07:58,686.85,08/11/2021 11:36,26/09/2023 07:56,686.85,14/12/2021,14/12/2022,3.3,0.757,5.18,2.644,2.495,3326.64,6396.75,1872.69,31.41,187.55,,1.71,49.27,0.67,41.65,46.21,34.87,48.38,43.23,66.97,TRUE,0.00123,cleaned,0.99,0.989,0.985,0.164,0.99,,20,5.261,0.218,5.291,2.683,0.03,2.693,2.544,0.027,2.553,TRUE,13/12/2022 00:00,1.545,-5.52,-2.97,-7.94,,,,51.18,76.12,0.04,2.92,1.8,,1,1,1,1,1,
EOH2672,TRUE,,17/05/2021 18:40,29/09/2023 00:00,864.22,17/05/2021 18:40,28/09/2023 23:58,864.22,05/08/2022,05/08/2023,0,0,3.03,2.932,2.899,3749.73,10692.01,180.32,0,40.94,,-0.98,-24.43,1.32,35.53,36.61,33.87,36.85,35.01,60.28,FALSE,0,cleaned,1,1,0.999,,1,,492,3.047,0.024,3.037,2.955,0.028,2.955,2.922,0.027,2.922,TRUE,15/12/2022 00:00,2.39,-4.15,-1.65,-7.51,19.79,20.08,19.33,44.22,105.67,0,0,0.26,,1,1,1,,1,
EOH2675,FALSE,Less than 1yr usable data,12/11/2020 13:20,29/09/2023 00:00,1050.44,12/11/2020 13:20,28/09/2023 23:58,1050.44,,,,,,,,,,,,,,,,,,,,,,,,,cleaned,,,,,,,,,,,,,,,,,TRUE,13/12/2022 00:00,2.228,-6.42,-2.6,-8.37,17.95,18.56,17.06,68.38,152.33,0,0,0.66,,1,1,,,1,
EOH2678,TRUE,,15/10/2021 11:14,16/08/2023 10:28,669.97,15/10/2021 11:16,16/08/2023 10:26,669.97,12/02/2022,12/02/2023,3.1,0.015,3.38,3.261,2.957,1460.26,4252.05,66.63,0,135.79,,,,,45.59,46.21,43.51,47.04,44.9,58.34,FALSE,0,cleaned,0.987,0.987,0.987,,0.987,,64,3.383,0.009,3.381,3.268,0.022,3.261,2.965,0.018,2.959,FALSE,13/12/2022 00:00,3.131,-5.52,-2.97,-7.94,,,,19.96,62.52,0,0,1.43,,1,1,1,,1,
EOH2679,TRUE,,17/05/2021 18:02,23/09/2023 14:24,858.85,17/05/2021 18:02,23/09/2023 14:22,858.85,26/07/2022,26/07/2023,1,0,3.895,3.812,3.741,4098.05,15214.92,116.13,0,75.9,,0.105,2.78,0.97,36.05,37.63,33.09,36.72,33.73,60,FALSE,0,cleaned,0.999,0.999,0.999,,0.999,,492,3.954,0.054,3.928,3.876,0.057,3.852,3.802,0.054,3.779,TRUE,15/12/2022 00:00,3.059,-4.15,-1.65,-7.51,17.33,17.7,16.79,49.67,151.94,0,0,0.8,,1,1,1,,1,
EOH2682,TRUE,,13/05/2021 14:44,28/09/2023 23:58,868.38,13/05/2021 14:46,28/09/2023 23:56,868.38,21/05/2021,21/05/2022,1,0.03,3.187,3.13,3.119,3952.92,12225.63,102.78,0,13.63,,-0.323,-9.21,1.1,39.39,41.6,36.41,40.63,37.65,60.12,FALSE,0,cleaned,0.97,0.97,0.97,,0.97,,488,2.966,0.171,2.903,2.909,0.173,2.855,2.884,0.186,2.839,TRUE,15/12/2022 00:00,2.265,-4.15,-1.65,-7.51,18.55,19.13,17.92,46.43,104.42,0.74,0,0.51,,1,1,1,,1,
EOH2686,TRUE,,30/07/2021 15:54,29/09/2023 00:00,790.34,30/07/2021 15:56,28/09/2023 23:58,790.33,20/08/2021,20/08/2022,2,0.002,4.376,4.376,4.085,2477.64,10120.48,0,0,164.89,,0.726,19.89,0.83,31.19,33.21,28.98,32.66,30.26,75.09,TRUE,0.00003,cleaned,0.998,0.998,,,0.998,,412,4.345,0.071,4.324,4.345,0.071,4.324,4.151,0.032,4.159,TRUE,12/12/2022 00:00,2.829,-3.87,-0.32,-5.95,18.95,19.33,17.87,40.8,115.42,0,0,0.73,,1,1,,,1,
EOH2689,TRUE,,09/06/2021 14:24,28/09/2023 23:58,841.4,09/06/2021 14:26,28/09/2023 23:56,841.4,14/09/2021,14/09/2022,1,0.001,3.01,2.965,2.868,5263.26,14978.75,115.36,0,171.95,,-0.38,-11.2,1.13,33.91,36.17,30.36,35.81,32.02,56.68,FALSE,0,cleaned,0.998,0.998,0.998,,0.998,,474,2.973,0.039,2.975,2.915,0.05,2.911,2.809,0.056,2.806,TRUE,13/12/2022 00:00,2.224,-5.52,-2.97,-7.94,18.75,19.8,17.59,51.6,107.62,7.16,0,1.28,,1,1,1,,1,
EOH2690,FALSE,Less than 1yr usable data,18/11/2020 20:46,28/09/2023 23:58,1044.13,18/11/2020 20:46,28/09/2023 23:56,1044.13,,,,,,,,,,,,,,,,,,,,,,,,,cleaned,,,,,,,,,,,,,,,,,TRUE,13/12/2022 00:00,1.985,-6.42,-2.6,-8.37,,,,33.56,66.62,0,0,0,,1,1,,,1,
EOH2699,FALSE,Less than 1yr data available,23/06/2021 08:22,24/03/2022 12:12,274.16,23/07/2021 00:00,24/03/2022 12:10,244.51,,,,,,,,,,,,,,,,,,,,,,,,,cleaned,,,,,,,,,,,,,,,,,TRUE,28/11/2021 00:00,3.618,1.71,3.8,-0.49,20.04,21.06,19.23,32.78,118.62,0,0,3.69,,1,1,1,,1,
EOH2700,FALSE,Less than 1yr data available,27/07/2021 12:46,31/03/2022 23:58,247.47,28/07/2021 00:00,31/03/2022 23:56,247,,,,,,,,,,,,,,,,,,,,,,,,,cleaned,,,,,,,,,,,,,,,,,TRUE,04/01/2022 00:00,2.583,-0.99,0.59,-3.3,17.2,19.27,15.34,41.59,107.42,0,0,0.52,,1,1,,,1,
EOH2703,TRUE,,18/10/2021 13:12,29/09/2023 00:00,710.45,18/10/2021 13:12,28/09/2023 23:58,710.45,08/09/2022,08/09/2023,2,0,3.74,3.164,2.699,911.47,2296.7,163.26,0,134.05,,,,,44.84,46,40.76,46.35,42.39,61.58,FALSE,0,cleaned,0.999,0.999,0.999,,0.999,,204,4.124,0.34,4.081,3.284,0.114,3.252,2.774,0.089,2.746,FALSE,13/12/2022 00:00,3.19,-5.52,-2.97,-7.94,15.27,17.2,13.72,6.96,21.47,0.72,0,0.25,,1,1,1,,1,
EOH2705,FALSE,Less than 1yr data available,,,0,,,0,,,,,,,,,,,,,,,,,,,,,,,,,,,,,,,,,,,,,,,,,,FALSE,,,,,,,,,,,,,,,0,0,,,,
EOH2712,FALSE,Less than 1yr usable data,15/04/2021 13:38,24/09/2023 09:50,891.84,15/04/2021 13:40,24/09/2023 09:48,891.84,,,,,,,,,,,,,,,,,,,,,,,,,sensor swaps not checked,,,,,,,,,,,,,,,,,FALSE,08/03/2023 00:00,1.107,-1.89,2.66,-6.82,19.67,20.68,18.96,1.14,1.26,0,0,0.88,65.76,1,1,,,1,1
EOH2713,FALSE,Quality score outside threshold,26/02/2021 14:58,31/03/2022 23:58,398.38,26/02/2021 15:00,31/03/2022 23:56,398.37,20/03/2021,20/03/2022,4,1.743,2.69,2.602,2.447,4854.16,11643.56,236.58,0,288.78,,,,,50.03,50.74,45.64,,,64.39,FALSE,0,sensor swaps not checked,0.419,0.419,0.419,,0.419,,33,2.691,0.013,2.69,2.608,0.018,2.612,2.455,0.019,2.462,TRUE,07/03/2021 00:00,2.282,0.02,0.06,-0.02,14.35,14.35,14.34,80.34,183.33,0,0,3.18,,1,1,1,,1,
EOH2714,TRUE,,12/07/2021 12:24,28/09/2023 23:58,808.48,12/07/2021 12:26,28/09/2023 23:56,808.48,23/09/2022,23/09/2023,2,0.127,2.923,2.655,2.655,6036.64,15184.55,820.67,21.72,0,,0.023,0.8,0.99,49.9,49.18,44.34,50.35,44.8,69.22,TRUE,0.04027,cleaned,0.935,0.935,0.935,0.935,0.935,,331,2.927,0.013,2.927,2.578,0.09,2.605,2.578,0.09,2.605,TRUE,17/01/2023 00:00,2.327,-0.91,3.83,-3.1,18.71,19.93,17.23,42.64,98.86,0,0.38,0,,1,1,1,1,1,
EOH2716,TRUE,,17/05/2021 16:16,28/09/2023 23:58,864.32,17/05/2021 16:16,28/09/2023 23:56,864.32,19/06/2022,19/06/2023,2,0.018,3.615,3.574,3.549,3105.48,10973.55,48.9,0,21.38,,-0.125,-3.33,1.03,35.45,38.24,31.41,38.3,33.82,59.51,FALSE,0,cleaned,0.999,0.964,0.999,,0.999,,291,3.582,0.048,3.614,3.54,0.048,3.572,3.515,0.047,3.547,TRUE,17/01/2023 00:00,2.883,-2.27,0.11,-4.29,16.71,17.64,15.51,46.95,135.37,0,0,0.28,,1,1,1,,1,
EOH2717,TRUE,,07/05/2021 11:14,29/09/2023 00:00,874.53,07/05/2021 11:18,28/09/2023 23:58,874.53,07/09/2021,07/09/2022,3.3,0.975,3.197,3.197,2.868,1479.62,4243.42,0,0,152.11,4739.66,0.237,7.99,0.93,27.3,27.3,24.69,27.65,25.23,45.09,FALSE,0,cleaned,0.904,0.904,,,0.904,0.685,210,3.112,0.016,3.113,3.112,0.016,3.113,2.731,0.024,2.721,FALSE,13/12/2022 00:00,0.016,-5.52,-2.97,-7.94,18.18,18.76,17.9,3.53,0.06,0,0,1.55,89.2,1,1,,,1,1
EOH2722,TRUE,,03/09/2021 15:04,28/09/2023 23:58,755.37,04/09/2021 00:00,28/09/2023 23:56,755,08/01/2022,08/01/2023,2,0.01,2.856,2.856,2.856,3136.42,8957.85,0,0,0,,-0.654,-18.63,1.23,40,40.56,35.64,37.5,33.53,63,FALSE,0,cleaned,0.99,0.99,0.99,,0.99,,373,2.838,0.059,2.815,2.838,0.059,2.815,2.838,0.059,2.815,TRUE,13/12/2022 00:00,2.588,-6.42,-2.6,-8.37,19.64,20.29,19.17,39.84,103.11,0,0,0,,1,1,1,,1,
EOH2728,TRUE,,25/06/2021 09:30,29/09/2023 00:00,825.6,26/06/2021 00:00,28/09/2023 23:58,825,24/12/2021,24/12/2022,3.1,0.104,2.336,2.336,2.152,2462.65,5299.78,0,0,194.29,4188.05,-0.684,-22.64,1.29,36.57,36.57,32.39,38.24,35.34,54.01,FALSE,0,cleaned,0.996,0.895,,,0.996,0.726,130,2.33,0.026,2.337,2.33,0.026,2.337,2.144,0.022,2.151,FALSE,13/12/2022 00:00,0.213,-5.52,-2.97,-7.94,20.97,21.13,20.8,3.36,0.72,0,0,1.47,74.5,1,1,,,1,1
EOH2734,TRUE,,03/06/2021 10:32,28/09/2023 23:58,847.56,03/06/2021 10:32,28/09/2023 23:56,847.56,06/07/2022,06/07/2023,2,0,3.271,3.263,3.217,3719.26,11952.17,12.43,0,52.96,,-0.649,-16.55,1.2,43.11,42.96,39.53,42.84,39.11,56,FALSE,0,cleaned,0.999,0.999,0.999,,0.999,,480,3.344,0.068,3.318,3.326,0.058,3.3,3.257,0.04,3.23,TRUE,13/12/2022 00:00,2.434,-6.42,-2.6,-8.37,11.51,12.39,10.14,39.58,96.36,0,0,0.63,,1,1,1,,1,
EOH2739,TRUE,,28/01/2021 15:20,28/09/2023 23:58,973.36,28/01/2021 15:22,28/09/2023 23:56,973.36,10/05/2021,10/05/2022,1,0,2.795,2.795,2.755,5816.07,16022.52,0,0,83.87,,,,,44.4,47.79,41.34,47.54,44.62,78.19,TRUE,0.00467,cleaned,0.999,0.999,,,0.999,,604,2.791,0.026,2.788,2.791,0.026,2.788,2.753,0.028,2.748,TRUE,13/12/2022 00:00,1.851,-6.42,-2.6,-8.37,17.19,20.75,12.75,54.08,100.08,0,0,0.39,,1,1,,,1,
EOH2748,FALSE,Quality score outside threshold,04/06/2021 11:38,05/06/2023 17:40,731.25,25/06/2021 00:00,05/06/2023 17:38,710.73,08/01/2022,08/01/2023,5,1.265,4.484,4.473,4.308,2833.43,12198.36,8.56,0,104.57,,,,,37.16,37.53,33.15,35.84,31.54,59.02,FALSE,0,cleaned,0.627,0.627,0.627,,0.627,,0,,,,,,,,,,TRUE,11/12/2022 00:00,3.459,-2.35,-0.45,-5.14,15.92,17.06,15.33,18.31,63.34,0,0,0.81,,1,1,1,,1,
EOH2750,FALSE,Less than 1yr data available,10/09/2021 09:16,30/08/2022 23:58,354.61,10/09/2021 09:18,30/08/2022 23:56,354.61,,,,,,,,,,,,,,,,,,,,,,,,,cleaned,,,,,,,,,,,,,,,,,TRUE,28/12/2021 00:00,2.497,-3.11,-0.3,-5.8,19.63,21.68,17.62,26.3,65.66,0,0,0.29,,1,1,,,1,
EOH2751,TRUE,,11/08/2021 14:38,18/08/2022 11:16,371.86,11/08/2021 14:40,18/08/2022 11:14,371.86,14/08/2021,14/08/2022,3.1,0.009,3.401,3.392,3.367,3295.62,11084.05,12.23,0,24.03,,-0.409,-10.74,1.12,37.06,38.28,35.59,37.62,35.95,62.15,FALSE,0,cleaned,0.993,0.993,0.993,,0.993,,7,3.401,0,3.401,3.391,0.002,3.392,3.366,0.002,3.367,TRUE,08/11/2021 00:00,4.506,0.1,0.15,0.05,,,,12.9,58.11,0,0,0.14,,1,1,1,,1,
EOH2754,FALSE,Less than 1yr usable data,05/05/2021 13:04,11/09/2022 10:12,493.88,05/05/2021 13:04,11/09/2022 10:10,493.88,,,,,,,,,,,,,,,,,,,,,,,,,cleaned,,,,,,,,,,,,,,,,,TRUE,28/11/2021 00:00,2.45,0.35,3.2,-2.78,22.59,24.06,20.68,32.89,80.58,0,0,0.63,,1,1,1,,1,
EOH2758,FALSE,Less than 1yr data available,29/06/2021 13:42,31/03/2022 23:58,275.43,29/06/2021 13:44,31/03/2022 23:56,275.43,,,,,,,,,,,,,,,,,,,,,,,,,cleaned,,,,,,,,,,,,,,,,,TRUE,29/11/2021 00:00,1.23,1.62,6.09,-1.1,18.96,19.6,18.26,27.3,33.58,0,0,1.67,,1,1,1,,1,
EOH2762,FALSE,SPF outside threshold,22/07/2021 18:00,28/09/2023 23:58,798.25,22/07/2021 18:00,28/09/2023 23:56,798.25,28/09/2022,28/09/2023,5,3.173,0.341,0.357,0.357,2377.48,792.1,55.5,0,0,,,,,34.21,36.04,31.08,35.28,31.85,58.46,FALSE,0,cleaned,0.713,0.797,0.75,,0.713,,0,,,,,,,,,,FALSE,17/01/2023 00:00,0.354,-2.72,0.88,-5.9,16.38,16.88,15.88,23.58,8.34,0,0,0,,1,1,1,,1,
EOH2765,TRUE,,13/07/2021 15:30,29/09/2023 00:00,807.35,13/07/2021 15:30,28/09/2023 23:58,807.35,03/09/2022,03/09/2023,3,0.325,2.778,2.778,2.755,3688.8,10162.72,0,0,30.12,,-1.352,-32.74,1.49,43.8,47.47,39.3,47.07,42.96,72.12,TRUE,0.00687,cleaned,0.891,0.891,,,0.891,,104,2.763,0.014,2.767,2.763,0.014,2.767,2.739,0.014,2.742,TRUE,13/12/2022 00:00,2.271,-5.52,-2.97,-7.94,21.71,25.07,18.89,33.12,75.23,0,0,0.3,,1,1,,,1,
EOH2767,TRUE,,09/03/2022 16:40,29/09/2023 00:00,568.31,09/03/2022 16:40,28/09/2023 23:58,568.3,02/09/2022,02/09/2023,2,0.018,2.388,2.388,2.388,10961.1,26169.97,0,0,0,,-0.682,-22.23,1.29,45.25,47.77,40.44,48.01,43.35,63.81,FALSE,0,cleaned,0.978,0.976,,,0.978,,184,2.281,0.088,2.288,2.281,0.088,2.288,2.281,0.088,2.288,FALSE,15/12/2022 00:00,2.124,-3.75,-0.11,-6.6,16.86,17.62,15.65,82.66,175.6,0,0,0,,1,1,,,1,
EOH2769,TRUE,,20/07/2021 11:14,28/09/2023 23:58,800.53,20/07/2021 11:16,28/09/2023 23:56,800.53,23/08/2022,23/08/2023,2,0.18,2.699,2.699,2.692,3638.18,9792.84,0,0,9.21,,-0.671,-19.93,1.25,47.67,47.89,42.36,48.17,43.41,70.56,TRUE,0.00081,cleaned,0.908,0.908,,,0.908,,379,2.656,0.03,2.641,2.656,0.03,2.641,2.645,0.033,2.627,TRUE,13/12/2022 00:00,2.191,-5.52,-2.97,-7.94,16.16,18.29,13.53,35.48,77.76,0,0,0.25,,1,1,,,1,
EOH2778,TRUE,,01/09/2021 09:24,28/09/2023 23:58,757.61,01/09/2021 09:26,28/09/2023 23:56,757.6,09/08/2022,09/08/2023,0,0,2.466,2.398,2.371,2652.43,6166.6,121.24,0,30.05,,-1.344,-35.29,1.55,32.72,38.52,30.34,35.86,32.79,65.2,TRUE,0.00009,cleaned,1,1,1,,1,,387,2.478,0.033,2.464,2.41,0.034,2.397,2.381,0.032,2.37,TRUE,13/12/2022 00:00,1.996,-6.42,-2.6,-8.37,17.22,18.19,16.43,30.2,60.26,0,0,0.25,,1,1,1,,1,
EOH2782,TRUE,,22/09/2021 17:26,20/08/2023 23:58,697.27,22/09/2021 17:28,20/08/2023 23:56,697.27,03/06/2022,03/06/2023,2,0.002,2.717,2.717,2.693,8763.32,23595.64,0,0,80.45,,-1.053,-27.92,1.39,46.98,47.72,40.98,46.3,40.35,73.81,TRUE,0.00098,cleaned,0.997,0.997,,,0.997,,329,2.751,0.036,2.756,2.751,0.036,2.756,2.721,0.032,2.723,TRUE,13/12/2022 00:00,2.388,-1.35,1.62,-4.46,17.04,20.26,13.82,61.28,146.36,0,0,0.76,,1,1,,,1,
EOH2788,TRUE,,01/04/2021 12:26,24/09/2023 08:26,905.83,01/04/2021 12:28,24/09/2023 08:24,905.83,10/05/2021,10/05/2022,2,0,2.702,2.359,2.274,4539.28,9441.73,881.22,0,164.03,,-0.648,-19.34,1.24,39.9,41.03,34.92,41.57,36.39,58.41,FALSE,0,cleaned,0.999,0.999,1,,0.999,,498,2.686,0.025,2.698,2.408,0.051,2.399,2.321,0.05,2.309,TRUE,13/12/2022 00:00,1.965,-5.52,-2.97,-7.94,18.92,20,17.87,52.64,92.56,10.86,0,1.29,,1,1,1,,1,
EOH2790,TRUE,,22/02/2022 12:30,24/09/2023 12:48,579.01,22/02/2022 12:34,24/09/2023 12:46,579.01,14/09/2022,14/09/2023,3.1,0.007,2.209,2.209,2.004,1625.49,3257.7,0,0,150.46,6717.63,-0.751,-25.39,1.34,41.08,41.08,37.94,40.68,38.28,58.09,FALSE,0,cleaned,0.999,0.999,,,0.999,0.934,151,2.204,0.01,2.204,2.204,0.01,2.204,2.003,0.007,2.002,FALSE,13/12/2022 00:00,0.551,-5.52,-2.97,-7.94,19.38,21.72,16.26,3.46,1.91,0,0,1.5,105.73,1,1,,,1,1
EOH2799,TRUE,,17/11/2020 11:46,28/09/2023 23:58,1045.51,17/11/2020 11:48,28/09/2023 23:56,1045.51,28/09/2022,28/09/2023,1,0.005,2.997,2.997,2.944,3392.98,9989,0,0,60.06,,-0.863,-22.36,1.29,37.35,38.5,34.96,38.99,36.44,63.94,FALSE,0,cleaned,0.994,0.994,0.994,,0.994,,676,3.011,0.066,3.014,3.011,0.066,3.014,2.966,0.063,2.966,TRUE,13/12/2022 00:00,2.159,-7.92,-2.77,-11.6,18.64,19.81,17.75,42.57,91.91,0,0,0.29,,1,1,1,,1,
EOH2804,TRUE,,17/11/2021 18:08,28/02/2023 00:12,467.25,17/11/2021 18:10,28/02/2023 00:10,467.25,01/01/2022,01/01/2023,2,0.044,2.983,2.983,2.948,4463.81,13157.86,0,0,53.12,,-0.927,-23.7,1.31,42.36,45.02,36.63,44.01,38.55,73.09,TRUE,0.0013,cleaned,0.977,0.977,,,0.977,,101,2.977,0.045,2.983,2.977,0.045,2.983,2.942,0.044,2.948,TRUE,13/12/2022 00:00,2.436,-5.52,-2.97,-7.94,16.01,16.71,15.11,41.52,101.13,0,0,0.55,,1,1,,,1,
EOH2807,FALSE,SPF outside threshold,10/02/2021 12:44,04/10/2022 09:48,600.88,03/07/2021 00:00,04/10/2022 09:46,458.41,03/07/2021,03/07/2022,3.3,1.93,0.799,0.808,0.808,2086.42,1599.08,86.12,0,0,,,,,40.25,41.59,35.09,40.19,34.66,57.8,FALSE,0,cleaned,0.993,0.985,0.993,,0.993,,93,0.669,0.074,0.666,0.682,0.071,0.68,0.682,0.071,0.68,FALSE,02/08/2021 00:00,2.928,0.14,0.18,0.09,,,,1.83,5.36,0,0,0,,1,1,1,,1,
EOH2808,TRUE,,15/06/2021 10:12,28/09/2023 23:58,835.57,15/06/2021 10:14,28/09/2023 23:56,835.57,31/07/2022,31/07/2023,1,0.019,3.221,3.221,3.189,2680.31,8546.46,0,0,27.24,,-0.919,-22.19,1.29,34.52,37.18,32.02,36.53,33.93,61.57,FALSE,0,cleaned,0.981,0.981,0.981,,0.981,,461,3.312,0.105,3.25,3.312,0.105,3.25,3.278,0.103,3.217,TRUE,13/12/2022 00:00,2.63,-1.35,1.62,-4.46,20.21,21.1,17.86,30.73,80.83,0,0,0.25,,1,1,1,,1,
EOH2810,FALSE,Quality score outside threshold,15/10/2021 11:46,19/08/2023 13:24,673.07,25/11/2021 14:22,19/08/2023 13:22,631.96,27/12/2021,27/12/2022,5,2.076,5.623,3.657,3.279,1086.48,3148.29,414.48,0,112.14,,,,,44.01,44.52,41.96,43.39,41.4,57.5,FALSE,0,cleaned,0.693,0.693,0.693,,0.693,,0,,,,,,,,,,FALSE,13/12/2022 00:00,3.559,-5.52,-2.97,-7.94,19.39,21.21,18.85,6.12,20.81,0.96,0,0.46,,1,1,1,,1,
EOH2831,TRUE,,27/08/2021 12:00,29/09/2023 00:00,762.5,27/08/2021 12:02,28/09/2023 23:58,762.5,09/03/2022,09/03/2023,2,0.113,2.701,2.662,2.546,5108.32,12892.73,112.62,0,222.75,,-0.879,-24.55,1.33,46.33,46.83,43.61,45.31,42.1,62.34,FALSE,0,cleaned,0.942,0.942,0.942,,0.942,,339,2.773,0.145,2.679,2.729,0.141,2.641,2.606,0.142,2.526,TRUE,13/12/2022 00:00,1.97,-6.42,-2.6,-8.37,19.67,21.46,17.42,41.05,80.48,0.41,0,0.95,,1,1,1,,1,
EOH2837,TRUE,,18/03/2021 12:14,28/09/2023 23:58,924.49,18/03/2021 12:16,28/09/2023 23:56,924.49,17/04/2021,17/04/2022,1,0.001,3.059,3.059,2.85,3216.73,9168.82,0,0,219.79,,-0.591,-16.18,1.19,43.72,43.75,41.92,44.79,42.75,75.53,TRUE,0.00583,cleaned,0.999,0.999,,,0.999,,552,2.879,0.125,2.819,2.879,0.125,2.819,2.732,0.083,2.682,TRUE,13/12/2022 00:00,1.887,-6.42,-2.6,-8.37,14.06,14.86,13.55,29.54,55.75,0,0,0.74,,1,1,,,1,
EOH2847,TRUE,,12/03/2021 16:40,18/09/2023 20:38,920.17,12/03/2021 16:42,18/09/2023 20:36,920.16,15/09/2022,15/09/2023,3.1,0.014,3.008,3.008,2.793,1818.85,5080.51,0,0,129.78,7320.51,,,,41.09,41.09,34.57,44.75,39.68,58.33,FALSE,0,cleaned,0.999,0.999,,,0.999,0.92,526,2.68,0.21,2.64,2.68,0.21,2.64,2.485,0.205,2.46,FALSE,13/12/2022 00:00,0.091,-5.52,-2.97,-7.94,19.01,20.77,16.46,1.67,0.15,0,0,1.44,114.17,1,1,,,1,1
EOH2852,FALSE,SPF outside threshold,05/02/2021 17:00,08/09/2023 09:22,944.68,06/02/2021 00:00,08/09/2023 09:20,944.39,07/09/2022,07/09/2023,3.3,3.017,42.671,42.671,42.671,244.65,10439.75,0,0,0,10305.98,,,,52.12,52.12,43.74,52.83,44.49,79.75,TRUE,0.00312,cleaned,0.999,0.999,,,0.999,0.998,35,42.495,0.103,42.499,42.495,0.103,42.499,42.495,0.103,42.499,FALSE,13/12/2022 00:00,52.187,-5.52,-2.97,-7.94,18.25,21.62,15.9,1.84,95.82,0,0,0,95.21,1,1,,,1,1
EOH2862,TRUE,,06/03/2021 11:06,28/09/2023 23:58,936.54,06/03/2021 11:10,28/09/2023 23:58,936.53,06/09/2022,06/09/2023,3.3,0.28,2.741,2.741,2.312,1181.22,2730.8,0,0,185.05,2730.8,-0.219,-7.39,1.08,45.72,45.72,40.41,47.6,41.86,57.64,FALSE,0,cleaned,1,1,,,1,1,297,2.782,0.054,2.763,2.782,0.054,2.763,2.337,0.053,2.312,FALSE,13/12/2022 00:00,0.008,-5.52,-2.97,-7.94,16.77,19.29,14.07,1.85,0.02,0,0,1.58,0.02,1,1,,,1,1
EOH2863,FALSE,Less than 1yr data available,13/07/2021 12:18,28/11/2021 12:54,138.03,13/07/2021 12:18,28/11/2021 12:52,138.02,,,,,,,,,,,,,,,,,,,,,,,,,sensor swaps not checked,,,,,,,,,,,,,,,,,FALSE,28/11/2021 00:00,,-0.72,1.5,-3,6.52,7.11,5.44,16.26,,0,0,0,,0.192,0.192,,,0.189,
EOH2868,TRUE,,02/07/2021 10:14,28/09/2023 23:58,818.57,02/07/2021 10:16,28/09/2023 23:56,818.57,10/08/2022,10/08/2023,2,0.001,3.417,3.417,3.317,4459.65,14792.22,0,0,130.88,,-0.793,-18.83,1.23,38.45,40.17,34.64,39.66,35.6,75.16,TRUE,0.00217,cleaned,0.999,0.999,,,0.999,,452,3.261,0.137,3.274,3.261,0.137,3.274,3.185,0.116,3.2,TRUE,13/12/2022 00:00,2.548,-5.52,-2.97,-7.94,20.24,21.08,19.78,52.99,135.02,0,0,0.81,,1,1,,,1,
EOH2873,TRUE,,26/05/2021 17:02,29/09/2023 00:00,855.29,26/05/2021 17:02,28/09/2023 23:58,855.29,06/08/2022,06/08/2023,1,0,2.454,2.431,2.431,3350,8091.33,52.74,0,0,,-0.866,-26.09,1.35,39.33,44.42,35.73,42.65,38.65,58.53,FALSE,0,cleaned,0.999,0.999,0.999,,0.999,,356,2.449,0.01,2.452,2.43,0.008,2.43,2.43,0.008,2.43,TRUE,17/01/2023 00:00,2.609,-1.18,0.98,-3.9,17.97,19.4,17,22.6,58.96,0,0,0,,1,1,1,,1,
EOH2887,TRUE,,21/05/2021 14:20,28/09/2023 23:56,860.4,21/05/2021 14:22,28/09/2023 23:56,860.4,21/01/2022,21/01/2023,1,0.021,2.996,2.996,2.847,4372.34,12449.71,0,0,217.19,,-1.134,-27.45,1.38,44.73,45.08,41.74,45.46,42.36,76.43,TRUE,0.00095,cleaned,0.979,0.979,,,0.979,,421,2.984,0.048,2.998,2.984,0.048,2.998,2.856,0.037,2.858,TRUE,13/12/2022 00:00,2.043,-5.52,-2.97,-7.94,19.92,20.41,19.35,53.57,109.43,0,0,0.62,,1,1,,,1,
EOH2888,TRUE,,04/06/2021 08:26,29/09/2023 00:00,846.65,04/06/2021 08:28,28/09/2023 23:58,846.65,28/01/2022,28/01/2023,2,0.002,2.932,2.818,2.774,3385.28,9194.14,195.87,0,53.68,,-1.208,-29.18,1.41,36.02,37.56,33.53,37.07,34.63,61.04,FALSE,0,cleaned,0.998,0.998,0.998,,0.998,,460,2.997,0.026,2.994,2.884,0.041,2.867,2.838,0.041,2.821,TRUE,13/12/2022 00:00,2.222,-6.42,-2.6,-8.37,19.4,19.99,18.74,36.51,81.12,0,0,0.36,,1,1,1,,1,
EOH2892,TRUE,,30/07/2021 14:26,28/09/2023 23:58,790.4,30/07/2021 14:30,28/09/2023 23:56,790.39,08/09/2022,08/09/2023,3.1,0.002,2.764,2.764,2.485,1481.6,3681.35,0,0,149.76,7065.93,-0.196,-6.62,1.07,33.49,33.49,30.04,33.87,31.76,58.08,FALSE,0,cleaned,0.999,0.999,,,0.999,0.915,419,2.746,0.051,2.764,2.746,0.051,2.764,2.477,0.033,2.485,FALSE,13/12/2022 00:00,0.127,-5.52,-2.97,-7.94,17.26,18.47,14.93,3.36,0.43,0,0,1.46,87.61,1,1,,,1,1
EOH2897,TRUE,,14/09/2021 15:06,15/08/2023 17:04,700.08,15/09/2021 00:00,15/08/2023 17:02,699.71,18/09/2021,18/09/2022,2,0.18,2.707,2.707,2.546,2801.58,7131.87,0,0,166.61,,-0.943,-25.85,1.35,44.88,47.1,40.46,48.01,43.25,69.73,TRUE,0.00023,cleaned,0.9,0.9,,,0.9,,286,2.642,0.037,2.632,2.642,0.037,2.632,2.508,0.021,2.499,TRUE,13/12/2022 00:00,1.977,-6.42,-2.6,-8.37,18.53,20.84,16.92,39.28,77.64,0,0,0.83,,1,1,,,1,
EOH2900,TRUE,,17/11/2021 12:12,14/09/2023 08:00,665.83,17/11/2021 12:12,14/09/2023 07:58,665.82,07/08/2022,07/08/2023,3.3,1.349,2.072,2.072,2.072,778.41,1613.18,0,0,0,6191.1,,,,31.99,31.99,28.79,32.66,29.61,53,FALSE,0,cleaned,0.97,0.97,,,0.97,0.97,57,2.075,0.004,2.072,2.075,0.004,2.072,2.075,0.004,2.072,FALSE,13/12/2022 00:00,1.871,-5.52,-2.97,-7.94,19.1,19.4,18.8,10.04,18.77,0,0,0,86.14,1,1,,,1,1
EOH2919,TRUE,,22/09/2021 10:02,28/09/2023 23:58,736.58,22/09/2021 10:04,28/09/2023 23:56,736.58,13/10/2021,13/10/2022,1,0.01,2.945,2.945,2.848,4337.51,12351.22,0,0,143.23,5408.71,-0.705,-19.32,1.24,47.5,47.5,41.78,48.65,42.93,71.38,TRUE,0.00499,cleaned,0.99,0.99,,,0.99,0.99,363,2.924,0.033,2.927,2.924,0.033,2.927,2.833,0.03,2.835,FALSE,13/12/2022 00:00,1.204,-8.28,-4.1,-10.91,22.24,23.95,20.39,3.71,4.47,0,0,0.96,146.92,1,1,,,1,1
EOH2922,TRUE,,01/11/2020 00:02,29/09/2023 00:00,1062,01/11/2020 00:02,28/09/2023 23:58,1062,27/11/2020,27/11/2021,0,0,2.281,2.279,2.279,4536.3,10333.72,5.66,0,0,,-1.369,-37.51,1.6,49.41,49.46,47.49,50.32,48.32,76.09,TRUE,0.01602,cleaned,1,1,1,,1,,585,2.434,0.053,2.451,2.434,0.053,2.451,2.434,0.053,2.451,TRUE,13/12/2022 00:00,1.795,-6.42,-2.6,-8.37,18.79,19.62,18,34.46,61.84,0,0,0,,1,1,1,,1,
EOH2931,TRUE,,17/03/2021 17:20,05/06/2023 08:06,809.62,17/03/2021 17:28,05/06/2023 08:04,809.61,04/06/2022,04/06/2023,3.3,1.103,2.262,2.262,1.489,281.81,419.67,0,0,96.26,2811.62,-0.698,-23.59,1.31,27.52,27.52,25.7,26.41,24.53,53.09,FALSE,0,cleaned,1,1,,,1,0.991,436,1.501,0.413,1.229,1.501,0.413,1.229,1.055,0.248,0.896,FALSE,13/12/2022 00:00,0.384,-5.52,-2.97,-7.94,8.81,9.56,8.22,1.72,0.66,0,0,1.5,25.51,1,1,,,1,1
EOH2933,TRUE,,19/11/2021 17:14,28/06/2023 13:16,585.83,19/11/2021 17:16,28/06/2023 13:14,585.83,23/06/2022,23/06/2023,3.3,0.56,2.827,2.827,2.539,922.53,2342.2,0,0,94.09,5300.64,-0.133,-4.49,1.05,41.71,41.71,35.53,43.16,37.72,55.95,FALSE,0,cleaned,0.999,0.999,,,0.999,0.99,213,2.849,0.02,2.844,2.849,0.02,2.844,2.592,0.032,2.605,FALSE,13/12/2022 00:00,0.107,-5.52,-2.97,-7.94,18.29,19.99,17.03,1.52,0.16,0,0,1.31,95.8,1,1,,,1,1
EOH2934,TRUE,,07/02/2022 15:50,28/09/2023 23:58,598.34,07/02/2022 15:50,28/09/2023 23:56,598.34,11/02/2022,11/02/2023,1,0.002,3.164,3.164,2.711,1785.67,4841.05,0,0,255.47,,,,,42.82,43.25,39.75,43.82,40.02,59.91,FALSE,0,cleaned,0.998,0.998,0.998,,0.998,,207,3.218,0.014,3.223,3.218,0.013,3.222,2.827,0.053,2.821,FALSE,13/12/2022 00:00,2.018,-5.52,-2.97,-7.94,16,18.42,13.9,3.03,6.12,0,0,1.23,,1,1,1,,1,
EOH2938,FALSE,Less than 1yr usable data,13/04/2021 14:42,29/09/2023 00:00,898.39,13/04/2021 14:44,28/09/2023 23:58,898.38,,,,,,,,,,,,,,,,,,,,,,,,,sensor swaps not checked,,,,,,,,,,,,,,,,,FALSE,22/12/2021 00:00,,-0.14,1.99,-2.3,18.73,20.36,16.4,,33.36,0,0,,33.26,1,1,,,1,1
EOH2945,TRUE,,19/08/2021 16:42,28/09/2023 23:58,770.3,03/09/2021 00:00,28/09/2023 23:56,756,29/09/2021,29/09/2022,2,0.003,3.584,3.582,3.499,3493.99,12224.06,1.83,0,81.31,,,,,37.26,41.23,31.67,39.31,32.06,62.68,FALSE,0,cleaned,0.997,0.997,0.997,,0.997,,388,3.505,0.049,3.488,3.462,0.068,3.427,3.392,0.062,3.362,FALSE,13/12/2022 00:00,4.225,-6.42,-2.6,-8.37,18.73,21.43,15.87,19.91,78.17,5.98,0,0.4,,0.958,0.958,0.958,,0.958,
EOH2951,TRUE,,03/09/2021 08:54,28/09/2023 23:58,755.63,03/09/2021 08:56,28/09/2023 23:58,755.63,09/09/2022,09/09/2023,1,0,2.967,2.967,2.843,4518.28,12844.55,0,0,188.68,5081.43,-0.953,-24.32,1.32,43.7,43.7,39.08,42.11,37.53,75.67,TRUE,0.02884,cleaned,0.999,0.999,,,0.999,0.999,388,3.117,0.151,3.057,3.117,0.151,3.057,2.984,0.148,2.921,FALSE,13/12/2022 00:00,2.107,-6.42,-2.6,-8.37,19.21,22.95,17.05,20.59,43.37,0,0,1.51,112.82,1,1,,,1,1
EOH2953,TRUE,,04/06/2021 12:46,29/09/2023 00:00,846.47,04/06/2021 12:46,28/09/2023 23:58,846.47,16/10/2021,16/10/2022,1,0.002,2.208,2.208,2.187,7093.18,15515.22,0,0,65.01,,-1.562,-41.44,1.71,46.08,47.86,43.05,47.29,44.22,64.16,FALSE,0,cleaned,0.998,0.998,0.998,,0.998,,379,2.252,0.049,2.215,2.252,0.049,2.215,2.23,0.048,2.195,TRUE,13/12/2022 00:00,1.517,-6.42,-2.6,-8.37,17.48,18.27,16.81,77.27,117.22,0,0,0.44,,1,1,1,,1,
EOH2956,FALSE,Less than 1yr data available,19/08/2021 13:56,31/03/2022 23:58,224.42,19/08/2021 13:58,31/03/2022 23:56,224.42,,,,,,,,,,,,,,,,,,,,,,,,,cleaned,,,,,,,,,,,,,,,,,TRUE,04/01/2022 00:00,2.317,-0.99,0.59,-3.3,,,,36.27,84.05,0,0,0.94,,1,1,,,1,
EOH2959,FALSE,Quality score outside threshold,28/07/2021 20:02,29/09/2023 00:00,792.17,10/08/2021 00:00,28/09/2023 23:58,780,19/07/2022,19/07/2023,4,1.738,2.636,2.508,2.426,607.99,1428.93,46.17,0,19.79,,,,,51.55,59.15,46.11,,,63.16,FALSE,0,cleaned,0.42,0.42,0.42,,0.42,,153,2.636,0.002,2.637,2.501,0.009,2.507,2.42,0.009,2.425,FALSE,29/11/2021 00:00,2.294,0.03,4.89,-2.5,19.08,21.07,15.9,11.31,21.48,4.46,0,0.27,,1,1,1,,1,
EOH2962,TRUE,,03/06/2021 12:56,14/09/2023 12:36,832.99,03/06/2021 12:56,14/09/2023 12:34,832.98,06/07/2022,06/07/2023,2,0.194,2.774,2.774,2.746,4978,13669.47,0,0,49.71,,-0.996,-26.43,1.36,34.82,37.38,31.62,35.34,32.07,64.48,FALSE,0,cleaned,0.86,0.86,0.847,,0.86,,32,2.774,0.001,2.774,2.774,0.001,2.774,2.747,0.001,2.746,TRUE,13/12/2022 00:00,2.55,-6.42,-2.6,-8.37,16.56,17.76,15.72,52.01,132.61,0,0,0.4,,1,1,1,,1,
EOH2963,TRUE,,21/09/2021 15:28,01/09/2023 09:36,709.76,21/09/2021 15:30,01/09/2023 09:34,709.75,22/09/2021,22/09/2022,3.3,0.772,3.329,3.329,3.123,1710.07,5340.69,0,0,105.88,6255.84,0.369,12.47,0.89,40.45,40.45,34.64,41.06,36.23,57.44,FALSE,0,cleaned,0.998,0.998,,,0.998,0.956,322,6.723,1.185,7.273,6.723,1.185,7.273,6.076,1.002,6.535,FALSE,13/12/2022 00:00,0.042,-5.52,-2.97,-7.94,14.33,16.18,12.38,3.49,0.15,0,0,1.56,87.24,1,1,,,1,1
EOH2969,TRUE,,18/03/2022 13:14,28/09/2023 23:58,559.45,19/03/2022 00:00,28/09/2023 23:56,559,20/07/2022,20/07/2023,3.3,0.463,5.033,3.74,3.601,1940.5,6389.45,598.82,0,72.11,,,,,40.55,41.17,37.96,41.47,38.5,58.35,FALSE,0,cleaned,0.979,0.979,0.979,,0.979,,60,5.166,0.058,5.166,3.756,0.008,3.756,3.618,0.008,3.618,FALSE,13/12/2022 00:00,3.512,-5.52,-2.97,-7.94,28.9,31.5,27.37,9.68,32.38,1.62,0,0.3,,1,1,1,,1,
EOH2974,TRUE,,10/11/2021 16:30,30/08/2023 11:40,657.8,01/03/2022 00:00,30/08/2023 11:38,547.48,05/06/2022,05/06/2023,1,0.009,2.745,2.47,2.204,2511.05,5182.28,353.07,0,270.22,,-0.405,-12.85,1.15,38.86,42.75,35.3,44.5,40,58.61,FALSE,0,cleaned,0.991,0.991,0.991,,0.991,,170,2.754,0.025,2.749,2.481,0.028,2.473,2.218,0.031,2.207,TRUE,12/12/2022 00:00,2.042,-2.64,0.92,-5,14.73,16.28,13.86,11.65,21.27,2.52,0,1.66,,1,1,1,,1,
EOH2980,TRUE,,17/08/2021 07:08,04/05/2023 18:44,625.48,17/08/2021 07:10,04/05/2023 18:42,625.48,28/09/2021,28/09/2022,3,0.405,2.846,2.846,2.776,2840.92,7886.84,0,0,70.13,,-0.804,-22.02,1.28,38.8,44.46,33.46,41.93,37.08,70.13,TRUE,0.00005,cleaned,0.855,0.855,,,0.855,,50,2.817,0.046,2.845,2.817,0.046,2.845,2.746,0.047,2.775,TRUE,08/03/2023 00:00,3.56,-1.65,2.71,-7.5,20.11,21.06,19.43,21.79,77.58,0,0,0.23,,1,1,,,1,
EOH2982,TRUE,,27/01/2022 10:38,29/09/2023 00:00,609.56,27/01/2022 10:40,28/09/2023 23:58,609.55,25/09/2022,25/09/2023,1,0.006,3.057,3.01,2.888,4427.25,12689.01,97.57,0,179.35,,-0.383,-11.12,1.13,43.01,45.47,38.1,44.13,39.61,57.37,FALSE,0,cleaned,0.994,0.994,0.993,,0.994,,238,3.12,0.074,3.08,3.062,0.057,3.031,2.939,0.056,2.909,TRUE,13/12/2022 00:00,2.515,-5.52,-2.97,-7.94,11.69,12.22,11.28,37.98,95.49,0,0,1.28,,1,1,1,,1,
EOH2988,TRUE,,15/04/2021 10:20,28/09/2023 23:58,896.57,15/04/2021 10:22,28/09/2023 23:56,896.57,05/05/2021,05/05/2022,0,0,2.913,2.913,2.837,1803.58,5117.64,0,0,46.82,,-0.737,-20.19,1.25,42.36,45.7,37.69,45.01,40.02,71.41,TRUE,0.00332,cleaned,1,1,,,1,,509,2.831,0.041,2.806,2.831,0.041,2.806,2.772,0.032,2.756,TRUE,13/12/2022 00:00,2.309,-6.42,-2.6,-8.37,14.69,18.56,12.25,19.23,44.4,0,0,0.32,,1,1,,,1,
EOH2991,FALSE,Quality score outside threshold,25/03/2021 14:48,10/09/2023 11:58,898.88,25/03/2021 14:50,10/09/2023 11:56,898.88,06/06/2022,06/06/2023,4,2.144,2.212,2.212,2.036,2864.89,5832.75,0,0,228.49,6888.58,,,,34.28,34.28,30.05,,,57.88,FALSE,0,sensor swaps not checked,0.522,0.176,,,0.522,0.151,23,2.203,0.008,2.203,2.203,0.008,2.203,2.026,0.009,2.026,FALSE,04/01/2022 00:00,1.408,-0.99,0.59,-3.3,19.11,20.22,17.91,2.99,4.21,0,0,1.23,83.25,1,1,,,1,1
EOH2994,TRUE,,20/07/2021 14:06,11/08/2023 20:16,752.26,27/07/2021 00:00,11/08/2023 20:14,745.84,05/11/2021,05/11/2022,1,0.001,2.132,2.106,2.009,6429.97,12780.42,138.57,0,296.12,,-1.188,-35.79,1.56,38.06,38.98,35.04,37.73,34.71,55.99,FALSE,0,cleaned,0.998,0.998,0.998,,0.998,,366,2.158,0.037,2.138,2.124,0.03,2.11,2.016,0.023,2.009,TRUE,13/12/2022 00:00,1.555,-5.52,-2.97,-7.94,20.78,22.25,18.29,60.25,86.61,7.06,0,2.22,,1,1,1,,1,
EOH2997,TRUE,,01/03/2021 15:14,28/09/2023 23:58,941.36,01/03/2021 15:16,28/09/2023 23:56,941.36,01/04/2021,01/04/2022,1,0.006,3.397,3.389,3.107,4161.89,12919.01,12.95,0,346,,,,,43.45,44.08,39.79,43.88,40.05,62.37,FALSE,0,cleaned,0.993,0.993,0.993,,0.993,,560,3.195,0.168,3.189,3.187,0.167,3.181,2.935,0.149,2.934,TRUE,13/12/2022 00:00,2.742,-1.6,0.49,-3.77,17.49,18.27,16.86,38.16,104.65,0,0,2.8,,1,1,1,,1,
EOH3000,FALSE,Quality score outside threshold,08/07/2021 09:18,28/09/2023 23:58,812.61,08/07/2021 09:20,28/09/2023 23:56,812.61,30/05/2022,30/05/2023,4,0.907,2.876,2.782,2.649,6347.34,16509.66,302.42,0,303.63,,,,,42.33,43.55,35.8,42.93,36.41,56.55,FALSE,0,cleaned,0.697,0.697,0.697,,0.697,,333,2.618,0.228,2.495,2.555,0.201,2.441,2.432,0.192,2.321,TRUE,13/12/2022 00:00,2.046,-5.52,-2.97,-7.94,18.5,19.37,18,76.93,151.75,5.65,0,1.89,,1,1,1,,1,
EOH3001,TRUE,,16/09/2021 10:12,14/09/2023 07:42,727.9,16/09/2021 10:14,14/09/2023 07:40,727.89,16/06/2022,16/06/2023,1,0.001,3.398,3.283,3.021,2868.85,8539.38,127.26,0,228.77,,-0.412,-10.81,1.12,32.78,33.96,30.18,32.87,30.34,57.99,FALSE,0,cleaned,0.998,0.998,0.998,,0.998,,301,3.359,0.04,3.376,3.247,0.035,3.264,2.985,0.036,3,TRUE,13/12/2022 00:00,2.573,-1.35,1.62,-4.46,18.89,19.33,18.44,34.49,88.74,0,0,1.63,,1,1,1,,1,
EOH3003,TRUE,,10/06/2021 17:26,28/09/2023 23:58,840.27,10/06/2021 17:28,28/09/2023 23:56,840.27,15/02/2022,15/02/2023,2,0.101,3.461,3.461,3.301,6257.21,20655.63,0,0,289.59,,-0.749,-17.78,1.22,34.35,36.55,31.44,36.66,33.17,70.91,TRUE,0.0006,cleaned,0.949,0.949,,,0.949,,451,3.485,0.023,3.484,3.485,0.023,3.484,3.32,0.02,3.319,TRUE,13/12/2022 00:00,2.255,-7.27,-2.1,-9.8,18.53,19.09,17.96,81.33,183.42,0,0,1.62,,1,1,,,1,
EOH3014,TRUE,,24/05/2021 12:06,28/09/2023 23:58,857.49,24/05/2021 12:08,28/09/2023 23:56,857.49,01/11/2021,01/11/2022,1,0.001,3.297,3.297,3.16,3116.7,9849.34,0,0,129.03,,-0.113,-3.32,1.03,36.28,38.38,33.29,37.38,34.55,72.19,TRUE,0.00011,cleaned,0.999,0.999,,,0.999,,315,3.233,0.022,3.229,3.233,0.022,3.229,3.104,0.019,3.101,TRUE,13/12/2022 00:00,2.409,-6.42,-2.6,-8.37,21.1,23.51,19.27,28.53,68.71,0,0,0.66,,1,1,,,1,
EOH3016,TRUE,,13/02/2021 16:14,29/09/2023 00:00,957.32,13/02/2021 16:16,28/09/2023 23:58,957.32,22/12/2021,22/12/2022,2,0.077,2.728,2.728,2.652,4826.71,12800.59,0,0,134.5,,-1.192,-30.41,1.44,41.3,45.31,38.39,44.12,40.18,72.43,TRUE,0.00043,cleaned,0.961,0.961,,,0.961,,544,2.755,0.145,2.729,2.755,0.145,2.729,2.674,0.13,2.653,TRUE,13/12/2022 00:00,2.225,-1.35,1.62,-4.46,19.09,20.06,17.37,47.5,105.69,0,0,0.93,,1,1,,,1,
EOH3017,TRUE,,29/09/2021 11:02,29/09/2023 00:00,729.54,29/09/2021 11:04,28/09/2023 23:58,729.54,30/10/2021,30/10/2022,2,0.067,3.187,3.117,3.098,2707.51,8302.69,85.82,0,16.62,,-0.373,-10.47,1.12,39.66,39.93,36.75,40.55,37.32,58.84,FALSE,0,cleaned,0.965,0.965,0.965,,0.965,,349,3.203,0.015,3.205,3.128,0.015,3.125,3.108,0.015,3.106,TRUE,12/12/2022 00:00,2.423,-3.87,-0.32,-5.95,17.84,18.74,16.98,26.63,64.51,0,0,0.12,,1,1,1,,1,
EOH3021,FALSE,Less than 1yr data available,11/12/2020 10:02,02/12/2021 23:28,356.56,11/12/2020 10:04,02/12/2021 23:26,356.56,,,,,,,,,,,,,,,,,,,,,,,,,cleaned,,,,,,,,,,,,,,,,,TRUE,11/02/2021 00:00,2.424,-5.92,0.9,-12.6,17.85,19.5,16.75,71.05,172.21,0,0,0.72,,1,1,,,1,
EOH3030,TRUE,,05/08/2021 17:34,29/09/2023 00:00,784.27,05/08/2021 17:36,28/09/2023 23:58,784.27,01/12/2021,01/12/2022,1,0.005,3.633,3.633,3.538,5507.83,19484.43,0,0,144.05,,0.123,3.49,0.97,36.19,39.73,27.61,38.86,29.37,60.51,FALSE,0,cleaned,0.995,0.995,0.995,,0.995,,380,3.496,0.084,3.449,3.496,0.084,3.449,3.409,0.079,3.365,TRUE,13/12/2022 00:00,1.138,-6.42,-2.6,-8.37,17.47,20.88,15.04,23.8,27.1,0,0,0.88,,1,1,1,,1,
EOH3033,TRUE,,02/09/2021 10:24,28/09/2023 23:58,756.57,02/09/2021 10:26,28/09/2023 23:56,756.56,15/09/2022,15/09/2023,0,0,2.931,2.931,2.843,2825.28,8033.67,0,0,84.49,,-0.719,-19.69,1.25,39.07,43.87,33.82,41.17,36.36,64.73,TRUE,0.00003,cleaned,1,1,,,1,,384,2.952,0.028,2.944,2.952,0.028,2.944,2.868,0.033,2.856,TRUE,13/12/2022 00:00,2.251,-7.92,-2.77,-11.6,17.6,21.05,16.14,51.68,116.32,0,0,1.04,,1,1,,,1,
EOH3035,TRUE,,26/07/2021 16:18,03/08/2023 23:02,738.28,27/07/2021 00:00,03/08/2023 23:00,737.96,05/06/2022,05/06/2023,1,0,2.416,2.416,2.348,3255.33,7643.95,0,0,91.89,,-1.354,-35.91,1.56,50.83,50.67,40.11,50.05,41.25,72.4,TRUE,0.03073,cleaned,0.999,0.994,,,0.999,,371,2.421,0.019,2.42,2.421,0.019,2.42,2.356,0.023,2.351,TRUE,13/12/2022 00:00,2.044,-5.52,-2.97,-7.94,19.38,23.83,14.71,32.61,66.67,0,0,0.98,,1,1,,,1,
EOH3036,TRUE,,29/09/2021 11:56,01/02/2023 10:12,489.93,29/09/2021 11:58,01/02/2023 10:10,489.93,30/09/2021,30/09/2022,3.3,1.048,3.8,3.8,3.505,2589.67,9076.6,0,0,201.39,,0.39,11.45,0.9,44.62,45.05,42.59,44.77,42.91,79.73,TRUE,0.00291,cleaned,0.728,0.728,,,0.728,,98,5.183,0.592,5.301,5.183,0.592,5.301,4.86,0.593,4.96,TRUE,13/12/2022 00:00,2.456,-6.42,-2.6,-8.37,20.05,21.88,17.99,27.71,68.06,0,0,0.67,,1,1,,,1,
EOH3040,TRUE,,17/05/2021 16:00,28/09/2023 23:58,864.33,17/05/2021 16:02,28/09/2023 23:56,864.33,19/06/2022,19/06/2023,0,0,2.397,2.28,2.166,4907.56,10238.75,388.94,0,246.65,,-1.393,-36.76,1.58,47.59,49.6,43.68,48.94,45.08,60.93,FALSE,0,cleaned,0.999,0.999,0.999,,0.999,,492,2.511,0.107,2.511,2.396,0.114,2.388,2.27,0.104,2.261,TRUE,13/12/2022 00:00,1.674,-1.6,0.49,-3.77,16.07,18.26,12.91,32.28,53.65,0.39,0,2.31,,0.976,0.976,0.976,,0.976,
EOH3045,TRUE,,25/06/2021 11:36,28/09/2023 23:58,825.52,25/06/2021 11:38,28/09/2023 23:56,825.51,29/06/2022,29/06/2023,3,0.344,1.634,1.486,1.472,5952.46,7382.37,1336.26,45.33,53.12,,-1.886,-53.58,2.15,48.9,51.95,42.62,50.25,44.33,63.03,FALSE,0,cleaned,0.884,0.884,0.884,0.884,0.884,,143,1.63,0.032,1.636,1.487,0.027,1.487,1.474,0.027,1.474,TRUE,17/01/2023 00:00,1.406,-2.27,0.11,-4.29,,,,35.07,45.64,3.52,0.15,0.36,,1,1,1,1,1,
EOH3048,TRUE,,03/06/2021 16:34,29/09/2023 00:00,847.31,03/06/2021 16:34,28/09/2023 23:58,847.31,01/03/2022,01/03/2023,2,0.008,1.841,1.841,1.763,3416.45,6023.63,0,0,144.19,,-1.729,-48.44,1.94,36.01,41.8,32.4,39.59,36.44,58.17,FALSE,0,cleaned,0.993,0.993,0.993,,0.993,,472,1.792,0.096,1.794,1.792,0.096,1.794,1.716,0.09,1.72,TRUE,13/12/2022 00:00,1.648,-5.52,-2.97,-7.94,,,,30.36,50.04,0,0,0.96,,1,1,1,,1,
EOH3055,TRUE,,24/03/2021 09:52,29/09/2023 00:00,918.59,24/03/2021 09:54,28/09/2023 23:58,918.59,30/07/2022,30/07/2023,0,0,3.062,2.959,2.82,2926.13,8112.9,139.9,0,136.89,,-0.508,-14.22,1.17,30.69,35.12,28.75,32.92,30.72,57.61,FALSE,0,cleaned,1,1,1,,1,,548,3.021,0.03,3.013,2.92,0.028,2.92,2.787,0.024,2.787,TRUE,13/12/2022 00:00,2.236,-5.52,-2.97,-7.94,14.06,15.68,13.06,23.49,46.74,5.8,0,0.95,,1,1,1,,1,
EOH3056,TRUE,,23/11/2021 08:46,29/09/2023 00:00,674.63,23/11/2021 08:48,28/09/2023 23:58,674.63,14/09/2022,14/09/2023,2,0,4.885,4.885,4.682,1817.9,8511.6,0,0,75.57,,1.115,29.58,0.77,27.61,30.6,25.17,29.27,26.91,52.65,FALSE,0,cleaned,0.999,0.999,,,0.999,,133,4.736,0.107,4.76,4.736,0.107,4.76,4.559,0.089,4.582,TRUE,13/12/2022 00:00,3.792,-5.52,-2.97,-7.94,21.88,24.15,18.92,19.95,75.63,0,0,0.49,,1,1,,,1,
EOH3062,TRUE,,16/03/2021 17:14,20/09/2023 08:48,917.65,16/03/2021 17:18,20/09/2023 08:48,917.65,23/03/2021,23/03/2022,0,0,2.896,2.896,2.589,1581.94,4096.3,0,0,167.53,7459.85,-0.064,-2.16,1.02,35.79,35.79,32.82,38.19,35.6,52.98,FALSE,0,cleaned,1,1,,,1,0.955,80,2.972,0.11,2.945,2.972,0.11,2.945,2.644,0.067,2.63,FALSE,13/12/2022 00:00,0.069,-5.52,-2.97,-7.94,18.44,19.93,15.93,1.76,0.12,0,0,1.55,73.55,1,1,,,1,1
EOH3077,TRUE,,02/10/2021 18:10,28/09/2023 23:58,726.24,02/10/2021 18:12,28/09/2023 23:56,726.24,27/08/2022,27/08/2023,3.3,1.108,4.853,4.129,4.041,5661.91,21840.03,1040.99,0,121,,,,,41.13,44.65,33.6,44.98,36.28,72.55,TRUE,0.00214,cleaned,0.965,0.965,0.964,,0.965,,43,4.9,0.071,4.894,4.14,0.016,4.139,4.051,0.015,4.05,FALSE,13/12/2022 00:00,3.88,-8.28,-4.1,-10.91,15.94,17.82,13.65,44.06,170.87,0.12,0,0.77,,1,1,1,,1,
EOH3082,TRUE,,06/12/2021 14:48,26/08/2023 13:52,627.96,06/12/2021 14:50,26/08/2023 13:50,627.96,08/01/2022,08/01/2023,1,0.001,2.204,2.204,2.073,5175.05,10727.25,0,0,308.7,,-1.016,-31.54,1.46,47.36,53.8,35.68,51.41,45.79,69.35,TRUE,0.01711,cleaned,0.998,0.998,,,0.998,,231,2.24,0.036,2.263,2.24,0.036,2.263,2.119,0.042,2.147,TRUE,13/12/2022 00:00,1.949,-5.52,-2.97,-7.94,18.18,19.09,16.88,23.34,45.49,0,0,2.75,,1,1,,,1,
EOH3086,FALSE,Less than 1yr data available,23/09/2021 13:24,31/03/2022 23:58,189.44,24/09/2021 00:00,31/03/2022 23:56,189,,,,,,,,,,,,,,,,,,,,,,,,,cleaned,,,,,,,,,,,,,,,,,TRUE,21/01/2022 00:00,2.572,0.57,4.3,-3.8,17.09,18.25,16.24,25.98,66.82,0,0,1.09,,1,1,1,,1,
EOH3089,TRUE,,19/04/2021 15:08,29/09/2023 00:00,892.37,19/04/2021 15:10,28/09/2023 23:58,892.37,23/07/2021,23/07/2022,1,0.004,3.327,3.208,2.906,5245.61,15002.1,241.22,0,494.51,,-0.313,-8.61,1.09,38.37,40.71,35.67,40.23,37.23,60.92,FALSE,0,cleaned,0.996,0.996,0.996,,0.996,,434,3.025,0.205,2.925,2.964,0.17,2.869,2.715,0.13,2.641,TRUE,13/12/2022 00:00,2.202,-1.6,0.49,-3.77,16.92,17.87,16.29,47.68,105.01,0,0,2.66,,1,1,1,,1,
EOH3092,FALSE,Quality score outside threshold,22/11/2021 14:18,29/09/2023 00:00,675.4,22/11/2021 14:18,28/09/2023 23:58,675.4,18/09/2022,18/09/2023,4,1.159,3.445,3.333,3.333,2044.38,6719.64,93.6,0,0,,,,,39.98,43.72,34.24,39.37,33.77,56.8,FALSE,0,cleaned,0.986,0.152,0.987,,0.987,,55,3.38,0.285,3.442,3.271,0.271,3.331,3.271,0.271,3.331,FALSE,14/01/2022 00:00,0.328,-0.9,2.93,-2.42,17.73,18.99,15.83,30.5,8.91,1.1,0,0,,1,1,1,,1,
EOH3095,TRUE,,11/06/2021 10:14,23/05/2023 10:02,710.99,11/06/2021 10:14,23/05/2023 09:12,710.96,06/09/2021,06/09/2022,2,0.019,4.891,4.891,4.792,6134.32,29398.66,0,0,123.54,,0.681,16.18,0.86,55.16,56.1,46.41,57.57,48.06,72.36,TRUE,0.0712,cleaned,0.983,0.983,,,0.983,,328,4.307,0.604,4.462,4.307,0.604,4.462,4.22,0.591,4.372,TRUE,13/12/2022 00:00,2.227,-6.42,-2.6,-8.37,16.08,16.97,15.11,56.78,126.43,0,0,1.02,,1,1,,,1,
EOH3097,TRUE,,02/02/2021 12:30,29/09/2023 00:00,968.48,08/02/2021 00:00,28/09/2023 23:58,963,30/01/2022,30/01/2023,2,0.006,2.686,2.492,2.459,5595.59,13123.53,633.78,0,75.17,,-0.794,-22.83,1.3,41.62,42.58,37.95,42.97,38.47,60.54,FALSE,0,cleaned,0.995,0.995,0.995,,0.995,,592,2.59,0.168,2.632,2.419,0.19,2.485,2.386,0.186,2.452,TRUE,15/12/2022 00:00,1.841,-2.21,1.79,-5.41,16.09,16.68,15.43,56.97,104.6,0.29,0,0.43,,1,1,1,,1,
EOH3107,TRUE,,14/01/2021 08:42,29/09/2023 00:00,987.64,14/01/2021 08:44,28/09/2023 23:58,987.63,30/09/2021,30/09/2022,1,0.001,3.114,3.065,3.046,6977.13,21090.83,160.07,0,44.46,,-0.746,-19.32,1.24,44.97,45.33,41.96,45.67,42.14,62.78,FALSE,0,cleaned,0.999,0.999,0.999,,0.999,,617,2.88,0.263,3.066,2.84,0.253,3.018,2.823,0.251,2.999,TRUE,13/12/2022 00:00,2.159,-6.42,-2.6,-8.37,16.81,17.81,15.75,65.68,141.78,0,0,0.24,,1,1,1,,1,
EOH3115,FALSE,Less than 1yr data available,25/05/2021 09:12,22/03/2022 10:50,301.07,25/05/2021 09:12,10/02/2022 13:40,261.19,,,,,,,,,,,,,,,,,,,,,,,,,cleaned,,,,,,,,,,,,,,,,,TRUE,28/11/2021 00:00,3.825,0.35,3.2,-2.78,20.67,23,17.56,20.04,76.66,0,0,0.3,,1,1,,,1,
EOH3116,TRUE,,06/09/2021 14:08,20/09/2023 05:20,743.63,13/09/2021 00:00,20/09/2023 05:18,737.22,19/07/2022,19/07/2023,3.3,0.669,2.675,2.675,2.434,979.23,2383.91,0,0,88.2,4557.94,-0.285,-9.61,1.11,39.38,39.38,34.96,39.38,35.65,53.07,FALSE,0,cleaned,0.983,0.983,,,0.983,0.953,299,2.631,0.045,2.638,2.631,0.045,2.638,2.397,0.044,2.401,FALSE,13/12/2022 00:00,1.535,-5.52,-2.97,-7.94,17.68,19.15,16.57,11.43,17.53,0,0,0.94,59.82,1,1,,,1,0.981
EOH3120,TRUE,,29/06/2021 14:20,28/09/2023 23:58,821.4,30/06/2021 00:00,28/09/2023 23:56,821,22/08/2022,22/08/2023,2,0.009,2.926,2.756,2.756,4835.32,12899.62,426.17,0,0,,-0.424,-12.67,1.15,39.63,40.34,35.44,41.6,37.13,57.2,FALSE,0,cleaned,0.993,0.993,0.993,,0.993,,357,2.935,0.031,2.923,2.78,0.044,2.757,2.78,0.044,2.757,TRUE,13/12/2022 00:00,2.024,-1.6,0.49,-3.77,18.61,19.8,17.37,56.99,105.36,10.02,0,0,,1,1,1,,1,
EOH3122,TRUE,,05/03/2021 13:16,26/09/2023 15:58,935.11,07/03/2021 00:00,26/09/2023 15:56,933.66,01/06/2021,01/06/2022,3.3,0.006,2.955,2.899,2.756,5285.03,14423.47,142.02,0,261.16,,-0.365,-11.01,1.12,39.5,39.89,35.51,40.9,36.59,58.07,FALSE,0,cleaned,0.994,0.994,0.994,,0.994,,158,3.176,0.29,2.97,3.087,0.237,2.913,2.938,0.231,2.77,TRUE,15/12/2022 00:00,1.971,-3.75,-0.11,-6.6,,,,64.99,126.11,2,0,1.68,,1,1,1,,1,
EOH3128,TRUE,,04/08/2021 12:50,30/06/2023 23:38,695.45,04/08/2021 12:52,30/06/2023 23:36,695.45,24/08/2021,24/08/2022,2,0.003,2.728,2.728,2.721,3698.86,10065.81,0,0,8.95,,-1.182,-30.23,1.43,48.6,49.17,43.03,48.55,43.29,77.78,TRUE,0.01278,cleaned,0.998,0.998,,,0.998,,309,2.644,0.062,2.626,2.644,0.062,2.626,2.637,0.062,2.619,TRUE,13/12/2022 00:00,2.184,-5.52,-2.97,-7.94,14.02,16.88,10.06,47.97,104.74,0,0,0.13,,1,1,,,1,
EOH3138,TRUE,,16/03/2021 16:00,29/09/2023 00:00,926.33,16/03/2021 16:02,28/09/2023 23:58,926.33,04/09/2022,04/09/2023,2,0.016,2.545,2.504,2.504,2158.8,5349.35,57.15,0,0,,-0.895,-26.01,1.35,36.89,39.02,31.24,39.7,34.15,59.93,FALSE,0,cleaned,0.985,0.985,0.985,,0.985,,511,2.771,0.211,2.8,2.522,0.048,2.511,2.522,0.048,2.511,TRUE,17/01/2023 00:00,2.067,-2.27,0.11,-4.29,15.63,17.25,14.04,37.68,77.87,0,0,0,,1,1,1,,1,
EOH3141,TRUE,,16/02/2021 16:10,05/06/2023 09:20,838.72,16/02/2021 16:10,05/06/2023 09:18,838.71,18/02/2021,18/02/2022,3,0.295,2.535,2.535,2.535,1148.9,2912.2,0,0,0,6713.17,-0.435,-14.65,1.17,33.37,33.37,31.29,34.08,31.79,62.55,TRUE,0.00014,cleaned,0.901,0.901,,,0.901,0.882,211,2.345,0.146,2.398,2.345,0.146,2.398,2.345,0.146,2.398,FALSE,15/12/2022 00:00,1.342,-2.96,0.89,-4.91,19.29,20.8,18.09,5.06,6.79,0,0,0,47.92,1,1,,,1,1
EOH3143,TRUE,,01/10/2021 13:40,09/09/2023 07:56,707.76,01/10/2021 13:42,09/09/2023 07:54,707.76,02/10/2021,02/10/2022,1,0.002,2.841,2.841,2.804,2760.26,7738.65,0,0,36.34,,-0.929,-24.64,1.33,45.75,47.21,40.57,46.48,41.72,74.4,TRUE,0.00489,cleaned,0.998,0.998,,,0.998,,335,2.941,0.047,2.945,2.941,0.047,2.945,2.891,0.041,2.893,TRUE,13/12/2022 00:00,2.369,-5.52,-2.97,-7.94,17.94,18.89,17.3,21.33,50.55,0,0,0.34,,1,1,,,1,
EOH3148,TRUE,,21/05/2021 13:22,28/09/2023 23:58,860.44,21/05/2021 13:26,28/09/2023 23:56,860.44,09/09/2022,09/09/2023,3.1,0.003,2.424,2.424,2.121,1390.04,2948.25,0,0,173.75,10130.62,-0.536,-18.11,1.22,32.32,32.32,29.45,34.41,32.45,56.69,FALSE,0,cleaned,0.999,0.999,,,0.999,0.954,258,2.371,0.049,2.404,2.371,0.049,2.404,2.086,0.041,2.112,FALSE,13/12/2022 00:00,0.183,-5.52,-2.97,-7.94,18.64,19.8,17.03,3.56,0.65,0,0,1.5,113.7,1,1,,,1,1
EOH3151,TRUE,,25/03/2021 12:04,25/10/2022 00:00,578.5,25/03/2021 12:06,24/10/2022 23:58,578.49,13/10/2021,13/10/2022,2,0,2.954,2.889,2.805,3093.13,8575.95,100.4,0,90.05,,-0.626,-17.47,1.21,42.98,45.85,37.59,45.13,40.08,59.59,FALSE,0,cleaned,0.999,0.999,0.999,,0.999,,196,2.953,0.008,2.95,2.886,0.008,2.882,2.802,0.007,2.799,FALSE,17/04/2021 00:00,2.892,0.07,0.14,-0.01,17.59,17.59,17.59,8.86,25.63,0,0,0.37,,1,1,1,,1,
EOH3154,FALSE,Less than 1yr usable data,18/11/2020 11:12,29/09/2023 00:00,1044.53,18/11/2020 11:12,28/09/2023 23:58,1044.53,,,,,,,,,,,,,,,,,,,,,,,,,cleaned,,,,,,,,,,,,,,,,,TRUE,13/12/2022 00:00,2.516,-6.42,-2.6,-8.37,17.94,18.25,17.75,61.11,153.74,0,0,0,,1,1,,,1,
EOH3158,TRUE,,12/05/2021 15:06,27/02/2023 09:38,655.77,12/05/2021 15:08,27/02/2023 09:36,655.77,13/09/2021,13/09/2022,3,0.816,3.009,2.876,2.763,8629.33,23294.48,549.34,0,338.84,,-0.141,-4.47,1.05,42.51,43.57,36.13,43.35,36.84,58.61,FALSE,0,cleaned,0.728,0.728,0.728,,0.728,,217,2.966,0.051,3.001,2.824,0.062,2.855,2.713,0.061,2.744,TRUE,13/12/2022 00:00,2.028,-5.52,-2.97,-7.94,18.63,19.3,17.84,84.39,163.76,7.38,0,2.12,,1,1,1,,1,
EOH3166,FALSE,Less than 1yr data available,08/09/2021 13:46,29/06/2022 12:02,293.93,09/09/2021 00:00,14/12/2021 17:28,96.73,,,,,,,,,,,,,,,,,,,,,,,,,sensor swaps not checked,,,,,,,,,,,,,,,,,TRUE,12/11/2021 00:00,2.29,0.1,0.12,0.09,,,,1.21,2.77,0,0,0,,1,1,,,1,
EOH3167,TRUE,,25/02/2021 15:54,29/09/2023 00:00,945.34,25/02/2021 15:56,28/09/2023 23:58,945.33,05/12/2021,05/12/2022,1,0.001,2.529,2.438,2.438,5171.28,12301.96,307.66,0,0,,-0.821,-24.5,1.32,42.83,43.27,33.3,38.66,34.33,57.9,FALSE,0,cleaned,0.998,0.998,0.998,,0.998,,570,2.586,0.062,2.575,2.491,0.059,2.476,2.491,0.059,2.476,TRUE,15/12/2022 00:00,2.15,-3.75,-0.11,-6.6,18.77,20.29,17.42,51.34,106.18,4.23,0,0,,1,1,1,,1,
EOH3176,TRUE,,09/04/2021 14:30,25/09/2023 14:14,898.99,09/04/2021 14:34,25/09/2023 14:12,898.98,05/12/2021,05/12/2022,3.3,0.282,2.513,2.513,2.374,1940.37,4606.37,0,0,107.67,6761.88,-0.487,-16.22,1.19,45.25,45.25,39.48,46.4,41.71,57.93,FALSE,0,cleaned,0.999,0.999,,,0.999,0.978,463,2.508,0.013,2.511,2.508,0.013,2.511,2.353,0.011,2.351,FALSE,13/12/2022 00:00,0.058,-5.52,-2.97,-7.94,17.64,19.06,16.64,3.22,0.19,0,0,1.36,115.02,1,1,,,1,1
EOH3177,TRUE,,03/06/2021 13:52,28/09/2023 23:58,847.42,03/06/2021 13:54,28/09/2023 23:56,847.42,18/07/2021,18/07/2022,1,0.001,2.793,2.751,2.646,6392.86,16774.12,143.87,0,243.85,,-0.847,-23.26,1.3,47.58,49.21,42.72,49.31,44.27,63.19,FALSE,0,cleaned,0.998,0.998,0.998,,0.998,,463,3.626,0.647,3.765,3.547,0.619,3.674,3.411,0.594,3.534,TRUE,17/01/2023 00:00,3.317,-4.13,-0.41,-7.27,15.13,16.51,12.89,46.52,154.31,0,0,1.27,,1,1,1,,1,
EOH3183,FALSE,Less than 1yr usable data,19/08/2021 13:08,24/08/2022 23:58,370.45,02/09/2021 00:00,24/08/2022 23:56,357,,,,,,,,,,,,,,,,,,,,,,,,,cleaned,,,,,,,,,,,,,,,,,TRUE,25/02/2022 00:00,2.597,0.05,0.08,0.02,20.32,20.32,20.32,14.4,37.39,0,0,0.22,,1,1,,,1,
EOH3185,FALSE,Less than 1yr data available,25/07/2021 17:40,27/05/2022 10:10,305.69,03/08/2021 00:00,27/05/2022 10:08,297.42,,,,,,,,,,,,,,,,,,,,,,,,,cleaned,,,,,,,,,,,,,,,,,FALSE,29/11/2021 00:00,1.728,0.03,4.89,-2.5,22.18,24.42,20.61,10.75,18.57,0,0,0.65,,1,1,1,,1,
EOH3186,TRUE,,30/06/2021 12:30,29/09/2023 00:00,820.48,30/06/2021 12:32,28/09/2023 23:58,820.48,09/08/2021,09/08/2022,2,0.001,3.25,3.216,3.216,8940.17,28611.15,137.61,0,0,,-0.52,-13.78,1.16,42.88,44.27,37.93,46.17,40.66,59.93,FALSE,0,cleaned,0.998,0.998,0.998,,0.998,,403,3.422,0.131,3.514,3.379,0.125,3.465,3.379,0.125,3.465,TRUE,12/12/2022 00:00,2.368,-3.87,-0.32,-5.95,20.08,20.73,19.49,71.96,170.43,0,0,0,,1,1,1,,1,
EOH3188,TRUE,,08/04/2021 08:06,09/09/2023 20:02,884.5,08/04/2021 08:06,09/09/2023 20:00,884.5,06/05/2021,06/05/2022,2,0.001,2.875,2.775,2.55,4114.3,10290.35,200.47,0,334.31,,-0.545,-15.94,1.19,32.14,33.25,29.54,32.55,29.74,56.29,FALSE,0,cleaned,0.999,0.999,0.999,,0.999,,463,2.824,0.068,2.844,2.692,0.09,2.703,2.474,0.087,2.488,TRUE,13/12/2022 00:00,1.951,-5.52,-2.97,-7.94,16.71,19.31,14.06,38.85,68.83,6.96,0,2.07,,1,1,1,,1,
EOH3196,TRUE,,27/11/2020 14:04,29/09/2023 00:00,1035.41,19/05/2021 00:00,28/09/2023 23:58,863,01/06/2022,01/06/2023,2,0,3.683,3.546,3.512,3242.41,11223.91,164.52,0,30.39,,-0.177,-4.59,1.05,37.96,39.16,33.38,38.48,33.53,62.33,FALSE,0,cleaned,0.999,0.999,0.999,,0.999,,493,3.711,0.029,3.707,3.57,0.024,3.569,3.536,0.024,3.535,TRUE,13/12/2022 00:00,2.743,-6.42,-2.6,-8.37,17.16,18.87,15.18,35.84,98.31,0,0,0.24,,1,1,1,,1,
EOH3197,FALSE,Less than 1yr data available,27/07/2021 18:06,31/03/2022 23:58,247.24,27/07/2021 18:08,31/03/2022 23:56,247.24,,,,,,,,,,,,,,,,,,,,,,,,,cleaned,,,,,,,,,,,,,,,,,TRUE,04/01/2022 00:00,2.625,-0.99,0.59,-3.3,18.75,20.97,15.21,58.36,153.19,0,0,0.54,,1,1,,,1,
EOH3204,TRUE,,30/07/2021 10:48,01/12/2022 11:12,489.02,30/07/2021 10:50,01/12/2022 11:10,489.01,01/11/2021,01/11/2022,2,0.006,2.551,2.477,2.411,5098.61,12057.78,234.67,0,136.82,,-1.259,-33.05,1.49,41.61,42.49,38.81,44.38,41.39,59.39,FALSE,0,cleaned,0.995,0.995,0.995,,0.995,,124,2.449,0.104,2.385,2.386,0.095,2.324,2.322,0.092,2.262,TRUE,18/01/2022 00:00,1.873,-0.24,5.9,-4.5,19.1,19.89,18.54,52.63,96.46,2.13,0,0.85,,1,1,1,,1,
