timestamp,value
0,0.5488135039273248
1,0.7151893663724195
2,0.6027633760716439
3,0.5448831829968969
4,0.4236547993389047
5,0.6458941130666561
6,0.4375872112626925
7,0.8917730007820798
8,0.9636627605010293
9,0.3834415188257777
10,0.7917250380826646
11,0.5288949197529045
12,0.5680445610939323
13,0.925596638292661
14,0.07103605819788694
15,0.08712929970154071
16,0.02021839744032572
17,0.832619845547938
18,0.7781567509498505
19,0.8700121482468192
20,0.978618342232764
21,0.7991585642167236
22,0.46147936225293185
23,0.7805291762864555
24,0.11827442586893322
25,0.6399210213275238
26,0.1433532874090464
27,0.9446689170495839
28,0.5218483217500717
29,0.4146619399905236
30,0.26455561210462697
31,0.7742336894342167
32,0.45615033221654855
33,0.5684339488686485
34,0.018789800436355142
35,0.6176354970758771
36,0.6120957227224214
37,0.6169339968747569
38,0.9437480785146242
39,0.6818202991034834
40,0.359507900573786
41,0.43703195379934145
42,0.6976311959272649
43,0.06022547162926983
44,0.6667667154456677
45,0.6706378696181594
46,0.2103825610738409
47,0.1289262976548533
48,0.31542835092418386
49,0.3637107709426226
50,0.5701967704178796
51,0.43860151346232035
52,0.9883738380592262
53,0.10204481074802807
54,0.2088767560948347
55,0.16130951788499626
56,0.6531083254653984
57,0.2532916025397821
58,0.4663107728563063
59,0.24442559200160274
60,0.15896958364551972
61,0.11037514116430513
62,0.6563295894652734
63,0.1381829513486138
64,0.1965823616800535
65,0.3687251706609641
66,0.8209932298479351
67,0.09710127579306127
68,0.8379449074988039
69,0.09609840789396307
70,0.9764594650133958
71,0.4686512016477016
72,0.9767610881903371
73,0.604845519745046
74,0.7392635793983017
75,0.039187792254320675
76,0.2828069625764096
77,0.1201965612131689
78,0.29614019752214493
79,0.11872771895424405
80,0.317983179393976
81,0.41426299451466997
82,0.06414749634878436
83,0.6924721193700198
84,0.5666014542065752
85,0.2653894909394454
86,0.5232480534666997
87,0.09394051075844168
88,0.5759464955561793
89,0.9292961975762141
90,0.31856895245132366
91,0.6674103799636817
92,0.13179786240439217
93,0.7163272041185655
94,0.2894060929472011
95,0.18319136200711683
96,0.5865129348100832
97,0.020107546187493552
98,0.8289400292173631
99,0.004695476192547066
100,0.6778165367962301
101,0.27000797319216485
102,0.7351940221225949
103,0.9621885451174382
104,0.24875314351995803
105,0.5761573344178369
106,0.592041931271839
107,0.5722519057908734
108,0.2230816326406183
109,0.952749011516985
110,0.44712537861762736
111,0.8464086724711278
112,0.6994792753175043
113,0.29743695085513366
114,0.8137978197024772
115,0.39650574084698464
116,0.8811031971111616
117,0.5812728726358587
118,0.8817353618548528
119,0.6925315900777659
120,0.7252542798196405
121,0.5013243819267023
122,0.9560836347232239
123,0.6439901992296374
124,0.4238550485581797
125,0.6063932141279244
126,0.019193198309333526
127,0.30157481667454933
128,0.660173537492685
129,0.29007760721044407
130,0.6180154289988415
131,0.42876870094576613
132,0.13547406422245023
133,0.29828232595603077
134,0.5699649107012649
135,0.5908727612481732
136,0.5743252488495788
137,0.6532008198571336
138,0.6521032700016889
139,0.43141843543397396
140,0.896546595851063
141,0.36756187004789653
142,0.4358649252656268
143,0.8919233550156721
144,0.8061939890460857
145,0.7038885835403663
146,0.10022688731230112
147,0.9194826137446735
148,0.7142412995491114
149,0.9988470065678665
150,0.14944830465799375
151,0.8681260573682142
152,0.16249293467637482
153,0.6155595642838442
154,0.12381998284944151
155,0.8480082293222344
156,0.8073189587250107
157,0.5691007386145933
158,0.40718329722599966
159,0.06916699545513805
160,0.6974287731445636
161,0.45354268267806885
162,0.7220555994703479
163,0.8663823259286292
164,0.9755215050028858
165,0.855803342392611
166,0.011714084185001972
167,0.3599780644783639
168,0.729990562424058
169,0.17162967726144052
170,0.5210366062041293
171,0.05433798833925363
172,0.19999652489640007
173,0.01852179446061397
174,0.7936977033574206
175,0.22392468806038013
176,0.3453516806969027
177,0.9280812934655909
178,0.7044144019235328
179,0.03183892953130785
180,0.16469415649791275
181,0.6214784014997635
182,0.5772285886041676
183,0.23789282137450862
184,0.9342139979247938
185,0.613965955965896
186,0.5356328030249583
187,0.589909976354571
188,0.7301220295167696
189,0.31194499547960186
190,0.3982210622160919
191,0.20984374897512215
192,0.18619300588033616
193,0.9443723899839336
194,0.7395507950492876
195,0.4904588086175671
196,0.22741462797332324
197,0.25435648177039294
198,0.05802916032387562
199,0.4344166255581208
200,0.3117958819941026
201,0.6963434888154595
202,0.3777518392924809
203,0.1796036775596348
204,0.02467872839133123
205,0.06724963146324858
206,0.6793927734985673
207,0.4536968445560453
208,0.5365792111087222
209,0.8966712930403421
210,0.9903389473967044
211,0.21689698439847394
212,0.6630782031001008
213,0.26332237673715064
214,0.02065099946572868
215,0.7583786538361414
216,0.32001715082246784
217,0.38346389417189797
218,0.5883171135536057
219,0.8310484552361904
220,0.6289818435911487
221,0.8726506554473953
222,0.27354203481563577
223,0.7980468339125637
224,0.1856359443059522
225,0.9527916569719446
226,0.6874882763878153
227,0.21550767711355845
228,0.9473705904889242
229,0.7308558067701578
230,0.25394164259502583
231,0.21331197736748198
232,0.5182007139306632
233,0.025662718054531575
234,0.2074700754411094
235,0.42468546875150626
236,0.37416998033422555
237,0.4635754243648107
238,0.2776287062947319
239,0.5867843464581688
240,0.8638556059232314
241,0.11753185596203308
242,0.5173791071541142
243,0.1320681063451533
244,0.7168596811925937
245,0.39605970280729375
246,0.565421311858509
247,0.18327983621407862
248,0.14484775934337724
249,0.48805628064895457
250,0.3556127378499556
251,0.940431945252813
252,0.7653252538069653
253,0.7486636198505473
254,0.9037197397459334
255,0.08342243544201855
256,0.5521924699224066
257,0.5844760689557689
258,0.961936378547229
259,0.29214752679254885
260,0.24082877991544682
261,0.10029394226549782
262,0.016429629591474204
263,0.9295293167921905
264,0.66991654659091
265,0.7851529120231378
266,0.2817301057539491
267,0.5864101661863267
268,0.06395526612098112
269,0.4856275959346229
270,0.9774951397444468
271,0.8765052453165908
272,0.33815895183684563
273,0.9615701545414985
274,0.2317016264712045
275,0.9493188224156814
276,0.9413777047064986
277,0.7992025873523917
278,0.6304479368667911
279,0.874287966624947
280,0.2930202845077967
281,0.8489435553129182
282,0.6178766919175238
283,0.01323685775889949
284,0.34723351793221957
285,0.14814086094816503
286,0.9818293898182532
287,0.47837030703998806
288,0.4973913654986627
289,0.6394725163987236
290,0.3685846061296175
291,0.13690027168559893
292,0.8221177331942455
293,0.18984791190275796
294,0.511318982546456
295,0.22431702897473926
296,0.09784448449403405
297,0.8621915174216833
298,0.9729194890231303
299,0.9608346580630002
300,0.906555499221179
301,0.7740473326986388
302,0.3331451520286419
303,0.08110138998799676
304,0.40724117141380733
305,0.23223414217094274
306,0.13248763475798297
307,0.05342718178682526
308,0.7255943642105788
309,0.011427458625031028
310,0.7705807485027762
311,0.14694664540037505
312,0.07952208258675575
313,0.08960303423860538
314,0.6720478073539145
315,0.24536720985284477
316,0.42053946668009845
317,0.5573687913239169
318,0.8605511738287938
319,0.7270442627113283
320,0.27032790523871464
321,0.1314827992911276
322,0.05537432042119794
323,0.3015986344809425
324,0.26211814923967824
325,0.45614056680047965
326,0.6832813355476804
327,0.6956254456388572
328,0.28351884658216664
329,0.3799269559001205
330,0.18115096173690304
331,0.7885455123065187
332,0.0568480764332403
333,0.6969972417249873
334,0.7786953959411034
335,0.7774075618487531
336,0.25942256434535493
337,0.37381313793256143
338,0.587599635196389
339,0.272821902424467
340,0.3708527992178887
341,0.19705428018563964
342,0.4598558837560074
343,0.044612301254114084
344,0.799795884570618
345,0.07695644698663273
346,0.518835148831526
347,0.3068100995451961
348,0.5775429488313755
349,0.9594333408334251
350,0.6455702444560039
351,0.03536243575549092
352,0.43040243950806123
353,0.5100168523182502
354,0.536177494703452
355,0.6813925106038379
356,0.2775960977317661
357,0.1288605654663202
358,0.39267567654709434
359,0.9564057227959488
360,0.18713089175084474
361,0.903983954928237
362,0.5438059500773263
363,0.4569114216457658
364,0.8820414102298896
365,0.45860396176858587
366,0.7241676366115433
367,0.399025321703102
368,0.9040443929009577
369,0.6900250201912274
370,0.6996220542505167
371,0.3277204015571189
372,0.7567786427368892
373,0.6360610554471413
374,0.24002027337970955
375,0.16053882248525642
376,0.7963914745173317
377,0.9591666030352225
378,0.45813882726004285
379,0.5909841653236849
380,0.8577226441935546
381,0.45722345335385706
382,0.9518744768327362
383,0.5757511620448724
384,0.820767120701315
385,0.9088437184127384
386,0.8155238187685688
387,0.15941446344895593
388,0.6288984390617004
389,0.3984342586196771
390,0.0627129520233457
391,0.42403225188984195
392,0.2586840668894077
393,0.8490383084285108
394,0.03330462654669619
395,0.9589827218634736
396,0.3553688484719296
397,0.3567068904025429
398,0.01632850268370789
399,0.18523232523618394
400,0.4012595008036087
401,0.9292914173027139
402,0.09961493022127133
403,0.9453015334790795
404,0.8694885305466322
405,0.4541623969075518
406,0.32670088176826007
407,0.23274412927905685
408,0.6144647064768743
409,0.03307459147550562
410,0.015606064446828216
411,0.42879572249823783
412,0.0680740739747202
413,0.2519409882460929
414,0.22116091534608384
415,0.2531911937228519
416,0.13105523121525775
417,0.01203622289765427
418,0.11548429713874808
419,0.6184802595127479
420,0.9742562128180503
421,0.9903450015608939
422,0.4090540953730616
423,0.16295442604660537
424,0.6387617573665293
425,0.49030534654873714
426,0.9894097772844315
427,0.0653042071517802
428,0.7832344383138131
429,0.2883984973314939
430,0.241418620076574
431,0.662504571532676
432,0.24606318499096447
433,0.6658591175591877
434,0.5173085172022888
435,0.4240889884358493
436,0.554687808661419
437,0.28705151991962974
438,0.7065747062729789
439,0.414856869333564
440,0.36054556048589226
441,0.8286569145557378
442,0.9249669119531921
443,0.046007310887296926
444,0.2326269928297655
445,0.34851936949256324
446,0.8149664793702474
447,0.9854914276432976
448,0.9689717046703518
449,0.9049483455499269
450,0.2965562650640299
451,0.9920112434144741
452,0.2494200410564512
453,0.1059061548822322
454,0.9509526110553941
455,0.2334202554680963
456,0.6897682650777505
457,0.05835635898058866
458,0.7307090991274762
459,0.8817202123338397
460,0.2724368954659625
461,0.37905689607742854
462,0.3742961833209161
463,0.7487882575401331
464,0.23780724253903884
465,0.171853099047643
466,0.4492916486877381
467,0.3044684073773195
468,0.8391891222586524
469,0.23774182601563876
470,0.5023894574892614
471,0.9425835996979304
472,0.6339976977446607
473,0.8672894054624648
474,0.9402096893547673
475,0.7507648618863519
476,0.6995750602247514
477,0.9679655666042271
478,0.9944007896476794
479,0.45182168266975964
480,0.07086977818420837
481,0.29279403144051885
482,0.15235470568773046
483,0.4174863747960118
484,0.13128932847325603
485,0.604117804020882
486,0.3828080591578541
487,0.89538588428821
488,0.9677946717985019
489,0.5468849016694222
490,0.2748235698675966
491,0.5922304187618368
492,0.8967611582244098
493,0.4067333458357483
494,0.5520782766919708
495,0.2716527676061459
496,0.455444149450027
497,0.40171353537959864
498,0.24841346508297102
499,0.5058663838253084
500,0.3103808259798114
501,0.37303486388074747
502,0.5249704422542643
503,0.7505950229289875
504,0.3335074657912753
505,0.9241587666207636
506,0.8623185468359024
507,0.04869029597552854
508,0.25364252425682277
509,0.4461355126592019
510,0.10462788874247408
511,0.3484759890334971
512,0.7400975256176825
513,0.6805144811428259
514,0.6223844285660048
515,0.7105284027223456
516,0.20492368695970176
517,0.3416981148647321
518,0.6762424822774629
519,0.8792347630313271
520,0.5436780538280952
521,0.2826996509455366
522,0.03023525800598259
523,0.7103368289742134
524,0.007884103508440377
525,0.3726790698209955
526,0.5305372145627818
527,0.922111461767193
528,0.08949454503290011
529,0.4059423219682837
530,0.024313199710157773
531,0.3426109843415903
532,0.6222310588397949
533,0.2790679482285984
534,0.2097499496556351
535,0.11570323332709365
536,0.5771402440203418
537,0.695270005904686
538,0.6719571405958223
539,0.9488610207205074
540,0.0027032138935026984
541,0.647196653894036
542,0.6003922370976396
543,0.5887396099702882
544,0.9627703198402424
545,0.016871673370039697
546,0.6964824307014501
547,0.8136786497018634
548,0.5098071966215841
549,0.33396486959680916
550,0.7908401632274049
551,0.09724292563242465
552,0.44203563772992527
553,0.5199523745708382
554,0.6939564109345475
555,0.09088573203240946
556,0.22775950153786095
557,0.41030156269012563
558,0.6232946730201306
559,0.8869607812174175
560,0.6188261682413765
561,0.13346147093493443
562,0.9805801327872824
563,0.8717857347554929
564,0.502720761145324
565,0.922347981796633
566,0.5413807937571358
567,0.9233060678891631
568,0.8298973686033432
569,0.9682864102942973
570,0.9197828107781584
571,0.03603381742856948
572,0.17477200416093996
573,0.38913467710118577
574,0.9521426972954208
575,0.3000289194759296
576,0.16046764388760104
577,0.8863046660865599
578,0.4463944154832029
579,0.9078755943543261
580,0.16023046632014326
581,0.6611175115080995
582,0.4402637528294918
583,0.0764867690302854
584,0.6964631446525006
585,0.2473987555391537
586,0.039615522579517726
587,0.05994429824957326
588,0.06107853706678734
589,0.9077329574850395
590,0.739883917829101
591,0.8980623572137351
592,0.6725823112965214
593,0.5289399290308832
594,0.30444636434737826
595,0.9979622513286734
596,0.36218905893938935
597,0.47064894921390954
598,0.37824517492346177
599,0.9795269293354586
600,0.17465838539500578
601,0.32798800090807967
602,0.6803486660150015
603,0.06320761833863064
604,0.607249374011541
605,0.4776465028764161
606,0.2839999767621011
607,0.238413280924058
608,0.5145127432987567
609,0.36792758053704133
610,0.45651989126265535
611,0.3374773817642399
612,0.9704936935959776
613,0.13343943174560402
614,0.0968039531783742
615,0.34339172879091606
616,0.5910269008704913
617,0.6591764718500283
618,0.39725674716804205
619,0.9992779939221711
620,0.3518929961930426
621,0.7214066679599525
622,0.6375826945307929
623,0.8130538632474607
624,0.97622566345382
625,0.8897936564455402
626,0.7645619743577086
627,0.6982484778182906
628,0.3354981696758996
629,0.14768557820670736
630,0.06263600305980976
631,0.24190170420148482
632,0.4322814811812986
633,0.5219962736299825
634,0.7730835540548716
635,0.958740923056593
636,0.11732048038481102
637,0.10700414019379156
638,0.5896947230135507
639,0.745398073947293
640,0.8481503803469849
641,0.9358320802167885
642,0.983426242260642
643,0.3998016922245259
644,0.3803351835275731
645,0.14780867669727238
646,0.6849344386835594
647,0.6567619584408371
648,0.8620625958512073
649,0.09725799478764063
650,0.4977769078253418
651,0.5810819296720631
652,0.2415570400399184
653,0.16902540612916128
654,0.8595808364196215
655,0.058534922235558784
656,0.4706209039180729
657,0.11583400130088528
658,0.45705876133136736
659,0.9799623263423093
660,0.4237063534554728
661,0.8571249175045673
662,0.11731556418319389
663,0.27125207676186414
664,0.4037927406673345
665,0.39981214000933074
666,0.6713834786701531
667,0.34471812737550767
668,0.7137668684100164
669,0.6391868992253925
670,0.3991611452547731
671,0.43176012765431926
672,0.6145276998103207
673,0.07004219014464463
674,0.8224067383556903
675,0.6534211611136369
676,0.7263424644178352
677,0.5369230010823904
678,0.11047711099174473
679,0.4050356132969499
680,0.40537358284855607
681,0.3210429900432169
682,0.02995032490474936
683,0.7372542425964773
684,0.1097844580625007
685,0.6063081330450851
686,0.7032174964672158
687,0.6347863229336947
688,0.959142251977975
689,0.10329815508513862
690,0.8671671591051991
691,0.029190234848913255
692,0.534916854927084
693,0.4042436179392588
694,0.5241838603937582
695,0.3650998770600098
696,0.19056691494006806
697,0.01912289744868978
698,0.5181498137911743
699,0.8427768626848423
700,0.37321595574479416
701,0.22286381801498023
702,0.08053200347184408
703,0.08531092311870336
704,0.22139644629277222
705,0.10001406092155518
706,0.26503969836448205
707,0.06614946211695472
708,0.06560486720992564
709,0.8562761796227819
710,0.16212026070883323
711,0.559682405823448
712,0.7734555444490305
713,0.4564095653390666
714,0.15336887785934572
715,0.19959614212011434
716,0.43298420628118073
717,0.5282340891785358
718,0.3494402920485349
719,0.7814796002346613
720,0.7510216488563984
721,0.9272118073731179
722,0.02895254902696054
723,0.8956912912102034
724,0.39256878846215104
725,0.8783724953799941
726,0.6907847761565296
727,0.9873487570739682
728,0.7592824517166681
729,0.3645446259967866
730,0.5010631728347521
731,0.37638915519435123
732,0.3649118360212381
733,0.26090449938105975
734,0.4959702953734696
735,0.6817399450693612
736,0.2773402713052435
737,0.52437981107722
738,0.11738029417055718
739,0.1598452868541913
740,0.04680635471218875
741,0.9707314427706328
742,0.0038603515102610952
743,0.1785799680576563
744,0.6128667531169923
745,0.0813695988533053
746,0.8818965030968323
747,0.7196201578422882
748,0.9663899714378934
749,0.5076355472407649
750,0.3004036831584872
751,0.5495005727952714
752,0.9308187172979732
753,0.5207614372418605
754,0.26720703186231864
755,0.8773987891741196
756,0.3719187485124613
757,0.0013833499989991394
758,0.24768502249231594
759,0.3182335091770624
760,0.8587774682319022
761,0.458503167066445
762,0.44458728781130075
763,0.3361022663998874
764,0.8806781230470796
765,0.9450267769403914
766,0.9918903291546294
767,0.37674126696098675
768,0.9661474456271714
769,0.7918795696309013
770,0.6756891476442668
771,0.24488947942009942
772,0.2164572609442098
773,0.16604782452124567
774,0.9227566102253654
775,0.2940766623831661
776,0.45309424544887844
777,0.4939578339872235
778,0.7781715954502542
779,0.8442349615530241
780,0.1390727011486128
781,0.4269043602110737
782,0.8428548878354571
783,0.8180333057558384
784,0.1024137584524164
785,0.156383348867963
786,0.3041986915994078
787,0.07535906908334034
788,0.4246630028405929
789,0.10761770514958191
790,0.568217593669845
791,0.24655693981115612
792,0.5964330653496227
793,0.11752564290363765
794,0.9758838684185334
795,0.9325612038573404
796,0.3917969385646658
797,0.24217859412608544
798,0.2503982128535728
799,0.48339353520239203
800,0.03999280190071697
801,0.639705106075127
802,0.4083029083397448
803,0.3774065725888873
804,0.8093649714891984
805,0.70903546018329
806,0.954333815392692
807,0.3519362404956907
808,0.8975427646494055
809,0.7699671862500889
810,0.35742465159471304
811,0.6216654364532578
812,0.2885699576516956
813,0.8743999170748423
814,0.11242731721231125
815,0.21243436129404103
816,0.18303329207992114
817,0.40302600240428865
818,0.7452329600321291
819,0.5269074490521803
820,0.48767632353820756
821,0.0005459648969956543
822,0.4254017253550547
823,0.06355377483615843
824,0.20825325212148382
825,0.9323939389604944
826,0.2153982043432382
827,0.8583376386342625
828,0.8028933715613342
829,0.15914623694224284
830,0.6057119572702788
831,0.11566187190501331
832,0.7278881583695115
833,0.6374622773722066
834,0.8119385616910193
835,0.47938454938918806
836,0.9148630878333829
837,0.04934894678843971
838,0.29288856502701466
839,0.715052597465167
840,0.41810921174800086
841,0.17295135427115638
842,0.10721074542854603
843,0.8173391114616214
844,0.47314297846564424
845,0.8822836719191074
846,0.733289134316726
847,0.4097262056307436
848,0.37351101415568366
849,0.5156383466512517
850,0.8890599531897286
851,0.7372785797141679
852,0.00515296426902323
853,0.6941578513691256
854,0.9195074069058207
855,0.7104557595044916
856,0.1770057815674959
857,0.4835181274274587
858,0.1403160179234194
859,0.3589952783396321
860,0.9371170419405177
861,0.9233053075587083
862,0.2828368521760829
863,0.33963104416619916
864,0.6002128681312939
865,0.96319729526038
866,0.14780133406539042
867,0.2569166436866691
868,0.8735568272907714
869,0.4918922317083445
870,0.8989610922270317
871,0.18551789752317627
872,0.5326685874713607
873,0.32626963264937237
874,0.31654255989247604
875,0.44687696394619913
876,0.43307744910126844
877,0.3573468796779544
878,0.9149707703156186
879,0.7317441854328928
880,0.7275469913315297
881,0.2899134495919554
882,0.5777094243168404
883,0.779179433301834
884,0.7955903685432131
885,0.34453046075431226
886,0.7708727565686478
887,0.735893896807733
888,0.14150648562190027
889,0.8659454685664772
890,0.4413214701804108
891,0.48641044888866547
892,0.4483691788979973
893,0.5678460014775075
894,0.6211692473670547
895,0.4981795657629434
896,0.8667885432590956
897,0.6277347561952844
898,0.40142794930551995
899,0.41669175690871096
900,0.8108386151289514
901,0.3481919427465201
902,0.21145479578241355
903,0.059383188005789234
904,0.8760268479205742
905,0.9185464511903499
906,0.12012018216347597
907,0.33447374149611486
908,0.17537206951524387
909,0.11589846882587973
910,0.8998667430000302
911,0.05687725914535546
912,0.9804856634690068
913,0.09645086069738418
914,0.8634706491935857
915,0.5665061069891627
916,0.36791748781787337
917,0.3423423766251579
918,0.7573641432377087
919,0.3145732950042872
920,0.6573189166171418
921,0.5173260835160801
922,0.4849656451580705
923,0.9011621706491616
924,0.5546450586202596
925,0.8268616030486949
926,0.7255735341014894
927,0.03855724605899835
928,0.7731100525054192
929,0.21687025009104066
930,0.9031496468515715
931,0.042924190608832014
932,0.33307203447431877
933,0.09973294723475401
934,0.47558911708484375
935,0.8200224358697518
936,0.2981873596630641
937,0.1509348973110416
938,0.3302670356968992
939,0.813880141920636
940,0.14038395779934687
941,0.2273624490775018
942,0.06885196449337394
943,0.7057100439896077
944,0.3952332435363368
945,0.310839977143316
946,0.7186263903411519
947,0.33597754234025523
948,0.727771273214418
949,0.8151993953143135
950,0.21766284345773845
951,0.9738186968459833
952,0.16235794791266678
953,0.29084090665674256
954,0.17979529083354162
955,0.34550565635633446
956,0.4800608878207556
957,0.5221758690021191
958,0.853606042296272
959,0.8894479088158666
960,0.22010386078090638
961,0.6228940321857525
962,0.11149605729871559
963,0.4589698601820683
964,0.32233353804661813
965,0.3165007454536064
966,0.482584241712101
967,0.7298276355292675
968,0.0691826587923895
969,0.8791733376874045
970,0.7348137746305611
971,0.17649938888906014
972,0.9391609090873704
973,0.5063122240233886
974,0.9998085781169653
975,0.19725947430073765
976,0.5349081983832014
977,0.2902480425599284
978,0.30417355738924656
979,0.5910653808339902
980,0.9217190668708333
981,0.805263855579175
982,0.7239413985013259
983,0.5591737821017022
984,0.9222985036674477
985,0.49236140669088413
986,0.8738321783347182
987,0.8339816438766318
988,0.21383534680158656
989,0.7712254629659102
990,0.012171156943258765
991,0.3228295375480875
992,0.22956744469194978
993,0.5068629584873134
994,0.7368531616807855
995,0.09767636744772412
996,0.5149222019367684
997,0.9384120216943856
998,0.2286465509829455
999,0.6771411441114241
1000,0.5928802707811576
1001,0.01006369565609333
1002,0.47582619585722274
1003,0.7087703909410487
1004,0.0439754320240906
1005,0.8795214830237301
1006,0.5200814166356731
1007,0.03066104832571792
1008,0.2244136119208402
1009,0.953675696427313
1010,0.5823197330520553
1011,0.10747256776880454
1012,0.2875445022805615
1013,0.4567036258604842
1014,0.020950069267730465
1015,0.4116155136137588
1016,0.48945863543469814
1017,0.2436778752812322
1018,0.5886390002919866
1019,0.7532401195921768
1020,0.23583422410563548
1021,0.6204999002799877
1022,0.6396222429637416
1023,0.948540301128841
1024,0.7782761672964438
1025,0.848345269790006
1026,0.49041990843627514
1027,0.18534858697938283
1028,0.995815292959635
1029,0.1293557610386996
1030,0.4714573193542654
1031,0.0680930992421066
1032,0.9438508573508195
1033,0.9649249408484396
1034,0.7193890620039736
1035,0.3499928436301689
1036,0.25438240111762433
1037,0.2653033245370474
1038,0.12729402542007473
1039,0.5258089530767229
1040,0.1418172757014775
1041,0.3167306665534563
1042,0.6267064759591049
1043,0.7275436095907498
1044,0.024272704622061214
1045,0.4301159843767399
1046,0.652124594842139
1047,0.8532459761585128
1048,0.4753247822120824
1049,0.9692058717176852
1050,0.2656325475414473
1051,0.01350870662671888
1052,0.4837528647017362
1053,0.25611379502001796
1054,0.8237176720231694
1055,0.23277267218111208
1056,0.3106292182913063
1057,0.7912274310191123
1058,0.71514325202536
1059,0.5580512366572625
1060,0.7049480619227595
1061,0.4186368635700265
1062,0.005310047614667801
1063,0.011355128512192558
1064,0.5112217875736866
1065,0.08329097971899924
1066,0.05107548016925678
1067,0.9655166391374733
1068,0.8590026396580586
1069,0.15202722720956952
1070,0.0006642185902044906
1071,0.9416677953897564
1072,0.2783252983201143
1073,0.1858976028554975
1074,0.6915081078315353
1075,0.1089037388413262
1076,0.2646495980028003
1077,0.9750946802120465
1078,0.6394627744740102
1079,0.5206777914825536
1080,0.39791861483493773
1081,0.774500954884202
1082,0.14095747652369373
1083,0.9673378020369822
1084,0.8611230080657867
1085,0.6176569825692433
1086,0.042906190402558164
1087,0.7008556494477377
1088,0.9132843408854808
1089,0.524577067478626
1090,0.3542248218272628
1091,0.12027734497946962
1092,0.7549011041375683
1093,0.8850218512118062
1094,0.10025174407584858
1095,0.7589845547523419
1096,0.017060486259097507
1097,0.9670549180772195
1098,0.6150580206350962
1099,0.5524390589916331
1100,0.2959498335889278
1101,0.9292916715697834
1102,0.265905627336791
1103,0.8281466132166949
1104,0.985108679337132
1105,0.7833966455148058
1106,0.5189899203864318
1107,0.06607426385167192
1108,0.472413789171073
1109,0.43825594697170356
1110,0.20279604118699524
1111,0.42358763671430444
1112,0.3577578840803387
1113,0.16368426115164847
1114,0.44137414333248615
1115,0.26279995632448905
1116,0.5220624206822644
1117,0.03516005971619418
1118,0.9062314197872842
1119,0.8163643055198561
1120,0.5525813325105046
1121,0.8518085827572431
1122,0.9623950738108005
1123,0.11052229405266056
1124,0.6308318084098038
1125,0.9979940009356586
1126,0.9878891693335261
1127,0.6033229922907446
1128,0.12802087045081667
1129,0.5831928309905282
1130,0.0020646355744217137
1131,0.19891133466685962
1132,0.95612315955996
1133,0.3304405726028439
1134,0.6383901057769485
1135,0.2808594946322427
1136,0.9478218871115895
1137,0.7285587299494868
1138,0.3296511575814126
1139,0.7917614211803709
1140,0.10816552447633765
1141,0.3923189400654594
1142,0.22121812773159233
1143,0.6837264472760463
1144,0.10244628177193038
1145,0.3970258322826741
1146,0.2766497302091896
1147,0.5063429193238042
1148,0.3498976805038789
1149,0.706410577667011
1150,0.024577024306966067
1151,0.6339869213059075
1152,0.23057128969382001
1153,0.2687090287568493
1154,0.8002556035835235
1155,0.9555683939804208
1156,0.3165502100270866
1157,0.8268052703690757
1158,0.1039908379712331
1159,0.6339816530073832
1160,0.7510322995349188
1161,0.15597792803445654
1162,0.42600238766956056
1163,0.8927071642489816
1164,0.10357846344837218
1165,0.01809635820147515
1166,0.5905853790479337
1167,0.43553154053093346
1168,0.7986892488839027
1169,0.9234555382041066
1170,0.2991536445438161
1171,0.3884041171691053
1172,0.48627208632931485
1173,0.5881514604352993
1174,0.9838538296816167
1175,0.6973302508300515
1176,0.3895485073455688
1177,0.2637676864504621
1178,0.9446257184221241
1179,0.1355484331085064
1180,0.720265852504758
1181,0.9253950252924407
1182,0.6646655865344386
1183,0.42305444016612115
1184,0.198990939925484
1185,0.36747532225192725
1186,0.7068718094201221
1187,0.6495342241752968
1188,0.9279761665983579
1189,0.8668609136593749
1190,0.8161507522663684
1191,0.9114508753507623
1192,0.2763371527370494
1193,0.3695235401396495
1194,0.3798939037860174
1195,0.5604505887097803
1196,0.668218229542771
1197,0.2867166830403943
1198,0.019462467309300346
1199,0.3992223836579093
1200,0.3085279595544005
1201,0.9421847190180479
1202,0.8882650405440435
1203,0.8603106783434196
1204,0.652999760945243
1205,0.3442891646989389
1206,0.5488492673993047
1207,0.8152250407163727
1208,0.09861036872281104
1209,0.8010748802553047
1210,0.04117979132812166
1211,0.8164210312143557
1212,0.8075638041598735
1213,0.051007308828755815
1214,0.6271607114618583
1215,0.5024530743128972
1216,0.16981950317171468
1217,0.14837893767737564
1218,0.7732591260670232
1219,0.5676927488368441
1220,0.9829991349165325
1221,0.9822477772883441
1222,0.9926669934642663
1223,0.11861551836576589
1224,0.9382561369639623
1225,0.2445696090205628
1226,0.458212259758612
1227,0.7574065558217259
1228,0.20362093207723198
1229,0.5663116055543299
1230,0.1858167482259957
1231,0.1047361066812933
1232,0.11655861242959853
1233,0.3576390348482188
1234,0.004654836837183485
1235,0.4248539212016895
1236,0.664197105081149
1237,0.40168818500398873
1238,0.08579460051983512
1239,0.06268886202364055
1240,0.2781165127648617
1241,0.16931269054360076
1242,0.9650949732179694
1243,0.151230224974085
1244,0.8054624374049966
1245,0.5861079417411448
1246,0.5692869199842944
1247,0.5120807159237846
1248,0.9717630761139511
1249,0.3638447750916378
1250,0.7879157509538762
1251,0.5552941074669596
1252,0.39563366762572616
1253,0.9554659333057809
1254,0.5983159693646871
1255,0.11891694214601356
1256,0.4175392009968566
1257,0.7815817276816076
1258,0.6937470232392138
1259,0.9163403298365742
1260,0.25937738414152023
1261,0.7581937163538238
1262,0.4598752073945209
1263,0.5736097469668154
1264,0.955046681006283
1265,0.9792863199891774
1266,0.8615909639255636
1267,0.35909708773029625
1268,0.8877008357273198
1269,0.638609177641413
1270,0.4299967804707131
1271,0.035742682500483736
1272,0.7701281241915822
1273,0.502105580724113
1274,0.7861884994650608
1275,0.7480227993432699
1276,0.7935673680483519
1277,0.30065115869676684
1278,0.800798599067631
1279,0.5488463284661673
1280,0.4733262004491432
1281,0.6751259138207569
1282,0.021358682938348306
1283,0.10231681588759423
1284,0.292177365167522
1285,0.9829901099578396
1286,0.13974577886495498
1287,0.3305963007592103
1288,0.05105306469192361
1289,0.3312688802927263
1290,0.3203262865108316
1291,0.9468071709445222
1292,0.8451540869957204
1293,0.3827642192427715
1294,0.02476905803924867
1295,0.8310311139953782
1296,0.6605361771445402
1297,0.15236448365130972
1298,0.9960712710101872
1299,0.10023343742412305
1300,0.8671145415936629
1301,0.294266164129689
1302,0.43535346632515703
1303,0.7954565267763146
1304,0.6775083559940103
1305,0.9378643744440391
1306,0.6211403254603832
1307,0.09781016147905275
1308,0.8843603632419503
1309,0.7691555249885911
1310,0.711870450893322
1311,0.05373354735373537
1312,0.396222744661744
1313,0.16743581945953923
1314,0.821903908407869
1315,0.7005286228178628
1316,0.8830775973191353
1317,0.9665751069241639
1318,0.7747476141924986
1319,0.9942330832207621
1320,0.6147698861442988
1321,0.037129603891447815
1322,0.01425151515029588
1323,0.3421038752037887
1324,0.8234717190675371
1325,0.866134706324731
1326,0.9608125288226779
1327,0.0651214685488184
1328,0.044571110987664087
1329,0.9132835963670337
1330,0.3050466983628616
1331,0.5579874006096327
1332,0.9824448830007099
1333,0.40044853473592334
1334,0.6658713983098399
1335,0.4008795636319853
1336,0.7681946644627797
1337,0.5277147255728658
1338,0.23752313798634972
1339,0.2713061012584662
1340,0.25805921253840725
1341,0.5323203282585608
1342,0.7031890160156643
1343,0.9492799000431421
1344,0.6940873750829799
1345,0.7811928439623906
1346,0.16892611586456563
1347,0.3740626250073257
1348,0.4137802198582661
1349,0.686380230000473
1350,0.2958919763768736
1351,0.3032919214196661
1352,0.3558891546408681
1353,0.8103020815432322
1354,0.5775900900433487
1355,0.07527727983273447
1356,0.0782460996904688
1357,0.3712869442824993
1358,0.7665910506061583
1359,0.6886834264786805
1360,0.7079823546511866
1361,0.7672100660540969
1362,0.2871527128863294
1363,0.548256281942088
1364,0.5433526403167696
1365,0.7396325011799493
1366,0.9568705691056464
1367,0.2779899447954659
1368,0.7932816727570482
1369,0.6599705485232624
1370,0.5802378708634601
1371,0.7748797793474019
1372,0.9440324664280993
1373,0.03669141786941299
1374,0.14740010251322067
1375,0.7562872315011158
1376,0.08379135291008455
1377,0.516123700741093
1378,0.21986077664160697
1379,0.2742957038427515
1380,0.7018404829444163
1381,0.030192773268711615
1382,0.8733194279019036
1383,0.44447895535227
1384,0.5023932939071011
1385,0.5400479636936919
1386,0.6455442945794939
1387,0.3448565866227481
1388,0.10110749056349133
1389,0.31837893666617656
1390,0.1681421180228203
1391,0.5561331794504739
1392,0.31802863096038647
1393,0.9580671779934349
1394,0.9657342779802807
1395,0.6201258805682415
1396,0.617497267667286
1397,0.9853785645671059
1398,0.887283151235186
1399,0.76506994915814
1400,0.3135906117427012
1401,0.36553902811807637
1402,0.20126676576086544
1403,0.48714812691737464
1404,0.9903685221395796
1405,0.9121509530115888
1406,0.11834943401946907
1407,0.02519028929050615
1408,0.8986376684082662
1409,0.5371701279487074
1410,0.20018988820845618
1411,0.6736532695846353
1412,0.64422317792982
1413,0.12208560683646719
1414,0.2596002334976195
1415,0.06007796431325796
1416,0.20986047387014195
1417,0.13230567485306288
1418,0.1932362924745561
1419,0.685467145913117
1420,0.049499744261067735
1421,0.10185461524821648
1422,0.13417363807828764
1423,0.316541120958134
1424,0.2987503108519409
1425,0.2550637853166394
1426,0.7505366534324163
1427,0.9980227877581006
1428,0.5339779236287958
1429,0.9442027179139421
1430,0.3966101121260647
1431,0.10668244680271344
1432,0.4087738294698373
1433,0.2961277734146933
1434,0.49340696228917813
1435,0.6570436769164232
1436,0.4610502191524082
1437,0.9351605120778256
1438,0.8847648222993799
1439,0.7019775951661972
1440,0.48968491236454914
1441,0.13168728181445688
1442,0.3970136667776334
1443,0.7044015394011737
1444,0.2848855205537312
1445,0.10398807754342043
1446,0.9078984575106281
1447,0.7090508098155446
1448,0.6152764266350972
1449,0.7924989056089166
1450,0.8356460375834757
1451,0.48345899817102334
1452,0.88118825140944
1453,0.9164190107011054
1454,0.2715510954247814
1455,0.6075453597907943
1456,0.5265840288204692
1457,0.5379457791519024
1458,0.937663093964562
1459,0.305188702693029
1460,0.9834339782345762
1461,0.9021312148042321
1462,0.45872288861350263
1463,0.8174532636181662
1464,0.7690469943201406
1465,0.6778949696185212
1466,0.31983388938315427
1467,0.19645099182095394
1468,0.6715276967657582
1469,0.8429732964010842
1470,0.01625278867736968
1471,0.6428033753085121
1472,0.44287302462221245
1473,0.8980877551269836
1474,0.32147293085420525
1475,0.47418481226362175
1476,0.5147671040351863
1477,0.14043952137105298
1478,0.7128923026989064
1479,0.8304763451209596
1480,0.05790927689626024
1481,0.29138882053690274
1482,0.03804468153505791
1483,0.9565441046882424
1484,0.6671688207038236
1485,0.9642004194547815
1486,0.5314942783313078
1487,0.8020685238956139
1488,0.37441398387974
1489,0.3538190325726409
1490,0.3782678171051327
1491,0.6578621337264282
1492,0.3594531510216522
1493,0.9003674516042256
1494,0.9832748650501553
1495,0.03042651533700591
1496,0.19362329040249648
1497,0.112249992587386
1498,0.04236404709144326
1499,0.22774099334728648
1500,0.44679332036908115
1501,0.8369903652886838
1502,0.2218240305099961
1503,0.49394525566220127
1504,0.9296187394467544
1505,0.6672147067866749
1506,0.7980790197559975
1507,0.5509939701854862
1508,0.98046645884063
1509,0.5886621546814742
1510,0.04551071396259154
1511,0.19798279993979484
1512,0.40477362895714797
1513,0.6012771725737763
1514,0.7719308674089599
1515,0.41308612590388627
1516,0.7100583050156887
1517,0.789869503109125
1518,0.3172601972499828
1519,0.9792702400358185
1520,0.6496564952358356
1521,0.8809980607861312
1522,0.5559376888086067
1523,0.7416031071523237
1524,0.7705440616163653
1525,0.908248379234579
1526,0.1503497568713703
1527,0.5582834241692485
1528,0.4283785131058563
1529,0.9231590211737403
1530,0.1050946942489992
1531,0.9825738886809128
1532,0.8754513240932963
1533,0.07382628156424853
1534,0.49096638554047445
1535,0.7175595002125259
1536,0.7381515456910565
1537,0.9064941252379208
1538,0.7998654355823109
1539,0.3109303803440895
1540,0.4984347858624524
1541,0.701785762935854
1542,0.13843684136435142
1543,0.19399079760019733
1544,0.4810424481098726
1545,0.2982457987055127
1546,0.8625592497840949
1547,0.586277321520618
1548,0.3486651977183677
1549,0.8488330256044101
1550,0.8048784485542388
1551,0.9983548770992695
1552,0.8473076883337348
1553,0.4144565348056797
1554,0.12749888176998847
1555,0.8406409082004779
1556,0.05975791796039398
1557,0.3502712073448542
1558,0.9197379807712738
1559,0.9607664734451007
1560,0.6405645935212184
1561,0.6886483169837135
1562,0.04245448872552249
1563,0.5144803410895479
1564,0.5468681788063412
1565,0.3401007461241111
1566,0.06859683475388434
1567,0.228907599724394
1568,0.35798393686119634
1569,0.4351419865163296
1570,0.5909267255335692
1571,0.7223915186982364
1572,0.31763187327394615
1573,0.3289537599189831
1574,0.019691642723703717
1575,0.040874860094018306
1576,0.2578216943085364
1577,0.7402449976749567
1578,0.6283138303739122
1579,0.7697890206778347
1580,0.7689194362148217
1581,0.8565674676693013
1582,0.7203192659868836
1583,0.9790109190008228
1584,0.8988252193018174
1585,0.5867171662232342
1586,0.5881576704911717
1587,0.034267040352229494
1588,0.9985265777083543
1589,0.13157599736614178
1590,0.740347196631592
1591,0.8210151951243089
1592,0.3730545293052032
1593,0.19685205466531375
1594,0.09875988679055503
1595,0.7486060058295778
1596,0.4526535292056957
1597,0.7137177590011357
1598,0.9154076488518006
1599,0.1465837361510567
1600,0.9191710007237996
1601,0.4116264595084367
1602,0.30526700989728905
1603,0.9430622606027791
1604,0.9906516926063994
1605,0.19889221776744814
1606,0.6568383469519833
1607,0.10649531377106036
1608,0.6509140038575058
1609,0.8273132277758497
1610,0.6844985465240676
1611,0.41733314206259575
1612,0.38306635956376955
1613,0.39312241522341707
1614,0.5897118179929232
1615,0.8815672700724956
1616,0.9290661572687678
1617,0.05352962020731811
1618,0.1816223946456883
1619,0.11222431582828851
1620,0.19333464076691398
1621,0.3466078106091718
1622,0.5065316826226238
1623,0.6294612270091522
1624,0.7321422191397015
1625,0.8901115413858071
1626,0.9890884372297908
1627,0.6628564785571198
1628,0.845364518667763
1629,0.7780388469246989
1630,0.30753203921871197
1631,0.875692270234923
1632,0.042763137947798846
1633,0.00036734375145786036
1634,0.2737326293884642
1635,0.4620975296274499
1636,0.6383628950006773
1637,0.1017702665445448
1638,0.67301013383484
1639,0.8018158670596945
1640,0.1853129195793668
1641,0.41512525483179386
1642,0.5199849899533098
1643,0.45180701808448065
1644,0.7998299308884707
1645,0.9605223981193308
1646,0.79895316400818
1647,0.07799281787582457
1648,0.8049355721591271
1649,0.06659633223555117
1650,0.23597038524157
1651,0.1530968968357228
1652,0.19751910684608542
1653,0.5283151270573506
1654,0.6716898576108536
1655,0.470321282336041
1656,0.9596956390292436
1657,0.24029232003016665
1658,0.7631402302547929
1659,0.8701821785071485
1660,0.5620661107547191
1661,0.4562225019615531
1662,0.5961844467792436
1663,0.42880977016034294
1664,0.5551938823233694
1665,0.4169339521288016
1666,0.40046971029413403
1667,0.6953464681395298
1668,0.09285121306796795
1669,0.16654207272882082
1670,0.851198471715004
1671,0.771077346815188
1672,0.2814537272943938
1673,0.3772689326657602
1674,0.9260265066284805
1675,0.8180772251738613
1676,0.6143462999796309
1677,0.22149017880295774
1678,0.04425197131526959
1679,0.43125784684189816
1680,0.6726271392574619
1681,0.8284804905178516
1682,0.8526890057422694
1683,0.032775901293363385
1684,0.24415703383687937
1685,0.33909458847740304
1686,0.18873221095938586
1687,0.8029753783638378
1688,0.7674657630849425
1689,0.5168330403809708
1690,0.9829264779958555
1691,0.14405854109084226
1692,0.8996517033276689
1693,0.11646325416191616
1694,0.1631817055141207
1695,0.6962192002506188
1696,0.10956969204168931
1697,0.5658450954187109
1698,0.4202335364726536
1699,0.7284739655410148
1700,0.9006752388088651
1701,0.7698715146690553
1702,0.8496898764211883
1703,0.03294544853123238
1704,0.3101954982442031
1705,0.5154330866863324
1706,0.41595331462977947
1707,0.23125495297968846
1708,0.3078740979600233
1709,0.9454309703916057
1710,0.29418087987135155
1711,0.35390411017978574
1712,0.0037097737500186856
1713,0.8450776272778745
1714,0.15484070340157663
1715,0.20414427551372605
1716,0.2552645170920256
1717,0.8846220568448426
1718,0.20645141124631472
1719,0.7975263608679399
1720,0.8080493403229045
1721,0.9270205687863958
1722,0.11556131360031396
1723,0.21727897233783133
1724,0.7428982920807213
1725,0.19600075428073904
1726,0.286329546873449
1727,0.16674158011136264
1728,0.1726966861550493
1729,0.4815533546282057
1730,0.10968306211295853
1731,0.3216976184636222
1732,0.426593909598879
1733,0.024548116523977592
1734,0.3883331664744526
1735,0.09412243608551696
1736,0.49357853114617667
1737,0.8257381885570964
1738,0.8184221621817872
1739,0.08044851553740051
1740,0.6012277576745202
1741,0.8345863819712365
1742,0.23797254293463532
1743,0.7619265114495991
1744,0.8907643464500933
1745,0.8061241514404441
1746,0.10730103151550452
1747,0.009059999522384898
1748,0.19172410992184563
1749,0.27047734094662323
1750,0.6161829906159595
1751,0.3842731752423184
1752,0.7034070306614735
1753,0.3530749605216086
1754,0.1544254246546003
1755,0.3126898434860351
1756,0.884324226389135
1757,0.9585323442450648
1758,0.20751273406736848
1759,0.7884683870244413
1760,0.2733487365398707
1761,0.8871315434314075
1762,0.16554561279625546
1763,0.6659599186940569
1764,0.08421126471318252
1765,0.9738933239738695
1766,0.7006333446405428
1767,0.8418157394050853
1768,0.5666693393630345
1769,0.4768013639288602
1770,0.6218823913943651
1771,0.528741511699448
1772,0.469384355145153
1773,0.7594502514576428
1774,0.17820095493926813
1775,0.17117204815515852
1776,0.4318426506497062
1777,0.320747916044946
1778,0.0741245179130241
1779,0.8444704924187344
1780,0.7716028066943498
1781,0.5439214998029848
1782,0.979324537264369
1783,0.07260006654760531
1784,0.766669301027875
1785,0.2663703916090968
1786,0.3685989199435754
1787,0.21927938520306756
1788,0.7890378914618652
1789,0.144240102021566
1790,0.840016697735278
1791,0.6615776482298339
1792,0.05902324526911473
1793,0.8109817316001534
1794,0.6277557161629794
1795,0.9049823195783415
1796,0.7487223064086382
1797,0.5611209274297748
1798,0.8365471806191977
1799,0.2780502383012221
1800,0.5469500618445636
1801,0.29361681980341015
1802,0.9682043910905087
1803,0.22619630084200637
1804,0.015738239670462506
1805,0.3258548420037962
1806,0.5025093969698047
1807,0.028362934230075076
1808,0.5592483000339074
1809,0.8742827749512302
1810,0.7047321944166701
1811,0.6229683229783043
1812,0.9559617507082513
1813,0.9582793338421058
1814,0.8242664697032286
1815,0.607741847385851
1816,0.4877645594977067
1817,0.01331611324646731
1818,0.6062619062265414
1819,0.9890880753568537
1820,0.818101050024029
1821,0.34060464388435197
1822,0.15204702504442202
1823,0.7840586144671541
1824,0.7439378206317415
1825,0.9670467919793231
1826,0.8748423619393388
1827,0.5556626252724074
1828,0.10128424696474214
1829,0.48350065838396006
1830,0.313695054022317
1831,0.5124084820248398
1832,0.3017015746396532
1833,0.8618229919755958
1834,0.8443270139828222
1835,0.3154651571670559
1836,0.599581346373995
1837,0.4301808576390541
1838,0.9090927570285632
1839,0.18736090142632278
1840,0.6977284017849593
1841,0.9703753278372166
1842,0.17527551956309018
1843,0.2019664284242032
1844,0.6937233386722279
1845,0.7791539245249139
1846,0.49054905479393274
1847,0.6096864651471213
1848,0.21268240881182876
1849,0.47661422856732605
1850,0.11207188087491515
1851,0.3214219252756647
1852,0.2847797050309543
1853,0.44462536010242004
1854,0.9301263622436969
1855,0.1812676621478424
1856,0.4013882466247205
1857,0.6155972191096447
1858,0.9465570860740017
1859,0.13314819153576818
1860,0.9178766169931135
1861,0.08105378863406154
1862,0.4807413971602644
1863,0.4545898672304828
1864,0.20960272887719555
1865,0.3474596681158475
1866,0.4541652683483981
1867,0.8652114629106292
1868,0.9550641453735598
1869,0.5189256786371652
1870,0.8700997902944219
1871,0.6081715856767794
1872,0.34908734198767544
1873,0.19419420761346906
1874,0.4131347717827648
1875,0.5228242829238477
1876,0.04444338825955618
1877,0.14584116587085072
1878,0.60018442398144
1879,0.22500159467716208
1880,0.8373263760812975
1881,0.3269422497741906
1882,0.10483420725325088
1883,0.08353058855531703
1884,0.9371230205317796
1885,0.11802031124187917
1886,0.14090976416206002
1887,0.862666057932753
1888,0.254288130277344
1889,0.6659514107544161
1890,0.8167256870298913
1891,0.6071806401301921
1892,0.9574885434478494
1893,0.7088828992608414
1894,0.11275150990365834
1895,0.5584100265458799
1896,0.7181865260891839
1897,0.8019572403734452
1898,0.02632133528409153
1899,0.7188789152714244
1900,0.8256808210194495
1901,0.7468338109353565
1902,0.5123491456555981
1903,0.4580209630888029
1904,0.5494185832998159
1905,0.704643698826602
1906,0.9229142906324854
1907,0.617035210641125
1908,0.8878343062834696
1909,0.7012568474457274
1910,0.06833637743884757
1911,0.5008281900016218
1912,0.28648634831524233
1913,0.2851749281325723
1914,0.3559275512159842
1915,0.3147327720004758
1916,0.5786099801171002
1917,0.683601500353557
1918,0.26874938707673546
1919,0.12976262256838134
1920,0.0588087209344621
1921,0.5757528450305522
1922,0.1861301663330024
1923,0.009247994223699374
1924,0.9277530793237041
1925,0.5371404190832406
1926,0.09244818024697277
1927,0.8429211121274853
1928,0.9832027382901181
1929,0.4486006620177172
1930,0.04248960823815817
1931,0.1175459407560635
1932,0.38165374664543217
1933,0.885522637448877
1934,0.14803867927776204
1935,0.8239900940026955
1936,0.014976260219019433
1937,0.457388698785811
1938,0.6443971409505681
1939,0.0603794820255964
1940,0.6147627506164867
1941,0.9444041214695561
1942,0.16025992013659507
1943,0.7296113830353528
1944,0.6090938979435434
1945,0.18511638887923054
1946,0.006203414709366029
1947,0.009284450505927078
1948,0.5320924091720286
1949,0.9427794095611935
1950,0.6442986274656124
1951,0.7142998462937437
1952,0.4938654869205371
1953,0.5818889426345698
1954,0.12636752533060347
1955,0.8768206204006308
1956,0.7607926286668019
1957,0.9981989528446096
1958,0.29772294755562134
1959,0.22701777179605787
1960,0.12516165796134293
1961,0.9642097566160448
1962,0.7808851846280236
1963,0.1663246137196387
1964,0.5526864711082139
1965,0.41376820806727677
1966,0.1514860078061928
1967,0.16207298502996548
1968,0.9634699947451857
1969,0.3049641829577222
1970,0.9414392916839432
1971,0.0756106730650844
1972,0.4608030422931906
1973,0.1296190485167601
1974,0.004787385241172171
1975,0.5537660737060766
1976,0.11389410481136342
1977,0.7220245309336797
1978,0.6981163757068996
1979,0.17633290746448915
1980,0.9417421432655166
1981,0.7210434084324896
1982,0.29797026415692995
1983,0.7092337639507906
1984,0.731930277681536
1985,0.3422263312509606
1986,0.3755885624614592
1987,0.3591065076533001
1988,0.6166184435520741
1989,0.9004101465401794
1990,0.17319323622858762
1991,0.8751996098363184
1992,0.027653156505342502
1993,0.6603385959782224
1994,0.4144388731896942
1995,0.7912815522324937
1996,0.721198112930903
1997,0.480107807145184
1998,0.6438640367225967
1999,0.5017731306999452
2000,0.8115184706218832
2001,0.476083985968232
2002,0.5231559899920758
2003,0.25052058641717856
2004,0.6050430168104723
2005,0.30290480866983505
2006,0.5772840145429821
2007,0.16967811557406987
2008,0.1594690923411588
2009,0.41702974119199354
2010,0.42681951511054084
2011,0.26810926491253906
2012,0.13159685036669
2013,0.039210539213897055
2014,0.025231827287816144
2015,0.2715502900064757
2016,0.46185344216193713
2017,0.726243281306127
2018,0.47487170071400897
2019,0.9040508194352818
2020,0.03521980457540708
2021,0.18066062154063434
2022,0.33851449277014267
2023,0.5774961880651225
2024,0.8527361578939424
2025,0.35020195195657644
2026,0.2679886825044201
2027,0.06188916884289575
2028,0.8213034776981041
2029,0.37966644320667897
2030,0.5715501954169343
2031,0.9835554181712204
2032,0.0015945706042945762
2033,0.14545014069886597
2034,0.7791109940193555
2035,0.8051274852078378
2036,0.7692471190327554
2037,0.5369988910428293
2038,0.9788569810230561
2039,0.39618455999532054
2040,0.6019436981131123
2041,0.0633690045488483
2042,0.40985744990733874
2043,0.722500087509922
2044,0.2387388407706993
2045,0.9438275890731485
2046,0.6867833676432891
2047,0.28757538285757145
2048,0.7689989227058563
2049,0.0831647718081091
2050,0.9747744225104565
2051,0.04928525907355852
2052,0.9334558911487183
2053,0.2528538777482612
2054,0.7578241076908905
2055,7.369943310608917e-05
2056,0.2542400891795997
2057,0.7491006066497199
2058,0.5323360708973223
2059,0.11495214963711486
2060,0.3936297458372753
2061,0.37554935508454257
2062,0.5681622441809498
2063,0.6679770724602178
2064,0.84083024241225
2065,0.4972313969773726
2066,0.3920217173051701
2067,0.1439765340953817
2068,0.8048229649897223
2069,0.71337040541456
2070,0.40867739745468534
2071,0.5184323099426694
2072,0.6651828444118888
2073,0.1648055898475378
2074,0.02719779440792025
2075,0.3175036991866854
2076,0.5955850196361631
2077,0.4866060912814587
2078,0.6925546268631271
2079,0.8196898055745352
2080,0.4884424667302759
2081,0.13426702371782484
2082,0.8506279997989659
2083,0.5749903272741144
2084,0.7399374807828707
2085,0.7046646536082916
2086,0.9682117713312417
2087,0.2953073223358139
2088,0.705306772779262
2089,0.3656763331259183
2090,0.3954107209186417
2091,0.23059463665872149
2092,0.3440101756508539
2093,0.9482967516582631
2094,0.29257084694760094
2095,0.24599060595658673
2096,0.583137978473822
2097,0.2580359567417546
2098,0.47338572559429504
2099,0.834176256556237
2100,0.23040031430717556
2101,0.42669141218392004
2102,0.6104897350200319
2103,0.5456289245734854
2104,0.9747232374152373
2105,0.680370254395195
2106,0.7399462420484398
2107,0.9669559479667332
2108,0.414438025228521
2109,0.3553798150610512
2110,0.04386242976638255
2111,0.18420430651882713
2112,0.23718963205167587
2113,0.1835044670713385
2114,0.7547838931965645
2115,0.5358829812761117
2116,0.6676338014584673
2117,0.8204621608393736
2118,0.23077394128589468
2119,0.32592393982149914
2120,0.7083602670365968
2121,0.3927589459044728
2122,0.02927094010104414
2123,0.43495521902687795
2124,0.9082730864154143
2125,0.4090215115928747
2126,0.332248916442747
2127,0.9895250829450272
2128,0.6444155642370132
2129,0.36599802647118085
2130,0.10201953136380737
2131,0.7878494449464212
2132,0.7080749334877576
2133,0.9219157992485649
2134,0.21727563002800832
2135,0.11492434998823198
2136,0.7240725264090636
2137,0.20339584199869565
2138,0.17610383778949612
2139,0.3198073353960721
2140,0.8168251414784377
2141,0.5395366051096308
2142,0.04585035510228097
2143,0.4638946746593172
2144,0.6839796113664752
2145,0.5383684384690157
2146,0.572450218156556
2147,0.22477732839266462
2148,0.8477393315953481
2149,0.5613987175911241
2150,0.7132460130406766
2151,0.9818642170133025
2152,0.42819865767453213
2153,0.8810666126765085
2154,0.007281013941125014
2155,0.0334072926151201
2156,0.5902799217288169
2157,0.31144939554220064
2158,0.24827656701970024
2159,0.27793535720895857
2160,0.31840293461058755
2161,0.7289476961434229
2162,0.5691959722309445
2163,0.7890359725593334
2164,0.8301965798350519
2165,0.8429348593012821
2166,0.41464414917488757
2167,0.4212733963164108
2168,0.926265880140584
2169,0.6617635946044105
2170,0.08046718397913877
2171,0.5421869540924683
2172,0.356007259634907
2173,0.9874349897163631
2174,0.013655406462292574
2175,0.612180873070558
2176,0.7236230943988581
2177,0.2889067713573552
2178,0.9736415182565321
2179,0.8595366270217113
2180,0.9156528409858125
2181,0.01923205935154848
2182,0.569872151314809
2183,0.2946502419545467
2184,0.8490286349356629
2185,0.6328496569149624
2186,0.5388770043211097
2187,0.1145881696756057
2188,0.5402228047861908
2189,0.6319041463564267
2190,0.9559123093102045
2191,0.5850510104238695
2192,0.9674006017456545
2193,0.9616061156066621
2194,0.6502003358335975
2195,0.5059079841180887
2196,0.46602174382604933
2197,0.8903785611157826
2198,0.028256682971756764
2199,0.11380819802357156
2200,0.10207172911915185
2201,0.7569353251210548
2202,0.33965102385253476
2203,0.637968544740701
2204,0.6037829038425656
2205,0.38582796974253164
2206,0.5315677222423986
2207,0.6451385335716601
2208,0.9409503298781383
2209,0.5756340728609814
2210,0.6143675117683143
2211,0.06785581770377547
2212,0.952215814760112
2213,0.5280819279093862
2214,0.8012734198599218
2215,0.05029106314738907
2216,0.420910135737091
2217,0.2569754591527016
2218,0.26697589868858995
2219,0.7914537299609294
2220,0.6238667252688536
2221,0.43974531184284804
2222,0.010585739586393417
2223,0.9649279429455299
2224,0.9620232533557238
2225,0.21755221028003846
2226,0.04134637231655669
2227,0.5301993630119022
2228,0.9514108146164075
2229,0.9103958457649349
2230,0.5846628638893966
2231,0.3035488506537072
2232,0.32996088376919597
2233,0.8979135514860276
2234,0.49178403563557693
2235,0.1311162289671456
2236,0.2484254759736073
2237,0.2767949014674991
2238,0.12354668493190935
2239,0.46304438152129135
2240,0.916050908274991
2241,0.6687825429922609
2242,0.07247392424885613
2243,0.005494817809162722
2244,0.27624766746925433
2245,0.3626929347939404
2246,0.7767496690467758
2247,0.9670055239303667
2248,0.38756717342354363
2249,0.6866900298168611
2250,0.9949019073529632
2251,0.7456665838750144
2252,0.6361895490858445
2253,0.07807485417830429
2254,0.32321520119473024
2255,0.9133921584571569
2256,0.2010054816809057
2257,0.8435903592732081
2258,0.6963236850805055
2259,0.36632437083075464
2260,0.5291742697126566
2261,0.5428064687528136
2262,0.7140537850738863
2263,0.5165559410991961
2264,0.13307599018416627
2265,0.7734546715219126
2266,0.4062724969061188
2267,0.9630938902119273
2268,0.28351378229303437
2269,0.2630787802965846
2270,0.3335073956751826
2271,0.5723170159586255
2272,0.8948697402009823
2273,0.1762816401400148
2274,0.2796787975992202
2275,0.5816798431478618
2276,0.4543342421615151
2277,0.44732288725572533
2278,0.8207342620964065
2279,0.9238783025113612
2280,0.4813069660698819
2281,0.6873517954472738
2282,0.8010587110273939
2283,0.5183664103871639
2284,0.29431640895373534
2285,0.6380845977222838
2286,0.5851091003060592
2287,0.9015628197396104
2288,0.05240703676985603
2289,0.9101313871334668
2290,0.5344320281653596
2291,0.015676116049913924
2292,0.3447021787677881
2293,0.7243335638753198
2294,0.48843308793583295
2295,0.9801590374409924
2296,0.42261007383104854
2297,0.3266352296260078
2298,0.8216719344295681
2299,0.5479066993580314
2300,0.6823265790625589
2301,0.8057023380386775
2302,0.6714275461256203
2303,0.42240749476866457
2304,0.12479644789430067
2305,0.5802481665713005
2306,0.8974333267292596
2307,0.41889242651841496
2308,0.9107252348428405
2309,0.503527819782402
2310,0.6208415624424766
2311,0.8329884760556429
2312,0.5645971096407215
2313,0.0909693392955635
2314,0.9809794008003951
2315,0.24584930191283372
2316,0.7105053286301986
2317,0.5051134386177387
2318,0.4787726368177081
2319,0.24394081886689145
2320,0.7221507657001041
2321,0.11278826483098725
2322,0.9904533093614852
2323,0.8453735371072039
2324,0.5345089400057921
2325,0.42455295605800947
2326,0.28646463245986764
2327,0.5015914709407675
2328,0.879417462024168
2329,0.2750064007006836
2330,0.5005374588031359
2331,0.23454990206703086
2332,0.3371491136649515
2333,0.19026050892333246
2334,0.9905391939211878
2335,0.5714974464624556
2336,0.7328151240366955
2337,0.09824991345203671
2338,0.3661175500743158
2339,0.8926398030473215
2340,0.08443832642394788
2341,0.16548322833961315
2342,0.6254176103511686
2343,0.6227889941042252
2344,0.8382270444539296
2345,0.9354927638714214
2346,0.14198647542526377
2347,0.2593738185269995
2348,0.42746140569325586
2349,0.0009032855212496305
2350,0.06981430295969493
2351,0.22649127794102164
2352,0.48110196401581173
2353,0.2515227381686128
2354,0.876681892223048
2355,0.3242728755420111
2356,0.9246228121426286
2357,0.97478726073471
2358,0.44986153390757877
2359,0.22712881689932363
2360,0.2916661334230033
2361,0.7763336816594462
2362,0.27334970779259105
2363,0.3805828679202846
2364,0.4785758584818498
2365,0.5751111164699841
2366,0.9961004403012381
2367,0.23220975516359232
2368,0.35342370324816885
2369,0.262891177010511
2370,0.3611134366437103
2371,0.10080451689462055
2372,0.3598097672410472
2373,0.8878650314643884
2374,0.29858984784644904
2375,0.37193477984906886
2376,0.9444741644379346
2377,0.7283789963268682
2378,0.5167387148180483
2379,0.7771927284034406
2380,0.12317964885450394
2381,0.4644903532208423
2382,0.11823612873586631
2383,0.23361814501958
2384,0.1418672597402586
2385,0.3618012391691393
2386,0.38163932039592585
2387,0.9473085818332408
2388,0.26412573118752924
2389,0.47242884531651685
2390,0.8113794039634867
2391,0.8156175864366617
2392,0.7503431870350202
2393,0.28783376214007295
2394,0.49497161941135703
2395,0.18621159518672326
2396,0.18839952278280425
2397,0.4358412131383109
2398,0.7385922212429411
2399,0.5265842599978379
2400,0.8866832208474523
2401,0.8309087977775759
2402,0.03160544282040556
2403,0.568419042866216
2404,0.6091612643556431
2405,0.9615751443000815
2406,0.02323662670886173
2407,0.5311037709686289
2408,0.2047813619358524
2409,0.053662906291589096
2410,0.5874885247317233
2411,0.7726041436328025
2412,0.7748654492251879
2413,0.030288410155906775
2414,0.40694640027158935
2415,0.0445096271486205
2416,0.24783864699076974
2417,0.19288070275794833
2418,0.21518257924215722
2419,0.3391184140345286
2420,0.2774180418359983
2421,0.9622799113275983
2422,0.3524071200093821
2423,0.8941725152929719
2424,0.1810416715209251
2425,0.7637468671882143
2426,0.061345536024642766
2427,0.4627612294693413
2428,0.005510440235525937
2429,0.810290763069436
2430,0.9504860360377839
2431,0.035107370827145656
2432,0.9338463614733145
2433,0.773853891491353
2434,0.35886157879279534
2435,0.9088765512228052
2436,0.29625727125090096
2437,0.409295312234762
2438,0.09671126219202164
2439,0.656938961900144
2440,0.02960082874227188
2441,0.48490527519903726
2442,0.6831918502525338
2443,0.8212376009491109
2444,0.14994138962166215
2445,0.7540903662487174
2446,0.7190770235550296
2447,0.5595705341197842
2448,0.584644597787864
2449,0.09127072085677812
2450,0.6004710432403803
2451,0.3815222070708323
2452,0.867580851341647
2453,0.3130988817359902
2454,0.5765950773635247
2455,0.4265713997011944
2456,0.8762619382503131
2457,0.253916666989189
2458,0.07880236030946042
2459,0.7486557209831396
2460,0.41289661690832147
2461,0.5890983591262915
2462,0.026389331713351116
2463,0.952109791397402
2464,0.8776183773849765
2465,0.6238679005772775
2466,0.017029842112618043
2467,0.3779764739828766
2468,0.9787965377421489
2469,0.6813303587402346
2470,0.16098786131341913
2471,0.4605967486545006
2472,0.966737743843486
2473,0.5347081744165934
2474,0.024614528029824556
2475,0.6197720842759777
2476,0.2712165309311598
2477,0.09884595187690437
2478,0.402908444731893
2479,0.5585230974322448
2480,0.017040718047802716
2481,0.5590468086359475
2482,0.5112031468396374
2483,0.7939083830987601
2484,0.42354981681539716
2485,0.5534504296698862
2486,0.7420093040571263
2487,0.8971458717819455
2488,0.3800345760236875
2489,0.6016334957831465
2490,0.6946109034163818
2491,0.043270676442196176
2492,0.8007605084861348
2493,0.37743018521539384
2494,0.6702389414436098
2495,0.47166406620494905
2496,0.7023391426917073
2497,0.7243309792357789
2498,0.19157101348646732
2499,0.6621742342864505
2500,0.8513234378820872
2501,0.23556720050497482
2502,0.7581834698938779
2503,0.6338251131552236
2504,0.9551260344725638
2505,0.2602465772917608
2506,0.15427777765800355
2507,0.3121210152816999
2508,0.2579587781979187
2509,0.7568327604735129
2510,0.7331093038467983
2511,0.6696849008553338
2512,0.2163791144584878
2513,0.8618068074390897
2514,0.9565715558589277
2515,0.5316058181086445
2516,0.6493727306293858
2517,0.5006920990205621
2518,0.28355771510260386
2519,0.2861476039966042
2520,0.31342052273491317
2521,0.19085000416415399
2522,0.9019236326293176
2523,0.8583981340466859
2524,0.46163936131883676
2525,0.36725141256017046
2526,0.9390783565470986
2527,0.2223734692328101
2528,0.5535419594668016
2529,0.05449815554216264
2530,0.191202197017449
2531,0.6040269333595097
2532,0.6621836528441697
2533,0.5809958186732397
2534,0.8696014159992898
2535,0.993405220822747
2536,0.7638618421529112
2537,0.46509178414375885
2538,0.8339346694541027
2539,0.12038739416600164
2540,0.6832706964459297
2541,0.518337787453434
2542,0.1780658862557184
2543,0.972933617280214
2544,0.33843741977874753
2545,0.6154234059633834
2546,0.878594237524952
2547,0.5066888439148206
2548,0.11513785017643186
2549,0.8187390843472899
2550,0.3532137670588005
2551,0.9830668688918388
2552,0.8838254464445581
2553,0.8534493333489572
2554,0.3562531775378994
2555,0.7571297778090657
2556,0.9863290630015888
2557,0.5263216119513313
2558,0.4707321549552316
2559,0.014665820972070809
2560,0.7002037687349363
2561,0.8584775686018541
2562,0.24745718608182998
2563,0.3150245771146568
2564,0.5006770213261564
2565,0.07208015736151685
2566,0.08964247609873699
2567,0.4211107588880808
2568,0.26121895270342166
2569,0.4060373025327685
2570,0.454386298099938
2571,0.9762733967391182
2572,0.9442598201028373
2573,0.1397301515397661
2574,0.8825859737322465
2575,0.08020666233007856
2576,0.5076354697177541
2577,0.16390990010976536
2578,0.36589214535693404
2579,0.7433402256486646
2580,0.4245054793568499
2581,0.8069512875713337
2582,0.7188157110375418
2583,0.9428394462110162
2584,0.5341560205858773
2585,0.8021479539877953
2586,0.3229071063370519
2587,0.3457458450898646
2588,0.40051046358150544
2589,0.41091573429808903
2590,0.10325322066597453
2591,0.5190989393318636
2592,0.09680321926902558
2593,0.889762135819764
2594,0.06184478322329312
2595,0.4496944303093088
2596,0.2846940663904305
2597,0.1548694156544791
2598,0.7838366908422123
2599,0.7149323989195256
2600,0.1459478901815131
2601,0.6327656411063102
2602,0.7925551673304461
2603,0.7733322203698869
2604,0.09227959766336158
2605,0.6855127190457763
2606,0.716023920883577
2607,0.8621662670420273
2608,0.5080443388649867
2609,0.46109400030335734
2610,0.9651163249194699
2611,0.7965122557387535
2612,0.558730990806489
2613,0.3306170713112795
2614,0.8452379960035107
2615,0.4554363894644047
2616,0.09268519215816062
2617,0.4549042727134398
2618,0.8719683961501463
2619,0.44828214689444545
2620,0.014349147740350121
2621,0.6114853239164696
2622,0.9958300034113987
2623,0.8172485840405118
2624,0.6172379466181479
2625,0.914398886797885
2626,0.8135816816510619
2627,0.49863935274004045
2628,0.5912202854073818
2629,0.7312928092030199
2630,0.8464261639788647
2631,0.0581764023767114
2632,0.7748038571611511
2633,0.44750343997820197
2634,0.6607985603015407
2635,0.7646330109588501
2636,0.5395019250274483
2637,0.15851485058039905
2638,0.4095268315182661
2639,0.07687299375237977
2640,0.6893006911552638
2641,0.9537061819630834
2642,0.795252812224187
2643,0.3897864227871187
2644,0.5842914960054943
2645,0.30420067584686916
2646,0.541045599554965
2647,0.30072690578464023
2648,0.73832475679861
2649,0.2593415079870255
2650,0.9640203904338944
2651,0.6619487321735315
2652,0.06877784768384376
2653,0.01077776350569315
2654,0.9970463442051004
2655,0.22050557821579353
2656,0.3125627484571776
2657,0.20841401420210837
2658,0.9281017724711823
2659,0.6520128596686141
2660,0.5043863235561108
2661,0.5576508144925704
2662,0.3178728472991873
2663,0.6141750023638414
2664,0.4196003634549319
2665,0.1992281464241792
2666,0.6566050997098815
2667,0.37384056925921205
2668,0.7850663791171616
2669,0.41539495750952704
2670,0.5082713750461963
2671,0.7874664791808963
2672,0.44787809291973113
2673,0.9662211351241645
2674,0.7930286671951117
2675,0.8264304053149786
2676,0.9539204667037277
2677,0.3888506288432074
2678,0.5800802641821708
2679,0.6935917407956035
2680,0.6734584835406308
2681,0.9529367945610195
2682,0.28834863387833454
2683,0.29136152862599196
2684,0.9180044020391467
2685,0.7993056417265596
2686,0.20335662406959776
2687,0.5700468780927677
2688,0.7457637340963282
2689,0.3530363904475091
2690,0.43438225122139007
2691,0.575396611660893
2692,0.46710855754821057
2693,0.7530423900690328
2694,0.005938753683069731
2695,0.4346325243910505
2696,0.33758137532887156
2697,0.6091640528298269
2698,0.7759584418813597
2699,0.07614516220153023
2700,0.1580597336011924
2701,0.6650816241420333
2702,0.738402441015417
2703,0.5882017770788354
2704,0.9828033489679264
2705,0.4994614891065746
2706,0.1362923350976436
2707,0.68629106037108
2708,0.6020755221947981
2709,0.5904214750302634
2710,0.5458536352463982
2711,0.9390957095495389
2712,0.129156396826558
2713,0.07319729852497836
2714,0.15411716937731978
2715,0.24499020990495046
2716,0.5929463194364691
2717,0.6124252490967343
2718,0.23260187745708427
2719,0.4892254993109375
2720,0.48206185276773483
2721,0.45311076628522495
2722,0.8035452949126581
2723,0.47169306987563187
2724,0.758365495956166
2725,0.16648113180479807
2726,0.531967344073168
2727,0.8241047760631955
2728,0.17771658391625766
2729,0.46492216869766234
2730,0.6090793160357167
2731,0.18477457483728732
2732,0.7567656059114031
2733,0.07899624779631742
2734,0.9464155089077187
2735,0.46822149421813575
2736,0.3361230863654765
2737,0.11680700716264036
2738,0.4325966430678647
2739,0.6598040293907718
2740,0.09448727914238408
2741,0.3062690951677486
2742,0.8360175827727111
2743,0.6461810255983272
2744,0.2063730118576239
2745,0.16090979579308917
2746,0.9044850262008999
2747,0.28702022134098437
2748,0.1795001688986303
2749,0.9999640185426024
2750,0.3091918277779059
2751,0.12474018780936369
2752,0.4617576297529471
2753,0.4343451101984821
2754,0.926802475830331
2755,0.13420494747630474
2756,0.09113640612930685
2757,0.0929786709066801
2758,0.9042874658222364
2759,0.4493691779610771
2760,0.15060652815522568
2761,0.5938300983792906
2762,0.5376233556508321
2763,0.19840674774889933
2764,0.603038139426371
2765,0.3402312343169456
2766,0.23837076773086996
2767,0.5104006108990281
2768,0.2916492615163876
2769,0.22213992176121322
2770,0.8797224082996742
2771,0.1557625765734173
2772,0.2805899772848325
2773,0.3861383798498257
2774,0.27363831030002284
2775,0.2107106425777696
2776,0.771146097054588
2777,0.3290161587235815
2778,0.11251295769933845
2779,0.5408951624566958
2780,0.1254884972364103
2781,0.3575196074409279
2782,0.8818267622722838
2783,0.3691611951062197
2784,0.63250897428825
2785,0.5146255360086313
2786,0.1377248457779756
2787,0.6490695977908352
2788,0.8560349969338062
2789,0.09321247404534405
2790,0.7536800891297916
2791,0.6902112815189781
2792,0.8666605749971459
2793,0.10409193213346701
2794,0.3056953793966788
2795,0.6942914872263741
2796,0.022017978886650247
2797,0.7340756777304887
2798,0.857978579001121
2799,0.4533040523767575
2800,0.4343299034266521
2801,0.278468962069366
2802,0.005051870005087333
2803,0.18630351666635603
2804,0.9798641184223712
2805,0.8672860771213566
2806,0.2665046387489214
2807,0.9637488571210464
2808,0.36771261595328586
2809,0.2975853747511801
2810,0.15280763544988518
2811,0.901611069510674
2812,0.9869924910668593
2813,0.32741140405268243
2814,0.7034304233584269
2815,0.33530340980955464
2816,0.10499073930545522
2817,0.3926923068823239
2818,0.551569960761176
2819,0.12301675917649424
2820,0.8182727747897611
2821,0.4973631168932895
2822,0.23438295250457297
2823,0.5927595785429434
2824,0.7932593060544021
2825,0.3276243490519758
2826,0.7014763244005944
2827,0.42785917998068734
2828,0.9640511688456009
2829,0.7709400866027316
2830,0.35635090252202095
2831,0.017747959061762075
2832,0.657519895380428
2833,0.1978721585848523
2834,0.12187917564913275
2835,0.9317764513967938
2836,0.9999489702149168
2837,0.2698888205643851
2838,0.301768552165938
2839,0.1649889392381687
2840,0.45768477592962375
2841,0.8658437598357476
2842,0.7015059521248778
2843,0.8463315580765877
2844,0.22848165567358047
2845,0.7304560674084801
2846,0.9185266283960603
2847,0.2814161142143904
2848,0.6906535435911851
2849,0.40065741168985447
2850,0.2902266451589226
2851,0.9696234687543495
2852,0.3486332299682927
2853,0.10784968126068728
2854,0.3885892096203356
2855,0.44767829095998235
2856,0.7522108254992379
2857,0.9499142669470028
2858,0.8170569837942127
2859,0.930941311255106
2860,0.4750601299749311
2861,0.7193165682364342
2862,0.30904958501240243
2863,0.06958710851901795
2864,0.36547352532599353
2865,0.6979152283282977
2866,0.2746221102480437
2867,0.8614058956415209
2868,0.7907728499829019
2869,0.19404254918460295
2870,0.33083676249080674
2871,0.8253026175490917
2872,0.2439377895112994
2873,0.33160214566713064
2874,0.3430669324230867
2875,0.8010420278257667
2876,0.037030265605016766
2877,0.0737869831214143
2878,0.5784515481629375
2879,0.39711199099606664
2880,0.6328853196107076
2881,0.26646127617938287
2882,0.9095826774815607
2883,0.7609418871744561
2884,0.06774622055039603
2885,0.7839054772850341
2886,0.9695823723122513
2887,0.942435620587473
2888,0.7354837980254477
2889,0.1235937534812156
2890,0.5760767658404541
2891,0.2842327288404888
2892,0.9702129436362472
2893,0.7174857253616094
2894,0.6107655897874192
2895,0.6950880426047262
2896,0.4379791291096805
2897,0.37273675143760665
2898,0.9357995794399642
2899,0.33192713479268665
2900,0.04143613173271932
2901,0.4008401541544574
2902,0.7903403526216722
2903,0.6484683580489194
2904,0.9621707754778747
2905,0.10620186761913764
2906,0.9115463022293834
2907,0.3688491939140621
2908,0.4740025854219123
2909,0.42848215448923443
2910,0.11645228109244143
2911,0.2477964557251887
2912,0.742271569229792
2913,0.0230075418456952
2914,0.13388777438627453
2915,0.025210168791350074
2916,0.8573880573235492
2917,0.6173248277817797
2918,0.16992866211855884
2919,0.7687722230537536
2920,0.9668005974515538
2921,0.9345603745300182
2922,0.9215475478121653
2923,0.007810215405743226
2924,0.5890134889852785
2925,0.25663261663902925
2926,0.5646472143098588
2927,0.31803028916055465
2928,0.1536665427726126
2929,0.4444937233583467
2930,0.4950963271763734
2931,0.9897655068476245
2932,0.04238788413854011
2933,0.3011551988972766
2934,0.8518938450883227
2935,0.6596954981260428
2936,0.8266830318458959
2937,0.6602909185597778
2938,0.7595363091461329
2939,0.4929217499970573
2940,0.2048776928975975
2941,0.8100038608371999
2942,0.5678206546639691
2943,0.13950519378682968
2944,0.8048940268708661
2945,0.9585859103625782
2946,0.3461638726284658
2947,0.2935122520864435
2948,0.08177517820756608
2949,0.6644912264494156
2950,0.9589616184964967
2951,0.13599268999160763
2952,0.4851596313193155
2953,0.09823818465324785
2954,0.034109903709815814
2955,0.6645010506676454
2956,0.8676871753434979
2957,0.3375705361260297
2958,0.8757651744100993
2959,0.1170530991510319
2960,0.2379606819174762
2961,0.9016067269067185
2962,0.5085098936906702
2963,0.6081923837970241
2964,0.03801823254250791
2965,0.12838991014788892
2966,0.05579081250085316
2967,0.9050007399496692
2968,0.13479496387094703
2969,0.8496728266087545
2970,0.35103469937245313
2971,0.80059749636578
2972,0.3650435474567474
2973,0.26768403969287646
2974,0.09366070118905723
2975,0.2807065905741337
2976,0.47147971671727995
2977,0.8175087988967955
2978,0.45251495476869785
2979,0.9714355749376175
2980,0.541633010854823
2981,0.024945629811443437
2982,0.41536730019127244
2983,0.6888991073865137
2984,0.2342916462498248
2985,0.6986299508481587
2986,0.5036973051815162
2987,0.025737775583115297
2988,0.7743529494802057
2989,0.5603737038140751
2990,0.08249350308109338
2991,0.475214033462273
2992,0.28729288177474666
2993,0.8796815425879331
2994,0.2849270528072487
2995,0.9416870709741989
2996,0.5461327493471125
2997,0.3236137095467213
2998,0.8135450174175773
2999,0.6974003783657658
3000,0.4139624956958795
3001,0.6296183027065931
3002,0.7785842640282813
3003,0.8515577942834893
3004,0.8164127137140637
3005,0.16607708859341797
3006,0.8283895525035856
3007,0.05862905888377212
3008,0.2001706815505686
3009,0.6229267200659891
3010,0.11469252544690434
3011,0.6033475950562001
3012,0.3079656913635638
3013,0.4294665851546483
3014,0.31515150344547804
3015,0.07017356786490447
3016,0.5007587529219609
3017,0.9635994443948874
3018,0.6117833481601271
3019,0.3000318716171253
3020,0.9561498341240191
3021,0.38923725195222736
3022,0.6975177338688435
3023,0.6341128049224443
3024,0.9529108480388515
3025,0.914602694494837
3026,0.14800405635003122
3027,0.08568587472942246
3028,0.8096423277988296
3029,0.904943213296823
3030,0.49297360392289946
3031,0.6907612738337751
3032,0.0697882801784182
3033,0.21980439785647188
3034,0.14937619465672114
3035,0.601160583550034
3036,0.19753989376610714
3037,0.059846315550850626
3038,0.3022072827360107
3039,0.6772124291139527
3040,0.5778637242618545
3041,0.3307249654946358
3042,0.8334788758433764
3043,0.2762691080120896
3044,0.2605476383656826
3045,0.5599474107895882
3046,0.47821563984577564
3047,0.44597266060036067
3048,0.15578561895406717
3049,0.5046461916329911
3050,0.25901891727544424
3051,0.3921798826190154
3052,0.7335704476706063
3053,0.9368628255593556
3054,0.7738629651893243
3055,0.4056338946232637
3056,0.5930331393287639
3057,0.746497815875704
3058,0.4142210500958915
3059,0.3602481588123011
3060,0.13524329595586326
3061,0.7362608014758756
3062,0.8385085908076249
3063,0.31658441102995283
3064,0.7835077656425353
3065,0.6102130583369875
3066,0.784083046403244
3067,0.4113373831496644
3068,0.7475763636496067
3069,0.408509117897626
3070,0.0887579854194529
3071,0.5505789181349441
3072,0.45432872638864563
3073,0.25287988720157717
3074,0.8921133349667691
3075,0.38285330553600116
3076,0.039126111432281396
3077,0.38213574020259033
3078,0.42450980790036974
3079,0.8616377231941599
3080,0.7991832081050435
3081,0.19996658590792427
3082,0.8390292259588709
3083,0.2479272282536652
3084,0.341934148164293
3085,0.07681845397749132
3086,0.055356313134363844
3087,0.6808601208111374
3088,0.923341084521733
3089,0.4930168542378287
3090,0.8440937119585831
3091,0.7937512496926533
3092,0.6646787233813293
3093,0.9782289311177785
3094,0.802187920876386
3095,0.27484439421426143
3096,0.7890142462211079
3097,0.6926616462839036
3098,0.39952044663635167
3099,0.07679747022711503
3100,0.21435952961809968
3101,0.797237891643355
3102,0.2484852881360492
3103,0.997857983023348
3104,0.6939881399885446
3105,0.47722248071760787
3106,0.5704366902119271
3107,0.6108727235414362
3108,0.9689448200326233
3109,0.16174119463151948
3110,0.2723958026607546
3111,0.7095910479712436
3112,0.23985798314356555
3113,0.8712971622020502
3114,0.3465341756581186
3115,0.1808393999158191
3116,0.04762076084981848
3117,0.59559504031795
3118,0.8252821895545517
3119,0.27379311114879124
3120,0.9175394862588203
3121,0.7577342701180048
3122,0.06130068249878473
3123,0.5726329966747499
3124,0.5674409403252657
3125,0.20237230493598024
3126,0.3345443786657215
3127,0.4582788935837623
3128,0.04807782123741844
3129,0.14977640928588787
3130,0.1640043891105587
3131,0.3792357544563909
3132,0.7473574586765804
3133,0.8313036590972589
3134,0.16284904601703887
3135,0.7519060360067699
3136,0.6707099583881694
3137,0.8906873919138784
3138,0.9687912539451718
3139,0.12446060880994103
3140,0.08067386142081667
3141,0.7997301289520093
3142,0.16217087308585842
3143,0.1945745242572069
3144,0.8820359225258269
3145,0.938964897102525
3146,0.318471243922974
3147,0.842168100437994
3148,0.858856909563651
3149,0.6053904805020363
3150,0.566088448063145
3151,0.5758384092456097
3152,0.30128918764272283
3153,0.6188670389389908
3154,0.24358027110857006
3155,0.17763229007560877
3156,0.41295045442400635
3157,0.7057804229844352
3158,0.6214276873514643
3159,0.9648820793397025
3160,0.6464559113657224
3161,0.14131404979592044
3162,0.16121821329251806
3163,0.09306714007783212
3164,0.191173764997013
3165,0.597950900679121
3166,0.8382864750148153
3167,0.8938676520674573
3168,0.40004388668504853
3169,0.5585830285872317
3170,0.8091995921508134
3171,0.3120705211951691
3172,0.5956690044386951
3173,0.17408251105366568
3174,0.4765403405180947
3175,0.17307226036346834
3176,0.46242639029914556
3177,0.3968196917675796
3178,0.43326482350049333
3179,0.243712226106518
3180,0.13604334237850613
3181,0.2756653279198856
3182,0.23958003924390914
3183,0.7342962025844497
3184,0.7169750729815461
3185,0.5844829937642724
3186,0.09133379816877518
3187,0.566261854280033
3188,0.07923702594059778
3189,0.018173019276237823
3190,0.35259611513765576
3191,0.2405449190638994
3192,0.5946476814330426
3193,0.9286424880696137
3194,0.7198520277711921
3195,0.7673608619709871
3196,0.9508931103706227
3197,0.6340910808965676
3198,0.5777309414098256
3199,0.6018679759527085
3200,0.8658052565674659
3201,0.3880990352069851
3202,0.795336225388004
3203,0.6522569349771614
3204,0.3045715507819634
3205,0.013688410984091681
3206,0.20991999008691997
3207,0.6999887646268611
3208,0.5796903097452348
3209,0.27459469982028606
3210,0.43430247140102396
3211,0.6611487655814131
3212,0.12708614048989697
3213,0.4322795808512164
3214,0.41662421498197943
3215,0.5426010201202406
3216,0.521913680218495
3217,0.36772668506784956
3218,0.7627336288125462
3219,0.06722903999121377
3220,0.035538472534346055
3221,0.42025933959837536
3222,0.8966942501708143
3223,0.27756935052966913
3224,0.17230932469765314
3225,0.9282083943293762
3226,0.16822325458257026
3227,0.3748405367135256
3228,0.7290155103364921
3229,0.2609240084776018
3230,0.22984952779368129
3231,0.3976672339315541
3232,0.7873648145968252
3233,0.9109833531625063
3234,0.03129252790977377
3235,0.16510812737192027
3236,0.9586012891469076
3237,0.5927912915489684
3238,0.5514102691538197
3239,0.8135436792839946
3240,0.039783298028444825
3241,0.013836251172974823
3242,0.9674940497015918
3243,0.8285706855726811
3244,0.7473817815582686
3245,0.15570077014486672
3246,0.47660392304326005
3247,0.9372935385658475
3248,0.9335995956239547
3249,0.009247106979528796
3250,0.7524914090061574
3251,0.006237766446710369
3252,0.9843017276705566
3253,0.4169672019956985
3254,0.9735187579800997
3255,0.3677468090306375
3256,0.2931872905734214
3257,0.3162919638346049
3258,0.7306790666385901
3259,0.19967283393019697
3260,0.8640576917926507
3261,0.5905726936267424
3262,0.9699110259492697
3263,0.9870849034861486
3264,0.18518200130214535
3265,0.9557820535760178
3266,0.046538486379183674
3267,0.02786372412310567
3268,0.9438645773285519
3269,0.9623967374499934
3270,0.14724767267198968
3271,0.4424158153889981
3272,0.4940925279881825
3273,0.8602812365183045
3274,0.627917243196169
3275,0.7745664242016155
3276,0.48509684543129095
3277,0.6484137022418283
3278,0.7354093600258587
3279,0.7378812839173013
3280,0.0017378267846723805
3281,0.09990807373006061
3282,0.363660441104416
3283,0.0611974471035418
3284,0.382989702367717
3285,0.38956684847219225
3286,0.9202335372777397
3287,0.5670718548946909
3288,0.7063512805336583
3289,0.8871986820862284
3290,0.4421293206493173
3291,0.0019621445973821983
3292,0.28533602462541374
3293,0.8141587000374869
3294,0.9018411698000748
3295,0.35150958111822106
3296,0.2939912529790484
3297,0.9245052110687334
3298,0.35107373598278
3299,0.6522451880766583
3300,0.2803092350505634
3301,0.0979187987907415
3302,0.5012363117860135
3303,0.9232318371181676
3304,0.618640753927305
3305,0.20882662478373437
3306,0.682429573367613
3307,0.7683611440976326
3308,0.32076056191495883
3309,0.5592094014310386
3310,0.6819531314673225
3311,0.16035314538048817
3312,0.9641009397724625
3313,0.4512519614498419
3314,0.9796643904720663
3315,0.1895738658444951
3316,0.4837735463096444
3317,0.1658536536758377
3318,0.010180822383938692
3319,0.23787517257520274
3320,0.4031873370680834
3321,0.4311307377242357
3322,0.8865051551042046
3323,0.6356772638808419
3324,0.4344416552185302
3325,0.9879976996098128
3326,0.6142243316266857
3327,0.3226629649849716
3328,0.6913108812107946
3329,0.4956999226830051
3330,0.8811676940681722
3331,0.8965112620633212
3332,0.3673504001211696
3333,0.5623390508601441
3334,0.26577344404630543
3335,0.62663675174255
3336,0.9923469623196748
3337,0.8325885178221839
3338,0.3664099003028253
3339,0.09538035199349248
3340,0.9666819873735142
3341,0.38958477867772023
3342,0.29338089326681516
3343,0.31633539290556756
3344,0.4899233666388467
3345,0.9567513987490006
3346,0.9866223213334914
3347,0.29612672735239554
3348,0.35146870774748507
3349,0.511806560066037
3350,0.008187288629735945
3351,0.17483656324410912
3352,0.9360590205048064
3353,0.029435237061361197
3354,0.1009762797205438
3355,0.42064701703371876
3356,0.731450249159012
3357,0.2688782303903485
3358,0.30596559055389094
3359,0.30547298012438673
3360,0.8726019267536065
3361,0.22609760622741792
3362,0.5624018260131903
3363,0.9999311470188161
3364,0.7284654948930182
3365,0.336350655296926
3366,0.7654589703324095
3367,0.9539157073856089
3368,0.37353780715258433
3369,0.7080112400693306
3370,0.07580426311938915
3371,0.8952968367541417
3372,0.096256724624312
3373,0.37292509626159465
3374,0.5425058428622357
3375,0.26357764245021886
3376,0.6492693259871776
3377,0.5544287273924114
3378,0.717185240298106
3379,0.3541393651221608
3380,0.5460138896526734
3381,0.812185400181229
3382,0.8106963460014557
3383,0.7142399748518815
3384,0.5419358896149794
3385,0.6732611007744953
3386,0.08688029011205078
3387,0.4713172007107326
3388,0.860143500304649
3389,0.6073648217266423
3390,0.94168310582509
3391,0.2621785212940809
3392,0.09630180211077544
3393,0.6266134356038866
3394,0.09092592982038039
3395,0.7821353634244159
3396,0.25674240814905724
3397,0.5387518584436566
3398,0.8113770403016125
3399,0.7880353687003
3400,0.4959750270792086
3401,0.9758464133154727
3402,0.49763315709084066
3403,0.27879141669105545
3404,0.3024312445516868
3405,0.7436427238772702
3406,0.43710703889059366
3407,0.41878848478549024
3408,0.02048659526993446
3409,0.30527816042104927
3410,0.8603830798416068
3411,0.8035044982271469
3412,0.7465108599826601
3413,0.023128386675719925
3414,0.02699029143169318
3415,0.3114649593908826
3416,0.47445327221813327
3417,0.9097412679862698
3418,0.38462981600553936
3419,0.28852500286289273
3420,0.5711529683047126
3421,0.9146942995496945
3422,0.73863871146225
3423,0.8566662819793105
3424,0.18219764492303292
3425,0.1256644453137924
3426,0.5440711336888929
3427,0.69737082571725
3428,0.9549880481625318
3429,0.3715344084564789
3430,0.3465568522036966
3431,0.5158542979015847
3432,0.6849379367067089
3433,0.5660237771153032
3434,0.7230306933325961
3435,0.3803149371124904
3436,0.8621976301852416
3437,0.18297559358395976
3438,0.315904642828328
3439,0.7736776637703174
3440,0.3356722539793957
3441,0.6681546023700152
3442,0.2877976092729607
3443,0.18710434243329277
3444,0.30073256395315373
3445,0.88699329703788
3446,0.460883128691712
3447,0.2254151537382285
3448,0.321438589165044
3449,0.002770956625681942
3450,0.7558082877570287
3451,0.2256774524328019
3452,0.5979210402705024
3453,0.02510953817714312
3454,0.8344984319735175
3455,0.18744475363635515
3456,0.004768377764269971
3457,0.3011878083654256
3458,0.9204871188372717
3459,0.2626142180446358
3460,0.5034788381179114
3461,0.4072298443577044
3462,0.2942492583320867
3463,0.9273535786015709
3464,0.7889949080537266
3465,0.7619133153738572
3466,0.5261071244812398
3467,0.8248616737298372
3468,0.45842865821125367
3469,0.46518955047155564
3470,0.49377406341346375
3471,0.23691022522457095
3472,0.9236518593869899
3473,0.2587506748785492
3474,0.19815949993946502
3475,0.24375179333158525
3476,0.817352116565939
3477,0.7685456376763616
3478,0.4271068084560682
3479,0.013781904624582508
3480,0.9757350332508857
3481,0.13253097749036336
3482,0.8514226765922394
3483,0.7817230866307524
3484,0.938075781711365
3485,0.7733985390852888
3486,0.3313715908270286
3487,0.23191404341416944
3488,0.3776908204064149
3489,0.20308717051667458
3490,0.7195747477449508
3491,0.8265186324941105
3492,0.646438892397248
3493,0.1860927313091021
3494,0.03738471102864571
3495,0.5804012668569645
3496,0.46267310507961357
3497,0.19970392819903238
3498,0.3680839022202911
3499,0.5414662556089532
3500,0.6329171122765795
3501,0.4766437775428183
3502,0.9713928217354079
3503,0.04622640047085602
3504,0.6582079130268984
3505,0.9095579017878257
3506,0.236564211113225
3507,0.2137071880691377
3508,0.7622328074825822
3509,0.48637379410523596
3510,0.992177506697882
3511,0.5891236204917122
3512,0.9234419334879927
3513,0.012210519663421904
3514,0.15453962047570513
3515,0.6844190447515897
3516,0.416466369897446
3517,0.8359645694289802
3518,0.4288980925565181
3519,0.7129966963549856
3520,0.5661600170334582
3521,0.11990356732862284
3522,0.7179512067070324
3523,0.7063718013476981
3524,0.11571815121321471
3525,0.561911457807729
3526,0.33565001754871837
3527,0.45884978204577553
3528,0.42275869303077596
3529,0.1047744042491886
3530,0.15802298629127975
3531,0.08680861614365021
3532,0.19244701360336192
3533,0.8524443864977456
3534,0.024522649262932905
3535,0.43161725028685605
3536,0.8009363887030907
3537,0.1002582045273901
3538,0.22771359015896464
3539,0.7274397075582869
3540,0.6475524325933526
3541,0.5630238367151661
3542,0.17164081662818076
3543,0.7945310119658656
3544,0.14141411188129605
3545,0.13479789472306425
3546,0.7950350443033544
3547,0.3692233278840753
3548,0.31261711592334684
3549,0.2786720513102364
3550,0.32497210636760143
3551,0.3405875997076052
3552,0.6963676936065396
3553,0.2402622011512725
3554,0.3253264534739049
3555,0.7762115084700661
3556,0.9131505733137121
3557,0.6128359702284323
3558,0.10511822946280702
3559,0.5415846607086229
3560,0.6277788742244063
3561,0.3140526970069475
3562,0.8280003729268972
3563,0.7820788107571781
3564,0.5753067067202899
3565,0.1450155894271119
3566,0.6973814656840917
3567,0.8953486638415221
3568,0.2501011097732363
3569,0.9586858956840082
3570,0.7713023970302836
3571,0.30032157477911237
3572,0.6168211241115817
3573,0.3078479320806945
3574,0.09946787609389407
3575,0.8241486696206854
3576,0.6658070345090323
3577,0.6140006512807219
3578,0.14217288071323342
3579,0.37737711316979705
3580,0.8766360800049111
3581,0.1633044607769063
3582,0.04790288699711853
3583,0.1911514768901753
3584,0.250180007174864
3585,0.7836425237658834
3586,0.6481414711893314
3587,0.01734274680649217
3588,0.01728965274119665
3589,0.5668964288000554
3590,0.6332924423782887
3591,0.12542188091555395
3592,0.6104621520835593
3593,0.24035191041954007
3594,0.3367213424605472
3595,0.4088315803843413
3596,0.11619479623427964
3597,0.963093605444955
3598,0.973764453627561
3599,0.4450016890894074
3600,0.2574664780802747
3601,0.9585944465253112
3602,0.8180573965471908
3603,0.724228605558232
3604,0.4618117872776393
3605,0.41057870144117214
3606,0.7793492722768518
3607,0.5196136777646266
3608,0.6605821388208081
3609,0.5661929816084119
3610,0.7121854071513629
3611,0.09410500407840094
3612,0.3776210926357868
3613,0.1670891885098651
3614,0.2420439000235356
3615,0.2008242765381808
3616,0.5033222993038652
3617,0.018992988509918707
3618,0.9639676020084441
3619,0.5189638264095712
3620,0.05257151420438899
3621,0.6820538403617592
3622,0.26888805009787653
3623,0.10676759258842983
3624,0.8303036859749948
3625,0.1979076029143242
3626,0.10475426885963135
3627,0.05690645260383198
3628,0.728557743534167
3629,0.655271247322768
3630,0.008199140586074072
3631,0.22148054044830368
3632,0.7046820311167495
3633,0.15214085470395233
3634,0.5767507831261646
3635,0.2131564667521073
3636,0.4492342848107873
3637,0.8674230618017811
3638,0.302596427300986
3639,0.6859723899252312
3640,0.4382812327828012
3641,0.0961552543014883
3642,0.36063499365180096
3643,0.8412800663481076
3644,0.9730462422682282
3645,0.8450816706160053
3646,0.16222839077355067
3647,0.3455092984490846
3648,0.8311881586067501
3649,0.5538959343957655
3650,0.7761857971144082
3651,0.7777832666167901
3652,0.0710879006301196
3653,0.3424065656010231
3654,0.4790215054529672
3655,0.945224721580388
3656,0.8982288010160042
3657,0.4230319829312198
3658,0.09566592748691505
3659,0.40454228688038174
3660,0.5359033326412808
3661,0.9043971913990313
3662,0.29487926714121704
3663,0.30886414566898734
3664,0.627183234547841
3665,0.505191555071379
3666,0.19586895905880652
3667,0.14472724884257937
3668,0.4894972098053466
3669,0.7793909564002804
3670,0.7788312515567875
3671,0.9758036873205908
3672,0.3827181981579947
3673,0.391989326810261
3674,0.0018194947805292294
3675,0.8299173651954892
3676,0.6466284440680506
3677,0.7699221187318909
3678,0.47062319994480306
3679,0.9201934886408648
3680,0.029113797832714394
3681,0.11528118273788834
3682,0.37601733497150314
3683,0.0851059081135721
3684,0.08788788196507191
3685,0.5668726793505451
3686,0.2161220195699175
3687,0.6265352105571295
3688,0.9293998221452582
3689,0.8238822097031292
3690,0.2484303875538083
3691,0.08966292611132298
3692,0.9501924682159203
3693,0.9944959313733248
3694,0.3744948994651792
3695,0.460677261142561
3696,0.14533366133006653
3697,0.7101807927776813
3698,0.4218336068528409
3699,0.8030151452544093
3700,0.5772967114245704
3701,0.04278380916663371
3702,0.3349545405035974
3703,0.8085961706701537
3704,0.6881138813839268
3705,0.6325319473789155
3706,0.6725046423160782
3707,0.6050368756235982
3708,0.6411243265875745
3709,0.620421104640871
3710,0.5334279395046583
3711,0.7577471254274131
3712,0.36949256352123194
3713,0.4752383386405016
3714,0.40144955691968986
3715,0.20921049112192747
3716,0.3218889624998843
3717,0.05501507760990065
3718,0.32552763392261075
3719,0.3905830929331291
3720,0.09338409764882383
3721,0.2204551297120967
3722,0.24954174744284097
3723,0.2274702082086888
3724,0.35022170152394927
3725,0.14487610506997384
3726,0.7315013568444494
3727,0.3426548553177532
3728,0.12236523402169797
3729,0.5935997813267829
3730,0.1796481751174227
3731,0.05805632067769373
3732,0.16329214202474285
3733,0.4199948120491419
3734,0.6935089719274358
3735,0.6415008847712601
3736,0.005205979359825141
3737,0.793290652514086
3738,0.3356877784624941
3739,0.6797156909555698
3740,0.032673171706932846
3741,0.3937882433723108
3742,0.019610501319103024
3743,0.8163455351451152
3744,0.18696718051616434
3745,0.6745479075190918
3746,0.2770661627261115
3747,0.13535111433764768
3748,0.9302953390465766
3749,0.5950246157866221
3750,0.8906310472988932
3751,0.30659940165063915
3752,0.8298353336783945
3753,0.9416823334062824
3754,0.3951838267867882
3755,0.9041310511984469
3756,0.33508574267910995
3757,0.3245999991272911
3758,0.9957326721950958
3759,0.9524104481773523
3760,0.228618345971475
3761,0.8372020270371454
3762,0.3424578776409021
3763,0.9792433739780269
3764,0.8498176287600633
3765,0.9049193013125382
3766,0.5736735114895585
3767,0.2941513523211804
3768,0.19752500637671
3769,0.5278719205461331
3770,0.6715157252329823
3771,0.7417886351237006
3772,0.17038321256296285
3773,0.5358879925710621
3774,0.43610982009521804
3775,0.20822421097781196
3776,0.552962317358824
3777,0.27591372180645746
3778,0.5350545571095502
3779,0.20010934490087728
3780,0.8999425369158052
3781,0.33810282491959054
3782,0.610334602657793
3783,0.12193298741989589
3784,0.6300171925284672
3785,0.27204033929140836
3786,0.9565315903711672
3787,0.39415426604133086
3788,0.607406556711858
3789,0.21581336566329634
3790,0.8614762028764
3791,0.8043329181204663
3792,0.2456353122757715
3793,0.9110485080061057
3794,0.040155022034127685
3795,0.7525731205167397
3796,0.4578687853426443
3797,0.835459394476964
3798,0.465485967436008
3799,0.06558209567040296
3800,0.22654553229584695
3801,0.9943748347169384
3802,0.3341776027693687
3803,0.16030521702543288
3804,0.8058308258054888
3805,0.045069827390500805
3806,0.06640875146876257
3807,0.2975187794543661
3808,0.04740097463539672
3809,0.9957126838923056
3810,0.6911288860821325
3811,0.5195864408573572
3812,0.8051663899562637
3813,0.6624868006119337
3814,0.17326495367589456
3815,0.2196337996488893
3816,0.8676942857212915
3817,0.3369613267738214
3818,0.4476403426248784
3819,0.3911357121233465
3820,0.05202981200504242
3821,0.7045737172836195
3822,0.5400740807862157
3823,0.6761400818139303
3824,0.27823138966714334
3825,0.4069139083269768
3826,0.19264976227164798
3827,0.41968263143719775
3828,0.6534914117970338
3829,0.944689043192468
3830,0.6634571998860077
3831,0.5251597299929988
3832,0.4163672224981614
3833,0.10554968426098033
3834,0.4770742969319903
3835,0.15510809316064378
3836,0.5821871830790901
3837,0.7302470776105839
3838,0.9464956116881924
3839,0.2968528676879666
3840,0.396905538757533
3841,0.18295193952533229
3842,0.8779405098804326
3843,0.8240772244494228
3844,0.7749598946732359
3845,0.057290038549901334
3846,0.5567194419749216
3847,0.23501356203546908
3848,0.11968519672230693
3849,0.7816131001833894
3850,0.21158137510768193
3851,0.5008116982476696
3852,0.5260963484005408
3853,0.21328200403897157
3854,0.49226116632238226
3855,0.052819897599996946
3856,7.2449638492178e-05
3857,0.8803219316643702
3858,0.4155887020861522
3859,0.9074197989533556
3860,0.49630735972825957
3861,0.4311082945881648
3862,0.29591214065860727
3863,0.08168893759303875
3864,0.30969464926452184
3865,0.6084702651738416
3866,0.7627863472229892
3867,0.5408255176538437
3868,0.7582558436964189
3869,0.15775159165898744
3870,0.5832399316791738
3871,0.8826032270257104
3872,0.21796020764080337
3873,0.2276689383929903
3874,0.7484325130680506
3875,0.8120567848487955
3876,0.24804632969409923
3877,0.3315698041877778
3878,0.6317694004506118
3879,0.3984317131891898
3880,0.6240109701292529
3881,0.4964300320967251
3882,0.773651309078725
3883,0.8458886469133242
3884,0.8638272093051601
3885,0.6115250777298431
3886,0.6125841045192504
3887,0.4496468988194058
3888,0.02761404496330544
3889,0.29918021946326245
3890,0.0636977185007408
3891,0.4377852488597531
3892,0.8494852489826142
3893,0.5968020177048212
3894,0.675532598269557
3895,0.18800797177707496
3896,0.26195314970279426
3897,0.16313215297289452
3898,0.8426887622604307
3899,0.28031301298749256
3900,0.5623263097012292
3901,0.14112861301900848
3902,0.12398890832731169
3903,0.34758336321601746
3904,0.3303531580600173
3905,0.32885323381140785
3906,0.6009327870197562
3907,0.31599015604044445
3908,0.7687358689747713
3909,0.09067076824664133
3910,0.3247858577376286
3911,0.6691931285020627
3912,0.60293211047753
3913,0.11951561836705538
3914,0.4394734931348375
3915,0.30922146287453667
3916,0.6318704323147726
3917,0.12987027957280362
3918,0.6705659229837077
3919,0.46383253126978974
3920,0.274889987919257
3921,0.7474439936640761
3922,0.1879098553132461
3923,0.1522379385630518
3924,0.015355936564545813
3925,0.861300356312702
3926,0.49236554071343774
3927,0.5167156093215455
3928,0.11476261670583532
3929,0.10777613604762737
3930,0.33378340489470293
3931,0.5162306440186114
3932,0.7008722190433495
3933,0.4992703565129284
3934,0.8315584310390406
3935,0.37739233174698905
3936,0.028087991954701463
3937,0.42615227502611275
3938,0.08500262931736602
3939,0.3220544273636916
3940,0.9851546831184075
3941,0.8573542571210433
3942,0.23645571315893898
3943,0.3759624313127088
3944,0.43116513094431075
3945,0.7638683777001858
3946,0.03345712782056509
3947,0.038622770027903375
3948,0.11711786752871545
3949,0.6283249825850742
3950,0.4145466172444473
3951,0.8489256287623339
3952,0.28405789022783723
3953,0.4892520298094337
3954,0.7067857215297443
3955,0.5452011971650093
3956,0.31679997775695934
3957,0.1525427686133508
3958,0.5406034186244121
3959,0.14215650226214827
3960,0.9393044596914456
3961,0.5398906106106404
3962,0.1749153048569262
3963,0.7206425469169074
3964,0.10354719431977222
3965,0.7716447899740201
3966,0.4572891110790437
3967,0.13266195551253201
3968,0.037211036308801515
3969,0.9933779936899051
3970,0.2743682900876313
3971,0.9522486220717061
3972,0.5018363367370507
3973,0.5030153839254815
3974,0.0910697183721334
3975,0.950705818837975
3976,0.7328958645500868
3977,0.5187278381595511
3978,0.12025713907388602
3979,0.17567656948828547
3980,0.43216660514178373
3981,0.36225882073221694
3982,0.5581380068713327
3983,0.07634397475720878
3984,0.04034601931833981
3985,0.5111030866900542
3986,0.028501380929072284
3987,0.0595519540101761
3988,0.3763414581904063
3989,0.06177906973480196
3990,0.3854696266163501
3991,0.24175051590943641
3992,0.18777029710908766
3993,0.40467983148626285
3994,0.11990390563125708
3995,0.3496393671192708
3996,0.4348736293666029
3997,0.8300029469601379
3998,0.9328061824822222
3999,0.30833843446623255
4000,0.2926420497404363
4001,0.5665182742712181
4002,0.13741442640032386
4003,0.34971218472805743
4004,0.05321637916190736
4005,0.3790681437821276
4006,0.11415134572311048
4007,0.561812911802296
4008,0.6415937343956617
4009,0.9870915366766958
4010,0.19513866225944
4011,0.2072021488024639
4012,0.9474195185897651
4013,0.8646408384568184
4014,0.6160540494372189
4015,0.841407236750209
4016,0.20969214472148845
4017,0.874028822863436
4018,0.8673075096746405
4019,0.24811224848006264
4020,0.5083733142598797
4021,0.9297742638910044
4022,0.6791499961674852
4023,0.6605191053207405
4024,0.5597646005643659
4025,0.2688315646932502
4026,0.9784153715112589
4027,0.44750964562218287
4028,0.31145009655296385
4029,0.7285807096817771
4030,0.6077048132604675
4031,0.3422413082046126
4032,0.30379159085703733
4033,0.21450668516253235
4034,0.07848643674025946
4035,0.6257109065192588
4036,0.5056936381437552
4037,0.23484841075284613
4038,0.05512452558336267
4039,0.0189010682637637
4040,0.7384959296651173
4041,0.18825318915516998
4042,0.26664361938950665
4043,0.01411219378059636
4044,0.15063905483217888
4045,0.8744457175624959
4046,0.24206083474245776
4047,0.9539581984830721
4048,0.16434683840013897
4049,0.25326145865964433
4050,0.8677099684769924
4051,0.42660833869182113
4052,0.26782893919360584
4053,0.6928137627201797
4054,0.05122840398223982
4055,0.8906051765785046
4056,0.8415615453566596
4057,0.08579703513243586
4058,0.7986187466244946
4059,0.9611704418831957
4060,0.49206961915489345
4061,0.5681533501260378
4062,0.6797967402259275
4063,0.266726943216011
4064,0.6496612589883748
4065,0.4748675001029421
4066,0.40554180461357825
4067,0.9028015595875049
4068,0.7979031099484839
4069,0.9346076282036271
4070,0.8366518248871061
4071,0.041810601153301374
4072,0.6065293910758234
4073,0.6976368815154709
4074,0.6648574757163
4075,0.27195643475835074
4076,0.4256303514649916
4077,0.03902913808359587
4078,0.09409412769567327
4079,0.5605119006191839
4080,0.5824117644655802
4081,0.2012292906236388
4082,0.44820272374154624
4083,0.47207725974866155
4084,0.011336777535180254
4085,0.14252078330249296
4086,0.6243000572826787
4087,0.9928201077976171
4088,0.6503917479374361
4089,0.12021666718785995
4090,0.8214402970991066
4091,0.43153772118158407
4092,0.08370020921444421
4093,0.5998245833260225
4094,0.22804609816491894
4095,0.41678174737952944
4096,0.3182942498743513
4097,0.6428539475072395
4098,0.431034672806622
4099,0.10398209321647645
4100,0.2156755661320542
4101,0.5004452736380616
4102,0.7891842270707597
4103,0.009743265237635246
4104,0.6124272839894
4105,0.11588175867566619
4106,0.6040494237681695
4107,0.836807635478249
4108,0.228482966476935
4109,0.49551475247726773
4110,0.7740529258445351
4111,0.17557747925462064
4112,0.15256114270196153
4113,0.9050458686392603
4114,0.6946466513738965
4115,0.7365733630422217
4116,0.8439686276120403
4117,0.5394257808850114
4118,0.4884054991924638
4119,0.5562573515833802
4120,0.7170179689321408
4121,0.39093730515226144
4122,0.09516824671698387
4123,0.13559688458288466
4124,0.9739029580424036
4125,0.051717662340782455
4126,0.7116193374491492
4127,0.9436815284210033
4128,0.12925954724058308
4129,0.7222643778520782
4130,0.30245659798031066
4131,0.2369650183111639
4132,0.8526226082130755
4133,0.9093536915859838
4134,0.34705050939238014
4135,0.6326475367092674
4136,0.1759376343344612
4137,0.7897594364262527
4138,0.8812398878757064
4139,0.3186723521815287
4140,0.6529669842474817
4141,0.8764176978914925
4142,0.01537490624975646
4143,0.855735262079755
4144,0.5721143441720545
4145,0.4140153847751511
4146,0.5226158468487513
4147,0.824062008061992
4148,0.7221295495500296
4149,0.5012648506822494
4150,0.487652325937422
4151,0.8992577126953837
4152,0.2323422036036078
4153,0.09570169580913968
4154,0.6786381186954319
4155,0.7022117122057644
4156,0.5683860268209586
4157,0.26253654507815605
4158,0.2959530604047663
4159,0.617043228861707
4160,0.2729583423480324
4161,0.4996212124009408
4162,0.33207434988458706
4163,0.5104381761346494
4164,0.2293638996894345
4165,0.19806047831528317
4166,0.7339983398129095
4167,0.38572753736040655
4168,0.23256619116471444
4169,0.8584204014821601
4170,0.40170047652019636
4171,0.11587016526054772
4172,0.7080479638455524
4173,0.2799719892417042
4174,0.5652422453590413
4175,0.6236930402621592
4176,0.9625743710919205
4177,0.1911012006151671
4178,0.28417205727033834
4179,0.9322198320783206
4180,0.7182929063140008
4181,0.44933099697521217
4182,0.7347733972292894
4183,0.41338512320963283
4184,0.41005152137897816
4185,0.15641675422411383
4186,0.5220482465927828
4187,0.26266441418502784
4188,0.6335934359532995
4189,0.39860618283936455
4190,0.8537210327292983
4191,0.7713625911305236
4192,0.1479332331935591
4193,0.5910919631856151
4194,0.7137406204838045
4195,0.5144409116098255
4196,0.11394728199082904
4197,0.5032473941239355
4198,0.4328989896562977
4199,0.3257544359864233
4200,0.5825355715461468
4201,0.32487233298764095
4202,0.23555668700529053
4203,0.7359012753843811
4204,0.21337102138254227
4205,0.8052882554318365
4206,0.97916100621838
4207,0.44123871645315926
4208,0.8123923859918668
4209,0.16836772838981873
4210,0.7973035022008037
4211,0.9624671585337337
4212,0.517023394169903
4213,0.2557198042079394
4214,0.1608262682766265
4215,0.9166268292838645
4216,0.3245725386866942
4217,0.49700373088306593
4218,0.43343155117184584
4219,0.43521552045635725
4220,0.7652582604512472
4221,0.9351583193150276
4222,0.636774677228067
4223,0.9571382224472131
4224,0.19044466860803377
4225,0.5639372766283968
4226,0.685506985378391
4227,0.7149763296261568
4228,0.7558474510997049
4229,0.3331501016341646
4230,0.882194579502589
4231,0.1317055624519009
4232,0.27853571434901214
4233,0.46871400057662516
4234,0.591998092587852
4235,0.2952841816429165
4236,0.9078256449513591
4237,0.45184683151759064
4238,0.1003373341156848
4239,0.8190517657862706
4240,0.9654538957507879
4241,0.3463276500858449
4242,0.5546435845852176
4243,0.5830706027877518
4244,0.8016209188013812
4245,0.15183827386157545
4246,0.841254064030045
4247,0.7216095012513192
4248,0.03492009594121803
4249,0.5669151712722333
4250,0.028033767108961993
4251,0.4964399473360398
4252,0.5994131178177925
4253,0.6348797056291805
4254,0.9268786686877112
4255,0.29705701886078384
4256,0.8445658597384956
4257,0.45222121337041465
4258,0.6669398595884487
4259,0.8079434229226331
4260,0.7240411659088121
4261,0.7955005888889377
4262,0.6360695072072
4263,0.8007806089049284
4264,0.9090134767736376
4265,0.9044188415515816
4266,0.32788821950417424
4267,0.9719728273552545
4268,0.0576669963120644
4269,0.6164026934321674
4270,0.49522455770192064
4271,0.230476070159513
4272,0.5351480485798903
4273,0.0659546597000894
4274,0.5537141575902743
4275,0.8544654418738471
4276,0.14097241256290083
4277,0.32535218674087174
4278,0.6311232710517998
4279,0.35930127868712947
4280,0.41500302714768234
4281,0.3384508981600203
4282,0.4826698956039609
4283,0.3731959537273051
4284,0.14424832324587533
4285,0.1988127961986741
4286,0.07924659002326262
4287,0.4676570677191002
4288,0.8454039345087339
4289,0.09055108338518902
4290,0.6587254975151682
4291,0.4202231604535025
4292,0.8713810215947371
4293,0.36331354583071906
4294,0.6944433887319533
4295,0.39911222653602896
4296,0.5419484409878162
4297,0.7749456414423113
4298,0.9678570834494661
4299,0.13488744756620685
4300,0.5290970608690453
4301,0.13226864238439728
4302,0.030503720142378787
4303,0.7479506202532099
4304,0.9832713188441309
4305,0.5954032831362801
4306,0.07243264500451607
4307,0.061727978911657044
4308,0.31454736366780933
4309,0.3808840604283622
4310,0.003866484241020429
4311,0.8426829031324989
4312,0.4685797663827802
4313,0.9957076820805172
4314,0.8841469350947452
4315,0.5007763078118548
4316,0.6270581276779179
4317,0.3145519992520861
4318,0.30335610441348615
4319,0.13020496221070255
4320,0.5454002163552302
4321,0.08167126508348677
4322,0.44685965922843884
4323,0.32172441992697687
4324,0.7905333354077368
4325,0.38144561378471853
4326,0.9014953018499317
4327,0.18953043009076098
4328,0.93054657416206
4329,0.5932866446040553
4330,0.12024160222586466
4331,0.5021501704999409
4332,0.2679181873907608
4333,0.7490364969626329
4334,0.6513094388112957
4335,0.06273651131791269
4336,0.41754621986829077
4337,0.8871362031077711
4338,0.40782699264407696
4339,0.7436305616542056
4340,0.11338257123155238
4341,0.8669166269037822
4342,0.5024317633850213
4343,0.9475721682300842
4344,0.5373211719029536
4345,0.7692256838949744
4346,0.9721138959242149
4347,0.7293470099299623
4348,0.577273336360849
4349,0.3667081396093276
4350,0.04252508752590867
4351,0.4325457091579801
4352,0.41248045793044885
4353,0.8230622576375538
4354,0.1892527061979694
4355,0.7426448519538486
4356,0.037563612888741216
4357,0.8863653280941995
4358,0.6679425961129916
4359,0.4224437872706094
4360,0.2655077221340201
4361,0.18440104009534442
4362,0.585645135679011
4363,0.4102386749667679
4364,0.7430228925332476
4365,0.9067745514875638
4366,0.2956515460524055
4367,0.6499003572033311
4368,0.4227221924900907
4369,0.04273899302080575
4370,0.6154326729856577
4371,0.36370256582690297
4372,0.013726045326379777
4373,0.4722799810652025
4374,0.09166890087206325
4375,0.6281696577304559
4376,0.5264963654092994
4377,0.5003487431628697
4378,0.9368792084893011
4379,0.8804273787161917
4380,0.7139339666114515
4381,0.577540710721839
4382,0.2523693137024965
4383,0.008162767446609265
4384,0.11963474024441834
4385,0.320294229962523
4386,0.19672784590885373
4387,0.5700038224788883
4388,0.5349498174948405
4389,0.389791444940793
4390,0.8005445255305743
4391,0.7311571458516333
4392,0.6878828659239009
4393,0.5026752474435031
4394,0.043445229423661136
4395,0.42802772907525244
4396,0.4991818345516955
4397,0.44784759633650517
4398,0.004474626711733043
4399,0.6524288587852523
4400,0.25739277533083826
4401,0.044658824359445126
4402,0.5034686093793187
4403,0.9205473826612222
4404,0.02944028336602822
4405,0.013741593071443292
4406,0.5877480868627315
4407,0.5429862373083882
4408,0.015706348512828594
4409,0.10306875067440213
4410,0.8363946422946935
4411,0.45263844649673934
4412,0.12438726664102684
4413,0.1559204841607894
4414,0.6114227359945645
4415,0.328665994778778
4416,0.025705232049547777
4417,0.6360184962179287
4418,0.032352926052939046
4419,0.11027994849288891
4420,0.15876824849159765
4421,0.14327791148182034
4422,0.761562946342432
4423,0.0934454558835478
4424,0.1486415913275414
4425,0.4470155689846399
4426,0.14008369087914851
4427,0.746936027517557
4428,0.48774585066948795
4429,0.879643396240148
4430,0.03811587523794735
4431,0.8551983882808056
4432,0.15381095449142868
4433,0.9256347358855043
4434,0.3260411094752952
4435,0.5107830381944564
4436,0.02369407638066834
4437,0.7291389103622584
4438,0.213771285424862
4439,0.9166167425100258
4440,0.6617870457098052
4441,0.2836191455309717
4442,0.2609085892286507
4443,0.17047921327901827
4444,0.8018705034394569
4445,0.4384767489946366
4446,0.27694561143975127
4447,0.9528195121200644
4448,0.802240832233182
4449,0.5863030105015549
4450,0.8024486556923616
4451,0.12012674395756762
4452,0.6721637765313696
4453,0.32415157494616786
4454,0.6875089728299585
4455,0.9616571294304682
4456,0.7803595907073239
4457,0.5655588372489639
4458,0.7455332082200743
4459,0.4683316669173232
4460,0.27994517865066093
4461,0.04063403997170012
4462,0.6772030452593735
4463,0.14259143461115809
4464,0.45934796084424934
4465,0.6667545429094478
4466,0.8912940059690603
4467,0.6093636372547342
4468,0.2177246793830825
4469,0.47405565586584864
4470,0.6676200688843181
4471,0.19531752237312883
4472,0.7321717956305757
4473,0.7638242372709222
4474,0.5225293579175383
4475,0.8588012394980442
4476,0.22473983809083076
4477,0.5377374935872099
4478,0.894164183762562
4479,0.7041515108727725
4480,0.8068743135696138
4481,0.2220930223168458
4482,0.5727805812768629
4483,0.32404271547176233
4484,0.6589164331843178
4485,0.5226096468822
4486,0.6254888050590407
4487,0.6176700243373133
4488,0.7364358207481377
4489,0.7988822867835662
4490,0.061877768458453164
4491,0.9483768496816916
4492,0.4064449124008854
4493,0.1700970121859906
4494,0.9219801187179109
4495,0.7839914153748908
4496,0.420353809437209
4497,0.5999145144686872
4498,0.226197261451772
4499,0.4131303277190288
4500,0.4009399651127772
4501,0.754040439417072
4502,0.4317229954617603
4503,0.7548712885119567
4504,0.7900794282391057
4505,0.385619861610651
4506,0.44006333135797315
4507,0.5207159938186551
4508,0.003510696044525141
4509,0.19505500018472055
4510,0.8471371472082502
4511,0.76094030253111
4512,0.07715158047521509
4513,0.6348976650794832
4514,0.020735353158175984
4515,0.5342036691279171
4516,0.16148162818349876
4517,0.8534523470310466
4518,0.6148152219392081
4519,0.06398226218648662
4520,0.6412538606417006
4521,0.8921982110925353
4522,0.7337064022325901
4523,0.11520230767278927
4524,0.6650932640952021
4525,0.6107026804586011
4526,0.6313518640485368
4527,0.7951621306965382
4528,0.304419139269518
4529,0.35546852734595125
4530,0.2018161374633567
4531,0.4571760830790651
4532,0.4098433616918413
4533,0.0841018432522711
4534,0.2426065143827414
4535,0.11992758304959594
4536,0.5545083973033134
4537,0.18726652626029783
4538,0.32560219913276156
4539,0.817053335823799
4540,0.5718492202749439
4541,0.5195832923153049
4542,0.9443627442890116
4543,0.43735139078251306
4544,0.8836410845930377
4545,0.5778540051170096
4546,0.40533548163208066
4547,0.3460720743301008
4548,0.9033779832128846
4549,0.565245357783107
4550,0.2517135644049552
4551,0.5194688609363887
4552,0.24977089352473847
4553,0.24066889673321867
4554,0.12914135191368392
4555,0.6893092537821236
4556,0.7810436077246344
4557,0.3236119729431979
4558,0.4092966507907204
4559,0.7930680917284937
4560,0.01630319946630754
4561,0.33283095496479487
4562,0.30759438411770046
4563,0.5434516951075146
4564,0.8948692396828983
4565,0.04051673614469664
4566,0.8427713553455266
4567,0.5571278058016171
4568,0.5876669265986314
4569,0.9569656367103522
4570,0.1282831064381995
4571,0.2766435649769482
4572,0.2300518096949531
4573,0.468839957890701
4574,0.5798298600121987
4575,0.7278629745496702
4576,0.05303920645675886
4577,0.4261294201663096
4578,0.9242743346141207
4579,0.46259277420988687
4580,0.8176227191769204
4581,0.11197980678486319
4582,0.2896816676667924
4583,0.7353968891860327
4584,0.6213542370919418
4585,0.4431526625579515
4586,0.6689140002469732
4587,0.7709683033402449
4588,0.8975087092539015
4589,0.4403551122190561
4590,0.6426096986453004
4591,0.3814602801848396
4592,0.9270498648543265
4593,0.48068369278584977
4594,0.4105229906934824
4595,0.9394712577708223
4596,0.001961281908088419
4597,0.33197109064231656
4598,0.8382055695407933
4599,0.4514483492772493
4600,0.34838638534422983
4601,0.5878164141171678
4602,0.4046758169978758
4603,0.32950361604644496
4604,0.26597330504456207
4605,0.31304547218650813
4606,0.924162029492106
4607,0.9596729314494371
4608,0.09883059664712424
4609,0.7354138828691462
4610,0.6577626876293591
4611,0.630968665404158
4612,0.03284334570370728
4613,0.27345391561770005
4614,0.7461028700926283
4615,0.49580682898716244
4616,0.02388834519882166
4617,0.5265155549162496
4618,0.8478048808856727
4619,0.8784202538807585
4620,0.8986259549179076
4621,0.527332384836509
4622,0.46696758969810803
4623,0.24434462826666647
4624,0.8660775723135234
4625,0.7998571753218278
4626,0.8635748641433973
4627,0.22594496569261435
4628,0.09790293216466206
4629,0.6984450683405525
4630,0.9131511770439525
4631,0.9165767655006917
4632,0.5286314711994123
4633,0.6421052190536091
4634,0.11208119285020302
4635,0.27528778539056553
4636,0.5377509775277578
4637,0.8807688859034987
4638,0.484139728190661
4639,0.5927082440735193
4640,0.05553643537566688
4641,0.9646539928350718
4642,0.4924272227573304
4643,0.16027042870417663
4644,0.33897097235409335
4645,0.5133073399059025
4646,0.1385143090566613
4647,0.19664682452455484
4648,0.915896904725474
4649,0.8725525901719886
4650,0.12230210793411844
4651,0.2789979054025671
4652,0.6355843417029102
4653,0.25975364773136134
4654,0.0020838787635798495
4655,0.7012145666228212
4656,0.19307857376341664
4657,0.3249555433254241
4658,0.28393643551046754
4659,0.15236919790259218
4660,0.13568510496356856
4661,0.1449134952643405
4662,0.9674916853073376
4663,0.7268508833172903
4664,0.9400753783706342
4665,0.5715399303238873
4666,0.3310087591609415
4667,0.16392685014813946
4668,0.4833562954578343
4669,0.4933985104124673
4670,0.7774698269400762
4671,0.528439483527963
4672,0.19485034627852338
4673,0.814190702784407
4674,0.14791601404784016
4675,0.5289140108012512
4676,0.04246919770645574
4677,0.3691809440992293
4678,0.6718731713210726
4679,0.13870850810653435
4680,0.5248799921284021
4681,0.5388391688458419
4682,0.9093551124642789
4683,0.4666293736999204
4684,0.07835088424931014
4685,0.14593729391312482
4686,0.27560864012991926
4687,0.7989540175588655
4688,0.2551083285673835
4689,0.6094292917812019
4690,0.07838168970193882
4691,0.20214541958645416
4692,0.6191428258133745
4693,0.09813875382961756
4694,0.7155425901754682
4695,0.44910020257175187
4696,0.27957525138584205
4697,0.8739002522646546
4698,0.673158146918348
4699,0.06418438235411827
4700,0.6701976378921904
4701,0.19837923659104706
4702,0.9202589125636921
4703,0.15373198946529187
4704,0.6166895563041491
4705,0.24240650415698517
4706,0.9421664820451573
4707,0.32446719552707715
4708,0.5896365630842033
4709,0.12950937628619286
4710,0.47937205575852804
4711,0.6088362892110891
4712,0.7706961891023262
4713,0.5570674938278416
4714,0.7035988520793304
4715,0.8590815047297518
4716,0.29855674489777073
4717,0.3401669339305281
4718,0.02957385115650779
4719,0.5542618128654195
4720,0.9715309283465463
4721,0.7361026993008667
4722,0.9925855204972936
4723,0.4543520763573199
4724,0.7474735784826665
4725,0.16120827226217105
4726,0.4220064644911017
4727,0.6436138727174525
4728,0.45031205804301244
4729,0.029722184121927397
4730,0.31684260950695975
4731,0.6760677570305994
4732,0.3951937205791538
4733,0.4484049445863276
4734,0.856179176233806
4735,0.26939083034449174
4736,0.6159316145282703
4737,0.8457705568383859
4738,0.8071506269519579
4739,0.23872366644551513
4740,0.05108977065763043
4741,0.27682779033352545
4742,0.17640340523260734
4743,0.02771074949814023
4744,0.3043616434857568
4745,0.5208113899890295
4746,0.6503189786097899
4747,0.37789523296801897
4748,0.20428292239636137
4749,0.5693060331951527
4750,0.75236630587641
4751,0.6949516877790678
4752,0.8569845569668989
4753,0.2638670246226983
4754,0.503009832220081
4755,0.4884374037445324
4756,0.32158258287848884
4757,0.6864209866220572
4758,0.1342342048147659
4759,0.8051491327144351
4760,0.036619174163297075
4761,0.3881798489827343
4762,0.6073203455652825
4763,0.42436408706519413
4764,0.6556921456790803
4765,0.0388006149131479
4766,0.8671605076394512
4767,0.07765712692326643
4768,0.2877463221161809
4769,0.29336891585600755
4770,0.011813637171465441
4771,0.0940238805164284
4772,0.8518839291320732
4773,0.7758148477628192
4774,0.7379934794637975
4775,0.6892962031094357
4776,0.07453008397307914
4777,0.298657434279867
4778,0.006573277650610443
4779,0.06052102078277488
4780,0.037887595790137785
4781,0.19893400432708475
4782,0.056283547133671674
4783,0.016883784429005844
4784,0.2449147316233382
4785,0.7988539235655333
4786,0.056311004679027166
4787,0.9845492343178498
4788,0.6575832364081544
4789,0.8668208805965696
4790,0.6607009575771983
4791,0.776873739863259
4792,0.30077885471146637
4793,0.2573246988236051
4794,0.6644249776889313
4795,0.5631543533959745
4796,0.5056632576911053
4797,0.1772552455503119
4798,0.23064852320499507
4799,0.5497251122414206
4800,0.409918041247717
4801,0.9625122942927633
4802,0.5528223556900267
4803,0.4317116640505323
4804,0.9505988532342335
4805,0.09161385081875306
4806,0.2717819914832693
4807,0.34639443568268435
4808,0.8535026178683808
4809,0.7664119839578025
4810,0.30471417482051466
4811,0.8725633575295845
4812,0.06255666512954305
4813,0.4934669400921148
4814,0.654684237674076
4815,0.3121943143752183
4816,0.06917107239102072
4817,0.2571603093695294
4818,0.4837717724502756
4819,0.31810636007108817
4820,0.41567185646575766
4821,0.09312461771485603
4822,0.014273543491684637
4823,0.8776126475866897
4824,0.07811174585382918
4825,0.29282457597048817
4826,0.6640453737502613
4827,0.8445044303175884
4828,0.3212627366825419
4829,0.6520685017691679
4830,0.4721312932373858
4831,0.05101303307194649
4832,0.4083630031615427
4833,0.029848052465646147
4834,0.9641902975068014
4835,0.7621837999945748
4836,0.3392923295762893
4837,0.23474043001400113
4838,0.40032716873111773
4839,0.31616445726221376
4840,0.37079440882134285
4841,0.9187144294578184
4842,0.40452514359347935
4843,0.7413994912071714
4844,0.15681302089280846
4845,0.5336810764982988
4846,0.49373396347063037
4847,0.5912319467043519
4848,0.679887489864292
4849,0.8610194418145972
4850,0.22996724673665703
4851,0.3815341106582597
4852,0.057182787986143735
4853,0.6241812798877413
4854,0.934759914336219
4855,0.39619710872664193
4856,0.9717510813438395
4857,0.5978752446681308
4858,0.2112467092930197
4859,0.5295290252524105
4860,0.6400455455225241
4861,0.6662728323728844
4862,0.63804180835565
4863,0.18961396933845598
4864,0.2083105865383229
4865,0.24146305084159747
4866,0.7329939155277158
4867,0.4993545241525672
4868,0.6712555744068802
4869,0.7993634104207149
4870,0.5640695204012681
4871,0.4711410409176189
4872,0.4025150969950012
4873,0.5362628700975675
4874,0.1495784803877107
4875,0.7864455027447715
4876,0.912759237011567
4877,0.8123650360504925
4878,0.8218955666615354
4879,0.8294014126443887
4880,0.17564911571237385
4881,0.9958127294832733
4882,0.6571857904622997
4883,0.4209270640798972
4884,0.8880238522670358
4885,0.5823512729892273
4886,0.9936245090735015
4887,0.7520736944502041
4888,0.3675107092597262
4889,0.7425622253025
4890,0.7301099722250616
4891,0.31299077777679774
4892,0.8841752408568262
4893,0.1407649163672936
4894,0.36527351480394266
4895,0.6362741910278085
4896,0.4791391192082748
4897,0.6781558975859113
4898,0.9973536810729767
4899,0.0779966370611127
4900,0.7589688588327588
4901,0.8174245085509352
4902,0.28220144131343083
4903,0.2551560524061398
4904,0.4413576227998247
4905,0.39385675759328875
4906,0.5078190675621553
4907,0.21158420154225877
4908,0.4938004750350413
4909,0.8127524228070271
4910,0.8828833922678256
4911,0.6667622624685676
4912,0.2881304639480625
4913,0.8732451183417509
4914,0.42122791099470425
4915,0.23180719026488483
4916,0.13459730900796885
4917,0.9616688579428034
4918,0.08797915446473725
4919,0.5297604649347278
4920,0.20217727155719156
4921,0.8682803954620041
4922,0.19452669350945884
4923,0.736479759383793
4924,0.1651159684116591
4925,0.9381122486966124
4926,0.6633249994426855
4927,0.4151208649677005
4928,0.9624825097357574
4929,0.5240508615579871
4930,0.384073729311766
4931,0.16247550340774553
4932,0.7210893163713941
4933,0.5963329437895811
4934,0.2228928469779945
4935,0.2499618346489212
4936,0.2203821282570425
4937,0.4958418649817937
4938,0.04728931296200378
4939,0.2892474845576688
4940,0.7366239439973583
4941,0.6212299033326748
4942,0.8185961445046029
4943,0.7448249549157927
4944,0.021277337360341098
4945,0.5695691341122411
4946,0.4384167268033342
4947,0.36130004377240055
4948,0.9923815864613245
4949,0.6569633707552449
4950,0.2510700731386869
4951,0.5328660587046653
4952,0.09523193310604094
4953,0.74527327977779
4954,0.34765173962032714
4955,0.16888337283883592
4956,0.16242146297944748
4957,0.015228865370231603
4958,0.7778802532570951
4959,0.7286998756944413
4960,0.48502589249959716
4961,0.30596475590393424
4962,0.3916116527302088
4963,0.8840884919405085
4964,0.12129977222287758
4965,0.029564740126206024
4966,0.2157244497097106
4967,0.5206856333138149
4968,0.007682918194944266
4969,0.10426473414343551
4970,0.6978639818667118
4971,0.44806285712189364
4972,0.9486389600142845
4973,0.9107665676026114
4974,0.2764578964010457
4975,0.37771593005899584
4976,0.9181717313376463
4977,0.5792575947174932
4978,0.36972190776523073
4979,0.8004067053549497
4980,0.9245041076022759
4981,0.6734930647035785
4982,0.23090357775390158
4983,0.8192605158457326
4984,0.420526161414014
4985,0.6980465799124734
4986,0.48635361638350205
4987,0.9408649044174376
4988,0.06837524051873833
4989,0.15579670440750393
4990,0.19456826181614306
4991,0.22100050665950122
4992,0.2354276183604621
4993,0.1528502048557333
4994,0.692917552350085
4995,0.21815574826780815
4996,0.23545348102221586
4997,0.19738826222211403
4998,0.398687219691122
4999,0.9585931029863481
5000,0.3667802195520107
5001,0.29762417966413823
5002,0.06859959090399603
5003,0.3525275316392329
5004,0.23219604629767487
5005,0.7629273380216685
5006,0.11162829985626133
5007,0.14368104195420506
5008,0.2785103008781139
5009,0.2880268293353051
5010,0.846304936696113
5011,0.7912836564504873
5012,0.5786356332052254
5013,0.2885886788600466
5014,0.31887835321099234
5015,0.5922182749826447
5016,0.739866558764824
5017,0.3840980551084494
5018,0.5095620286443752
5019,0.888033136532694
5020,0.6497908567084307
5021,0.5355501320419
5022,0.07122246114189124
5023,0.17601521177791102
5024,0.20099158381562332
5025,0.6231482924522946
5026,0.10811275170455004
5027,0.02899486998162648
5028,0.3603505576518653
5029,0.7188591785088077
5030,0.6932493543020594
5031,0.7926703519503892
5032,0.6962482562693095
5033,0.6132855786014619
5034,0.4861620967576452
5035,0.20849832048797057
5036,0.568548055856618
5037,0.6366247482083411
5038,0.12374332841471625
5039,0.5651473386031348
5040,0.0977487131935516
5041,0.5470768023064918
5042,0.15891889101864154
5043,0.11901354720833301
5044,0.11310005601383666
5045,0.9110253128309069
5046,0.5980873174524421
5047,0.250158722202139
5048,0.07144887799209143
5049,0.5361814185121025
5050,0.1448029708768086
5051,0.7784029344045007
5052,0.4961096566018073
5053,0.7264488848573398
5054,0.39572659882014205
5055,0.7023227446203606
5056,0.6846143563430122
5057,0.5614162080757035
5058,0.8457396341581295
5059,0.5824735736023768
5060,0.5781104107798223
5061,0.3079831073423336
5062,0.9315062661175667
5063,0.5171395715537852
5064,0.3917146575735714
5065,0.5416422915626176
5066,0.14524213873473746
5067,0.26512523712120484
5068,0.3066818621698084
5069,0.5151587691813213
5070,0.6955108338077768
5071,0.2872024621277156
5072,0.13576599558889135
5073,0.5592181827752403
5074,0.8546498313787537
5075,0.41823208636807807
5076,0.4757729089470616
5077,0.28920851215486254
5078,0.8088341233160536
5079,0.12066494538423844
5080,0.17108871769211698
5081,0.999956612757725
5082,0.68221575262952
5083,0.5480524065767105
5084,0.7951079451583122
5085,0.9968824546714417
5086,0.1908742808507543
5087,0.7913930387577761
5088,0.34216208258716074
5089,0.7312326849852712
5090,0.707659727537777
5091,0.9983300427980413
5092,0.11187205183646587
5093,0.002125394816527737
5094,0.7477844646111228
5095,0.5687769182988068
5096,0.6908741279616568
5097,0.7535250348263978
5098,0.49350655177583624
5099,0.35653452504058447
5100,0.7703758863024983
5101,0.38012992866605444
5102,0.6221922694904162
5103,0.8934060265156545
5104,0.15839147210138893
5105,0.008906159891957532
5106,0.2567566111986991
5107,0.7974719434465888
5108,0.5668256424901608
5109,0.9461608635354319
5110,0.5478740998616793
5111,0.2657813825886495
5112,0.7658853046993359
5113,0.6575503859150104
5114,0.8206833599615864
5115,0.6679984760224175
5116,0.4519490103695154
5117,0.2770826690937104
5118,0.05560046476925895
5119,0.30793625267536595
5120,0.046258477566618716
5121,0.4300270707520374
5122,0.22579991189048032
5123,0.7036476082919896
5124,0.22017852655650105
5125,0.08143183556633804
5126,0.8387972783999728
5127,0.06003286029426502
5128,0.7509584593494921
5129,0.9294253259816334
5130,0.10712911868137465
5131,0.5596679298690939
5132,0.45172671025336775
5133,0.7987100587162235
5134,0.6234800061046875
5135,0.27827343657115255
5136,0.0014690061423702216
5137,0.48286772884151574
5138,0.8941088823934664
5139,0.9053631703226672
5140,0.12529698305349435
5141,0.8606769673586889
5142,0.034431285796814204
5143,0.0923492753402122
5144,0.9662208123645003
5145,0.38696740719155476
5146,0.07078389665272089
5147,0.47045535435352137
5148,0.04613701973475881
5149,0.016370154899359557
5150,0.5617502294358646
5151,0.21120621979509668
5152,0.6219125897882664
5153,0.3346992638436814
5154,0.13247703288460277
5155,0.9844018582283378
5156,0.24994141548209736
5157,0.06197714607419669
5158,0.2788366202003293
5159,0.2517000559002116
5160,0.29964630421758
5161,0.35567423120074626
5162,0.805165180779569
5163,0.05978443594780192
5164,0.3545326700657575
5165,0.1037455429652312
5166,0.98219664609004
5167,0.14397173231415317
5168,0.47903494480879594
5169,0.48004343260390914
5170,0.7811782085684592
5171,0.2721458712913333
5172,0.7377738575166696
5173,0.026338559140857365
5174,0.9271504376473235
5175,0.09895565125791772
5176,0.4808295043785561
5177,0.173429713261673
5178,0.3686167729658242
5179,0.6420205167694868
5180,0.14247217497645148
5181,0.28910851993044273
5182,0.6791823327035098
5183,0.8445445475971349
5184,0.5928977624010155
5185,0.5229846652790235
5186,0.10960901226998943
5187,0.14654046155326628
5188,0.9581913711575495
5189,0.002624860083645486
5190,0.48441868634742913
5191,0.7563424807421246
5192,0.20996303020627838
5193,0.4595637163278635
5194,0.49306119094522105
5195,0.26039715770152805
5196,0.8787512510661757
5197,0.9251561800722323
5198,0.7493368504188268
5199,0.008636591717047004
5200,0.6289255677324158
5201,0.23211186798059924
5202,0.2671846591139656
5203,0.1838039549041236
5204,0.5724114284565913
5205,0.44671865595349747
5206,0.1935641093694338
5207,0.9326409310201179
5208,0.23922315331943134
5209,0.7787389035071219
5210,0.0246909002536293
5211,0.1834801085039569
5212,0.8188660675130984
5213,0.5364265561008478
5214,0.6461075337502055
5215,0.4288983913728056
5216,0.43563212969053056
5217,0.12540401379846733
5218,0.17099264596837205
5219,0.9189970768861909
5220,0.4576321023341422
5221,0.47245508902480304
5222,0.6663307728957538
5223,0.014126955040330125
5224,0.5326941533974526
5225,0.8853355518909605
5226,0.4173045001510062
5227,0.4126036845593929
5228,0.4533102546064802
5229,0.855102052504438
5230,0.6100010861688293
5231,0.7473509030134442
5232,0.7181501574265468
5233,0.050859749137671106
5234,0.9766996259784294
5235,0.7062081723958772
5236,0.5801252461787159
5237,0.04517657994964286
5238,0.9180811903386481
5239,0.46955681635503677
5240,0.9111923814169858
5241,0.41840693357402226
5242,0.5773050001280438
5243,0.8937179295227337
5244,0.4608309328740219
5245,0.179531403193542
5246,0.425064913413416
5247,0.3816266291686622
5248,0.7308630646988544
5249,0.8407336265712709
5250,0.011332262308606733
5251,0.4948151340913788
5252,0.2672670392793085
5253,0.1644326896777859
5254,0.6657056675713746
5255,0.8355456411719434
5256,0.5444057539893283
5257,0.19379415706109637
5258,0.7512853270023069
5259,0.521332668957369
5260,0.8046381267954097
5261,0.9647228264676314
5262,0.4193509917347735
5263,0.31900209544614655
5264,0.28207950904934764
5265,0.6909864666521672
5266,0.9718774081798304
5267,0.28581895410133673
5268,0.4622782156644186
5269,0.5763309264619612
5270,0.953923591046441
5271,0.24714516599113512
5272,0.9616329756751311
5273,0.5240260945909234
5274,0.7283869620900051
5275,0.7813408967587969
5276,0.16460922889673513
5277,0.9747446050002133
5278,0.9761205778081664
5279,0.8661700552572066
5280,0.8433548154726485
5281,0.32626442173019976
5282,0.8520664607012145
5283,0.888327957126259
5284,0.26652645122604
5285,0.17065621992700863
5286,0.7569787491436959
5287,0.5777352938932433
5288,0.10786319983515924
5289,0.39950559905810434
5290,0.3319999451656266
5291,0.6606908139969728
5292,0.42040515401811773
5293,0.6486762994843933
5294,0.7993880680782421
5295,0.7070725522656809
5296,0.6175353429074992
5297,0.9064677298230023
5298,0.24778175672116975
5299,0.5075564988529657
5300,0.7561116530041684
5301,0.2240343969920071
5302,0.21169364161314275
5303,0.6842730451542361
5304,0.7806391567523404
5305,0.8863647883097012
5306,0.448313688960427
5307,0.7162960923749074
5308,0.17094955422760316
5309,0.31475925240046
5310,0.6321208142767394
5311,0.14788355200649672
5312,0.9556823886948198
5313,0.12785747778850032
5314,0.7767641682552443
5315,0.3186138552686252
5316,0.7329052810947219
5317,0.4047577078817064
5318,0.7476288452455946
5319,0.9003383427056294
5320,0.596143336808424
5321,0.16392806682708638
5322,0.9510694250493024
5323,0.5324855828460552
5324,0.23942739403832702
5325,0.40842730056298027
5326,0.7210925516817865
5327,0.9353004083865615
5328,0.906586317718425
5329,0.1402892979004947
5330,0.8717895851144974
5331,0.5901671803162138
5332,0.4096794649589717
5333,0.4643670243334074
5334,0.7946117182649748
5335,0.8447750794029858
5336,0.6578968947929291
5337,0.05846129302789316
5338,0.8084636732940402
5339,0.02574421374986946
5340,0.38776814202180654
5341,0.4441674377121183
5342,0.5061066941653564
5343,0.25595339279506435
5344,0.41906619138035706
5345,0.7872984265883982
5346,0.2712664066841647
5347,0.813250761971703
5348,0.01257585087361901
5349,0.1427988669081106
5350,0.9253006741749734
5351,0.470399929220913
5352,0.0507976399034783
5353,0.6104432526277288
5354,0.45600704079758625
5355,0.08858766880180191
5356,0.3479624931488631
5357,0.6144260843539989
5358,0.6277085445621183
5359,0.8869030296057585
5360,0.4925060893830898
5361,0.10473779394108029
5362,0.11355310707342303
5363,0.41680330673072363
5364,0.18532113872958167
5365,0.920953832813547
5366,0.21207824268878284
5367,0.37636975659376704
5368,0.5123818824025214
5369,0.3304022373824873
5370,0.6645962662177829
5371,0.6052555559952119
5372,0.9393676947880834
5373,0.8319590605471314
5374,0.602961688608744
5375,0.44671171264723797
5376,0.6147746872507094
5377,0.6230659995840971
5378,0.26957759993600894
5379,0.17801758545621216
5380,0.5190075537779674
5381,0.30726313050546394
5382,0.38523044669218276
5383,0.0016636236770103396
5384,0.6816779778478236
5385,0.05801545716674017
5386,0.7354714682019439
5387,0.20795985807265882
5388,0.16476490315500458
5389,0.6005562261662398
5390,0.983472938004841
5391,0.422069590165532
5392,0.8693191020642691
5393,0.06184087559631579
5394,0.5086682574346568
5395,0.6817658642516381
5396,0.37538921899023237
5397,0.12946952245179288
5398,0.015406445826905868
5399,0.386742336087597
5400,0.7427384671441736
5401,0.9905517338292045
5402,0.463072623691111
5403,0.29491717747170043
5404,0.3466668410446121
5405,0.0919310791981881
5406,0.4501132322637529
5407,0.6271286230489581
5408,0.6235774122370806
5409,0.012769027512908315
5410,0.6337319645410171
5411,0.6656864286583842
5412,0.5020245284001009
5413,0.9448792994203108
5414,0.2580447441626178
5415,0.8519159086521346
5416,0.17422156381205622
5417,0.26195517446124195
5418,0.20489877507182785
5419,0.8853194963608946
5420,0.7935256794748252
5421,0.45048377510744886
5422,0.3780230719022343
5423,0.012901289752904943
5424,0.7019395885371039
5425,0.9649381252645671
5426,0.7785193236144732
5427,0.23307662621872693
5428,0.26450203141016915
5429,0.42280286547876544
5430,0.40773168314327146
5431,0.23233768146807765
5432,0.7916177877945543
5433,0.7860856998841623
5434,0.7064708347768158
5435,0.004960601569080403
5436,0.9173782984001366
5437,0.33755810510619455
5438,0.02881875534567513
5439,0.6374190342166811
5440,0.7375992951678767
5441,0.6709610146245125
5442,0.390916248130311
5443,0.8611660005168904
5444,0.3565085103885969
5445,0.5382582499869688
5446,0.9217565393954021
5447,0.7278953217243236
5448,0.09466832290906735
5449,0.7771386408104728
5450,0.9016909835425745
5451,0.8253882832161519
5452,0.476765285507181
5453,0.825147791285258
5454,0.07562909096681703
5455,0.2542266118257689
5456,0.8668668960548604
5457,0.041387811207380776
5458,0.398054019170217
5459,0.8604698857564332
5460,0.4458547688324669
5461,0.08462076875400237
5462,0.4591125232267155
5463,0.7322159326873108
5464,0.316391974184027
5465,0.9065309185714046
5466,0.9407964010550062
5467,0.16776558081439097
5468,0.09338643816287384
5469,0.29935680334672377
5470,0.4690426473292233
5471,0.1570140717954216
5472,0.2415683130951558
5473,0.9332987532821024
5474,0.714880021494959
5475,0.597945994636332
5476,0.7079557172208512
5477,0.0027258690094982274
5478,0.14552136695687945
5479,0.6917502243332091
5480,0.714968497917107
5481,0.8529729216982259
5482,0.5855502284762111
5483,0.5572500439659939
5484,0.39763773907824995
5485,0.8165560804305209
5486,0.8520230521498826
5487,0.45159296307332175
5488,0.37559286160656025
5489,0.05040509231333379
5490,0.7920765760385999
5491,0.6730570500331025
5492,0.43920197072177647
5493,0.5046853734140418
5494,0.8960522514968512
5495,0.8776740768408433
5496,0.1790835184065669
5497,0.8490094926927774
5498,0.509738943367244
5499,0.10611794902967975
5500,0.31148371881176407
5501,0.6869457399805178
5502,0.8934339104024174
5503,0.10834973446285923
5504,0.6096531986075768
5505,0.6781289258578433
5506,0.2761770062776606
5507,0.7566405960191488
5508,0.10332831380885199
5509,0.23967688804073872
5510,0.0004909638000434313
5511,0.5027379168011387
5512,0.2634359551967086
5513,0.07806747249987345
5514,0.8808814535788626
5515,0.1986649848355725
5516,0.5673197885761175
5517,0.27146543026999426
5518,0.5974995756611501
5519,0.6542966336978888
5520,0.7255912918109767
5521,0.2957260786883503
5522,0.04725511839745611
5523,0.8572716479467147
5524,0.9692937868690089
5525,0.8862247187814873
5526,0.0826100486635939
5527,0.7851361948225405
5528,0.48600346460569954
5529,0.6321213368990781
5530,0.6117152506448345
5531,0.5350312900861803
5532,0.6750779395188993
5533,0.6163214285246219
5534,0.5768407836404841
5535,0.14282453313212085
5536,0.8649374486927179
5537,0.7534954225564147
5538,0.9643691999319113
5539,0.7917430034231375
5540,0.5825212709808835
5541,0.9171675510894148
5542,0.6542627086309983
5543,0.3101296897160739
5544,0.1755034140755074
5545,0.6043077792236501
5546,0.7361741349383045
5547,0.8241621349141813
5548,0.28528793945030007
5549,0.9020001416262257
5550,0.57797127623333
5551,0.7230930546644189
5552,0.8081328331130814
5553,0.9312819841207534
5554,0.289990347100786
5555,0.3924666186260425
5556,0.8999673054988357
5557,0.8344761384536681
5558,0.39913624400713854
5559,0.46733826584618987
5560,0.7171476260735233
5561,0.06124964610168604
5562,0.36731861557505674
5563,0.20623020019896543
5564,0.5187951836942049
5565,0.7721024261558168
5566,0.1299248666153754
5567,0.9867344571607256
5568,0.4671117103789836
5569,0.7730166870108943
5570,0.3524163469707189
5571,0.48813677815867584
5572,0.9648642416539138
5573,0.6902621570556147
5574,0.02565322014334337
5575,0.2319821333724862
5576,0.2592607569900818
5577,0.9589069246037626
5578,0.7695686699742229
5579,0.6786306171329429
5580,0.06965073866338123
5581,0.8038145253872696
5582,0.18167326150400886
5583,0.1487804745516349
5584,0.868849903679928
5585,0.005037143947434819
5586,0.06327988410322205
5587,0.919405988910597
5588,0.25155543032465877
5589,0.7743382743639662
5590,0.6571731874206858
5591,0.11223236229024414
5592,0.7949289033455931
5593,0.20739098558191005
5594,0.6954265810380523
5595,0.38085334257877945
5596,0.5447598583067481
5597,0.9462064596611349
5598,0.25917989038013245
5599,0.30109945732901333
5600,0.29252541670034893
5601,0.3700227270988288
5602,0.5766234372999974
5603,0.8002511926974083
5604,0.8931135181516047
5605,0.06118888421400459
5606,0.6500965350470767
5607,0.5924045964074958
5608,0.6009390590127149
5609,0.7933333118398577
5610,0.9378562651668003
5611,0.7482561622209642
5612,0.1716247004468472
5613,0.9546511627778134
5614,0.8652060263692287
5615,0.29965542624871067
5616,0.12225233413187131
5617,0.8059906020292564
5618,0.9763518248874802
5619,0.1274871080121842
5620,0.6513593483108809
5621,0.00983688804630789
5622,0.03549290758599155
5623,0.7851822102803689
5624,0.8155835834987643
5625,0.34934616318525513
5626,0.4479603705550499
5627,0.7794772004204293
5628,0.8577046552353005
5629,0.27610073226945986
5630,0.7842878718629166
5631,0.20087805194596364
5632,0.447342247226134
5633,0.7188972518081809
5634,0.6857984253448808
5635,0.5022890565359853
5636,0.6698734051908288
5637,0.05053289068985545
5638,0.28826725656167684
5639,0.21627296766803839
5640,0.0817930757153571
5641,0.20768913531876532
5642,0.860030137795244
5643,0.8962794072271126
5644,0.5331062449547115
5645,0.4843951385234718
5646,0.46316769990572126
5647,0.9590449876995076
5648,0.9408186758646101
5649,0.21648792168083886
5650,0.09499174929295195
5651,0.05438317079697519
5652,0.35766335219883605
5653,0.41754285101884936
5654,0.24767574408395998
5655,0.9202250725598798
5656,0.8371540042881199
5657,0.7444630740477364
5658,0.48389639682963925
5659,0.8864957683891219
5660,0.9451873550852263
5661,0.8876720001167115
5662,0.26136122759829694
5663,0.864227373869638
5664,0.350367111892548
5665,0.12326822327950848
5666,0.7436223991939167
5667,0.8088845605762284
5668,0.9867807625065831
5669,0.48095748408864913
5670,0.2510225380451314
5671,0.0653915207119099
5672,0.41318356937840384
5673,0.5774286250578069
5674,0.4964980821673213
5675,0.16278764942333757
5676,0.37154547043351427
5677,0.9179064455809042
5678,0.4592938600860984
5679,0.5122234455782525
5680,0.47191161877427
5681,0.3847152628605611
5682,0.06062709089521778
5683,0.22918450794406842
5684,0.49999783633137496
5685,0.5844328307136614
5686,0.4781379595073937
5687,0.363892774321953
5688,0.8034974713723212
5689,0.6947656127138895
5690,0.9454201508592324
5691,0.027735566309419535
5692,0.7440794496231079
5693,0.061375868570569536
5694,0.2909794376105618
5695,0.9171019676668435
5696,0.7753552964263154
5697,0.6620191624972286
5698,0.3996964716026705
5699,0.04982754879289264
5700,0.2602528047561462
5701,0.4808688173492526
5702,0.4227783928943333
5703,0.45813251100300023
5704,0.03031092932806112
5705,0.6330741052292851
5706,0.450965581916813
5707,0.016788717539566234
5708,0.9392133419198854
5709,0.19770042310267877
5710,0.16958959459097844
5711,0.7550940452057819
5712,0.3486631545579384
5713,0.6115483804677544
5714,0.005966140818971066
5715,0.4314338935964921
5716,0.024834011636247877
5717,0.2095618519843735
5718,0.19471741385123165
5719,0.9709267592269815
5720,0.3024130864849103
5721,0.8392513859259818
5722,0.4207565814952615
5723,0.8621293303877573
5724,0.662787229420753
5725,0.007092424504005601
5726,0.11160022513888179
5727,0.03134500685342623
5728,0.09044505460036967
5729,0.2203140698441196
5730,0.7855826878141747
5731,0.7336806308500963
5732,0.24471355617311696
5733,0.3904229415533713
5734,0.8594879351582494
5735,0.07232115926078597
5736,0.5648157586952375
5737,0.1150280632258407
5738,0.9940547264647431
5739,0.44164615237650484
5740,0.9152712849542888
5741,0.15298271232517446
5742,0.9903061733476891
5743,0.05930393369777698
5744,0.058922322349716394
5745,0.823237135957988
5746,0.7765922415254272
5747,0.2479367890394144
5748,0.24684592050718746
5749,0.47265508002614975
5750,0.9436025391802001
5751,0.6258865252974882
5752,0.83252965742245
5753,0.8671034216437681
5754,0.13444939263333489
5755,0.5788085311721809
5756,0.9869407771310376
5757,0.09564526644980575
5758,0.4435464415583168
5759,0.7648533177618654
5760,0.9895770615282798
5761,0.11971610468122029
5762,0.4044393011192855
5763,0.7529605618077507
5764,0.594079939445616
5765,0.878653066661659
5766,0.10214669075144611
5767,0.5425125613300261
5768,0.6091939126032528
5769,0.8142645395964124
5770,0.8456225589346785
5771,0.4741650601753056
5772,0.6043249058245652
5773,0.007852729347862963
5774,0.6890290240813922
5775,0.015446074678692634
5776,0.647088366463697
5777,0.5058960465114158
5778,0.9540597188367179
5779,0.1630740136830937
5780,0.3837767279336953
5781,0.8572975468766105
5782,0.5140953731250966
5783,0.8146243357120594
5784,0.5074254509305223
5785,0.6824019963534126
5786,0.8815425960548838
5787,0.054815826810139856
5788,0.8808580146316157
5789,0.17896065132071692
5790,0.7552970782992712
5791,0.5658311157694909
5792,0.33292240379798466
5793,0.958509719514732
5794,0.8414333018803417
5795,0.28555721607880014
5796,0.2026831541573314
5797,0.35899052869808656
5798,0.3321158147944514
5799,0.15975718713646014
5800,0.9374075729287451
5801,0.8876249722927216
5802,0.8748449947174181
5803,0.4557113195189696
5804,0.7896001398250442
5805,0.3603576642479248
5806,0.8605987936330923
5807,0.9064449642233711
5808,0.5382999249678899
5809,0.47619222605502154
5810,0.5326990745980137
5811,0.23812221804384903
5812,0.09185868065826786
5813,0.3869199915771737
5814,0.7840746259144714
5815,0.6817517685017292
5816,0.8408727234633308
5817,0.45146826478665736
5818,0.12427198034602849
5819,0.5226252331424385
5820,0.039490009784763136
5821,0.4308684180710993
5822,0.2014168609502891
5823,0.8442479168661324
5824,0.12892590586785047
5825,0.47463742271165144
5826,0.38513768759421674
5827,0.8453850946993839
5828,0.5616247030681413
5829,0.474954644495594
5830,0.5961940429332528
5831,0.23214111172609309
5832,0.5213835409110541
5833,0.3500375382514712
5834,0.10891793499403313
5835,0.7914985973135433
5836,0.3607954228610627
5837,0.2789112105308523
5838,0.0005696174167706403
5839,0.038004487981462276
5840,0.25184447127852916
5841,0.3295302892589168
5842,0.6991276180280982
5843,0.36845606233299866
5844,0.796524887914078
5845,0.5871662145403442
5846,0.35056705308389646
5847,0.15739744875697415
5848,0.0013694093405861585
5849,0.3831142751656631
5850,0.4067203069274563
5851,0.363891243584077
5852,0.8024040447137513
5853,0.09555528063360996
5854,0.11490222417943807
5855,0.2334633085686435
5856,0.5137327034226876
5857,0.7259014005916505
5858,0.9036637406018898
5859,0.2670948352502299
5860,0.1277993516828676
5861,0.5092144995565676
5862,0.29959241038929285
5863,0.9844920388544546
5864,0.03984251236828018
5865,0.19089503111390738
5866,0.7535587527636661
5867,0.3863775742798433
5868,0.5622381594924495
5869,0.8154518104347863
5870,0.6668632040987817
5871,0.6035510202410393
5872,0.6818236385748889
5873,0.06424465693991199
5874,0.0977992667178742
5875,0.607548945297341
5876,0.3678443386510687
5877,0.9957141910034085
5878,0.820659020038398
5879,0.9264784449316783
5880,0.1804632918399286
5881,0.6247302916366014
5882,0.02787741540551636
5883,0.7351423202400316
5884,0.04222165222392127
5885,0.6740795417269506
5886,0.21236884535128964
5887,0.591190988408334
5888,0.2759746873859379
5889,0.022402813798596766
5890,0.6855370491014435
5891,0.4486591441719292
5892,0.7242306625065876
5893,0.05628449839196492
5894,0.5302034215504031
5895,0.054266394648734284
5896,0.14384704566014284
5897,0.7844132574359453
5898,0.22867230474585065
5899,0.09332351731567312
5900,0.14180871772763115
5901,0.14143220951443436
5902,0.8438238909215371
5903,0.5899425367026359
5904,0.7923490214866913
5905,0.2572190963807842
5906,0.6263408324595985
5907,0.898907590987738
5908,0.533955490750817
5909,0.8707340561600945
5910,0.2180457146282806
5911,0.9669267000130077
5912,0.07969248856433797
5913,0.7611083597328594
5914,0.20171882428585908
5915,0.11688770194339293
5916,0.5590259315099929
5917,0.3170222825992334
5918,0.22251995129483693
5919,0.43912328973052506
5920,0.9884214329976069
5921,0.6326775584564301
5922,0.2786029655745439
5923,0.9859022031764596
5924,0.27916668089676155
5925,0.7196516118981996
5926,0.26333281453095747
5927,0.7743064479265209
5928,0.6439841243857556
5929,0.5727068625777555
5930,0.4588948742637152
5931,0.24284325984597044
5932,0.6094272384712242
5933,0.8743475491172846
5934,0.03130541405087395
5935,0.7326697388286103
5936,0.8799225351602699
5937,0.6168877802531492
5938,0.2584306324083787
5939,0.351475059441982
5940,0.7488048209052919
5941,0.36682236439769855
5942,0.008073156093916567
5943,0.10551829464223716
5944,0.285340370117794
5945,0.393169803189385
5946,0.36432472307178065
5947,0.806427721142235
5948,0.2215827361724947
5949,0.410313315633288
5950,0.8142268941187296
5951,0.793437280534362
5952,0.2052253062336432
5953,0.3640730122648922
5954,0.15631314954288356
5955,0.09009998820237053
5956,0.5541931862447058
5957,0.3194922423549149
5958,0.513689216526149
5959,0.5879098985780701
5960,0.6061922676092604
5961,0.9407652066938389
5962,0.2346492197003105
5963,0.8980852932299614
5964,0.05130866183311378
5965,0.03038283911238404
5966,0.10876806974633213
5967,0.6436891470845285
5968,0.5302935174584055
5969,0.16212318310708873
5970,0.14790494742126536
5971,0.5294293084233084
5972,0.9590058987642642
5973,0.18273000593743582
5974,0.25912951022509767
5975,0.12058329235131116
5976,0.5946018436715242
5977,0.9267692898592671
5978,0.23801514139715152
5979,0.47242126318133415
5980,0.9076145585613595
5981,0.7082831405747101
5982,0.5282866634645071
5983,0.6393067680449909
5984,0.7308395702343208
5985,0.7284784520843665
5986,0.4849771083474669
5987,0.28147599380304045
5988,0.20617459289731566
5989,0.91861387766964
5990,0.05824669632752277
5991,0.33707314042002723
5992,0.6900501377623072
5993,0.6000690273037246
5994,0.433218600143492
5995,0.10423286586503788
5996,0.1395280512590752
5997,0.6965228727169696
5998,0.4836966144693602
5999,0.3395507309511038
6000,0.3747935310826417
6001,0.4286859808129494
6002,0.6830566188960165
6003,0.6009477895248134
6004,0.07048297949781201
6005,0.15747785907740697
6006,0.07055568692234615
6007,0.03459012575426679
6008,0.7760049179450405
6009,0.8509589076629858
6010,0.4161778322261164
6011,0.9688407845223875
6012,0.863597702236331
6013,0.8603850438750796
6014,0.36718439993293683
6015,0.9543471631043495
6016,0.7489298456338638
6017,0.35369242910772447
6018,0.8888328939449607
6019,0.004112299965128852
6020,0.571591041233883
6021,0.5201727930021924
6022,0.0817899405302619
6023,0.8623564895026867
6024,0.28171116761250015
6025,0.37635007945304866
6026,0.47515341442940906
6027,0.8169348304723988
6028,0.5949380307729589
6029,0.5639572035274568
6030,0.36237757592558917
6031,0.27968467179171963
6032,0.4781202319371778
6033,0.2557335320315858
6034,0.3395114382042821
6035,0.4403763349468267
6036,0.8435008643936305
6037,0.9305106167465388
6038,0.829741369555985
6039,0.5256997148931065
6040,0.7115572532942754
6041,0.33520860921068674
6042,0.4591969225542821
6043,0.9404896563472046
6044,0.3549474799949155
6045,0.172985677257379
6046,0.472094057017978
6047,0.6525916187915881
6048,0.12651425980849584
6049,0.1221014186726106
6050,0.30369489093940005
6051,0.9076491013983337
6052,0.6746038509929627
6053,0.22193415638011005
6054,0.6034875606219187
6055,0.660239833811912
6056,0.5230546799078449
6057,0.7593824605373287
6058,0.024738988659156913
6059,0.1911172271039535
6060,0.9663717444251193
6061,0.4977400017568321
6062,0.07651479839352915
6063,0.30817969021799474
6064,0.0017723861734066926
6065,0.5794142418856143
6066,0.9994782500995681
6067,0.5900994975210713
6068,0.6100729288144449
6069,0.3277266127280789
6070,0.23703254560280984
6071,0.5081565720401193
6072,0.8997861669773904
6073,0.009751104114700926
6074,0.5696508422418475
6075,0.4285110712703185
6076,0.6211793059939905
6077,0.8399580262080151
6078,0.44904391262661825
6079,0.21768278162070565
6080,0.3766069869311608
6081,0.15055137165084354
6082,0.0848992142108389
6083,0.3758763494031635
6084,0.6256985496114685
6085,0.2628353360875504
6086,0.9156841594691943
6087,0.6889512994530017
6088,0.6863134531018993
6089,0.6917106852566379
6090,0.0016844982284425214
6091,0.8130067534159009
6092,0.9176086279433802
6093,0.019397983736088364
6094,0.5982939903852376
6095,0.6765757701274786
6096,0.19624258094934133
6097,0.8382112629992908
6098,0.6258314142890883
6099,0.22505507332950425
6100,0.9671901167175533
6101,0.21586562467402015
6102,0.6785878069331915
6103,0.47388977885992334
6104,0.7232848225591392
6105,0.09775912392053465
6106,0.9525452555333542
6107,0.20448903080791148
6108,0.2203839392367527
6109,0.5540285354922339
6110,0.34973326342087097
6111,0.4421296856512196
6112,0.037098496526235536
6113,0.23488444520062746
6114,0.7735331167418869
6115,0.9022151540254663
6116,0.2334774429383618
6117,0.7733489997148366
6118,0.028946693079416108
6119,0.04472428005702034
6120,0.39300921838654257
6121,0.1479111457346507
6122,0.1661385686436888
6123,0.6273970248168016
6124,0.8581642688718121
6125,0.7789672417730515
6126,0.3364938083574237
6127,0.8752159670234088
6128,0.8413459203660864
6129,0.5242116968238286
6130,0.4758760626650278
6131,0.05846241865712687
6132,0.15052506965642853
6133,0.08541319952824689
6134,0.526772502073614
6135,0.6766384962322588
6136,0.6187820104468493
6137,0.872885243630802
6138,0.6587024039381469
6139,0.8297076910155714
6140,0.14042518457369368
6141,0.17164807461221854
6142,0.9184122777180632
6143,0.3547046819793165
6144,0.21699876674574414
6145,0.9120692352914247
6146,0.970104524388832
6147,0.6377696458650873
6148,0.38833860111140084
6149,0.6883857553986217
6150,0.015557876902810186
6151,0.1447122867817633
6152,0.3687144441173573
6153,0.8322245014132778
6154,0.30431590637157546
6155,0.05787189174887575
6156,0.3787352733338839
6157,0.2412541524818187
6158,0.05605993807075327
6159,0.39892425754725225
6160,0.3514213919401016
6161,0.7338399809392107
6162,0.06320482121691595
6163,0.37905444622391105
6164,0.3424335228146467
6165,0.6468215249343464
6166,0.8879207710432816
6167,0.14298979012766122
6168,0.8162537513998236
6169,0.6097234027512662
6170,0.029242694013976278
6171,0.7668886791662436
6172,0.5376880330339259
6173,0.7999288245801247
6174,0.4088680328694464
6175,0.6655027937880515
6176,0.19880420538553856
6177,0.19184457474798877
6178,0.34026240812561515
6179,0.5194405063277148
6180,0.7165267905793272
6181,0.6668048227723277
6182,0.8213445631683517
6183,0.4263969157830795
6184,0.9125292544458348
6185,0.10916772410022535
6186,0.18720330880440683
6187,0.6837175752899485
6188,0.2537726800621737
6189,0.16459054620342062
6190,0.8864937449328572
6191,0.06840084648216127
6192,0.9914711074357121
6193,0.862589311370107
6194,0.8682577473523028
6195,0.6287130625457747
6196,0.22485567983494403
6197,0.7980915547272193
6198,0.053800565174306536
6199,0.582115344947845
6200,0.43915963513820166
6201,0.7504068319797628
6202,0.023768132196100522
6203,0.3867855037467396
6204,0.47709440152749405
6205,0.15235922547755543
6206,0.41472018678344846
6207,0.9104776860613233
6208,0.468634224195022
6209,0.2517761776166666
6210,0.5323350610316762
6211,0.060842434583877836
6212,0.2942685427636743
6213,0.7836367416903384
6214,0.6419142502462526
6215,0.023984851587710243
6216,0.5698759987051809
6217,0.217340080443442
6218,0.9757498158285773
6219,0.7836869956934533
6220,0.12790809922770463
6221,0.3855456776809947
6222,0.48996963150467054
6223,0.18237171379222494
6224,0.7042838534638232
6225,0.8413787602688142
6226,0.004464595389564008
6227,0.13322338813487433
6228,0.2834628391543551
6229,0.984110227654783
6230,0.4045278785001656
6231,0.1702519629762531
6232,0.1209271179720528
6233,0.9013561636857569
6234,0.8102440844424843
6235,0.6193006073063304
6236,0.5396956570693588
6237,0.7771537615303663
6238,0.31815053830366735
6239,0.6398546571412967
6240,0.7368454413919675
6241,0.5756487262436776
6242,0.16873195348547398
6243,0.9859047964010813
6244,0.8111955617155305
6245,0.49062694324010003
6246,0.6199701755815862
6247,0.7600759906649841
6248,0.4585851836596073
6249,0.739116204876751
6250,0.7729278978334481
6251,0.45900738952238873
6252,0.18776812782184882
6253,0.5977670787061549
6254,0.5542888392884701
6255,0.500493685819311
6256,0.05858202317369332
6257,0.7775631943305389
6258,0.5387082535651173
6259,0.43065145226838597
6260,0.8148922205470591
6261,0.19688469106306683
6262,0.27168135813174477
6263,0.6397270437316123
6264,0.3900580373018665
6265,0.3030692892057736
6266,0.2546159351015198
6267,0.4857307866628775
6268,0.7755368723009688
6269,0.8053259580175688
6270,0.7905697006854675
6271,0.8856452506740252
6272,0.050741830639421504
6273,0.9822168599100114
6274,0.42646149178859716
6275,0.19298210794577952
6276,0.9700227833676315
6277,0.8251823228761317
6278,0.9297235523838182
6279,0.5231537257537632
6280,0.7477418496154136
6281,0.5194640377742835
6282,0.5394501138114556
6283,0.9515009644070361
6284,0.7383569836420978
6285,0.5667778068474927
6286,0.3927352644321399
6287,0.16432763861441124
6288,0.11573037457541713
6289,0.29966614553662196
6290,0.6928043451973245
6291,0.19155261876570961
6292,0.13146213659070616
6293,0.07775737697313989
6294,0.8462493800401598
6295,0.24118982176047088
6296,0.2008504640859532
6297,0.3908538678925718
6298,0.6294862004857275
6299,0.5862597572348028
6300,0.9236578068800452
6301,0.6819721303815472
6302,0.5619715500975947
6303,0.7115981672249322
6304,0.6637234880901197
6305,0.767478319227962
6306,0.5724263128483078
6307,0.8072907950548832
6308,0.9000573049353442
6309,0.6964768294145666
6310,0.3576198580418821
6311,0.27997823560285806
6312,0.6371856652119066
6313,0.6314291382744621
6314,0.023910563851629152
6315,0.747109389627796
6316,0.22187448682775046
6317,0.05449016214043634
6318,0.15319920756241112
6319,0.6567808884737264
6320,0.5230546880987594
6321,0.8469377416298873
6322,0.10625274999099044
6323,0.829516640558441
6324,0.6509178999698826
6325,0.21492954390011454
6326,0.7369056156720564
6327,0.7413332879208887
6328,0.1080015844823825
6329,0.2664468110210094
6330,0.6388649039268323
6331,0.3805746630158313
6332,0.7652449460248011
6333,0.5360424408076255
6334,0.8569970748307678
6335,0.11102601540791324
6336,0.7337467724624002
6337,0.4646399700689676
6338,0.5193909558246362
6339,0.2840455621221746
6340,0.2690631536826119
6341,0.18980381538838287
6342,0.3733456825587742
6343,0.23898784499249692
6344,0.18972807629864252
6345,0.9617959126059913
6346,0.4474142824826589
6347,0.6781223326131219
6348,0.37414815850767913
6349,0.5697937438063874
6350,0.4992021090336326
6351,0.6126881483507907
6352,0.722728754448925
6353,0.663909205751314
6354,0.7621033886497018
6355,0.14630440791225285
6356,0.09403114050354289
6357,0.33889943307925674
6358,0.48182786087509044
6359,0.22440258642932365
6360,0.773224529969948
6361,0.7195559442230915
6362,0.913578918296801
6363,0.7289601976453268
6364,0.10714531786189696
6365,0.6649948238340624
6366,0.4120593377116154
6367,0.2596147771366438
6368,0.6019514224019971
6369,0.302190167339327
6370,0.5308563256808755
6371,0.5759773853564093
6372,0.5290669153175487
6373,0.010686520253527898
6374,0.348738914166999
6375,0.7904622642826705
6376,0.34689564414614005
6377,0.5093794997730307
6378,0.34663207969126386
6379,0.19923790748845183
6380,0.19975347066528681
6381,0.748859584640402
6382,0.627952659636836
6383,0.932057041088958
6384,0.4210046599370373
6385,0.6365672593725238
6386,0.4685395758399834
6387,0.47393787286906197
6388,0.8540873756008774
6389,0.4543027437485102
6390,0.9281668006312838
6391,0.6205072571476393
6392,0.08542429297114362
6393,0.06798291605090445
6394,0.9823142123446809
6395,0.3993593860447815
6396,0.5874588318505717
6397,0.4315860696701923
6398,0.158896438494607
6399,0.12555170305093377
6400,0.21269615262495822
6401,0.6053378112295557
6402,0.5465335873757587
6403,0.3285884322865048
6404,0.04417423970816814
6405,0.32402805011222846
6406,0.39830332365240295
6407,0.7564237829340678
6408,0.7374839894934233
6409,0.22140809653603255
6410,0.22767395199424867
6411,0.6278828273877696
6412,0.6517763473952897
6413,0.5611027760705191
6414,0.11197138032779375
6415,0.28572014839159043
6416,0.03170321146107313
6417,0.7615941474726534
6418,0.8065034273644852
6419,0.9204805994112247
6420,0.08791556678404544
6421,0.9062129562245375
6422,0.9184252230271858
6423,0.9977059924321842
6424,0.7778885680443031
6425,0.2626378356410527
6426,0.2645588697189384
6427,0.6882168777089944
6428,0.6797326616621708
6429,0.660329200595471
6430,0.3531208682404954
6431,0.5197972782804574
6432,0.3014974791337992
6433,0.5967907154163188
6434,0.7724021772527104
6435,0.6986962797346445
6436,0.43250532828480526
6437,0.5247284010563011
6438,0.7724184966593586
6439,0.23285290915336143
6440,0.2212985990015477
6441,0.4849868131360374
6442,0.4941364782806674
6443,0.023472747932016813
6444,0.5819463389001059
6445,0.4177414323005648
6446,0.5763797049856364
6447,0.9148236739390743
6448,0.33311808303924517
6449,0.10783584424794856
6450,0.20651868878957647
6451,0.3065370579122182
6452,0.863470095953098
6453,0.5490742921137304
6454,0.995082066501174
6455,0.28503201594050587
6456,0.068726816118869
6457,0.3011881362852883
6458,0.9925949324479775
6459,0.7430991647381311
6460,0.9150613496497855
6461,0.5948447337089605
6462,0.27536345037982346
6463,0.9544313789573807
6464,0.22915645237479176
6465,0.39711403403281453
6466,0.29338780701944167
6467,0.6434590492433192
6468,0.4180097259576758
6469,0.9571082083445226
6470,0.9674200787195868
6471,0.09691401801436517
6472,0.9283330925386885
6473,0.7979960151715466
6474,0.7123374361336763
6475,0.36278598135338924
6476,0.6795572398649928
6477,0.8106664339207681
6478,0.8304247459573004
6479,0.8057756185030537
6480,0.32002359005974923
6481,0.1850129920243343
6482,0.543775350622909
6483,0.25422602090442203
6484,0.784985182331391
6485,0.044669986523723004
6486,0.42540854765452796
6487,0.7785880290226876
6488,0.08055910408764755
6489,0.6869791452858537
6490,0.23106325649730475
6491,0.12739389279891733
6492,0.30788685458383913
6493,0.019336247994177436
6494,0.6300224972868235
6495,0.3329088828900948
6496,0.9937111994613984
6497,0.09783934694564322
6498,0.8948842758420368
6499,0.49795774868912823
6500,0.11770071909301127
6501,0.8561173411486968
6502,0.11104556365185225
6503,0.6458592807629719
6504,0.24521756260971372
6505,0.44911754420633043
6506,0.5730199230654361
6507,0.91967545958765
6508,0.284513760487612
6509,0.38769484652829156
6510,0.19959577079121782
6511,0.34362163532750434
6512,0.1258118279219097
6513,0.5480833961454114
6514,0.5592316137890512
6515,0.6233731362154568
6516,0.23035237963790178
6517,0.4323556528541507
6518,0.04142908746895546
6519,0.04025668760753387
6520,0.30946285838805343
6521,0.489142951174552
6522,0.6929740181623135
6523,0.7586734650146219
6524,0.4017809800459199
6525,0.7556064215953351
6526,0.727604010657328
6527,0.6324741705384737
6528,0.14162976114870351
6529,0.287243988576926
6530,0.5338767517623665
6531,0.8139319337481362
6532,0.4033138168471607
6533,0.9670662464376752
6534,0.6654005697376356
6535,0.313055637104693
6536,0.5614340801656713
6537,0.37507368147173537
6538,0.911981144388855
6539,0.04834719400136778
6540,0.22891553502815187
6541,0.0965665309509599
6542,0.8056196919483319
6543,0.19107940244966648
6544,0.74284738098208
6545,0.5615964941163512
6546,0.8302159852368929
6547,0.9949487926912144
6548,0.15423678655640172
6549,0.15041733146828873
6550,0.6362155333877388
6551,0.036304373004461765
6552,0.8174179501988372
6553,0.3766392918496243
6554,0.3989347229262198
6555,0.5720458128324684
6556,0.3420953907670756
6557,0.30023523991797174
6558,0.20496921884577424
6559,0.7188214703102348
6560,0.7686125608379458
6561,0.6081026640537153
6562,0.2360338013724801
6563,0.6947589432350375
6564,0.15785890614460574
6565,0.87828246171939
6566,0.446326058443242
6567,0.47586127392832767
6568,0.20414819045005306
6569,0.6155111211329035
6570,0.9850488848424479
6571,0.589100485042104
6572,0.6523451545540387
6573,0.2884891659355461
6574,0.3258514080423317
6575,0.19635559007053371
6576,0.5146016719675236
6577,0.1479745766615994
6578,0.6184812762273163
6579,0.4653102242138287
6580,0.6243118930312149
6581,0.07072084961326075
6582,0.8840570721199235
6583,0.3785813781837495
6584,0.20693135868199974
6585,0.5007837145061738
6586,0.9298208966736223
6587,0.6942861467422575
6588,0.34008672023369924
6589,0.30384354735519037
6590,0.6612865570263591
6591,0.0888046565068874
6592,0.36541018247418156
6593,0.47867778360821445
6594,0.7605174772189203
6595,0.32551731359706404
6596,0.7921518285582522
6597,0.7826874906281025
6598,0.019463210418872445
6599,0.1904131239302802
6600,0.6533942786712941
6601,0.496042060304297
6602,0.0276363215541926
6603,0.3596488810184315
6604,0.6257735997273614
6605,0.9916863397606305
6606,0.2068744951796735
6607,0.152719006650051
6608,0.3643684619792118
6609,0.5509126291877307
6610,0.6644993180338095
6611,0.36081475701099497
6612,0.22844163829322695
6613,0.005224430408054204
6614,0.18344699904381656
6615,0.10006356442883158
6616,0.24210986545263669
6617,0.322574472619484
6618,0.07873840140946564
6619,0.40584595887111363
6620,0.1676260797433069
6621,0.5813675516899609
6622,0.37787741497387417
6623,0.6396520657272593
6624,0.7761543873400968
6625,0.08470299481994203
6626,0.3824786766727726
6627,0.9777751801591924
6628,0.0023095960563236373
6629,0.458911006771472
6630,0.46890955585361926
6631,0.8237215576042124
6632,0.29022690681057284
6633,0.7760306496963074
6634,0.0022002225633626082
6635,0.49075001776479965
6636,0.31932048829826776
6637,0.8081555296908779
6638,0.40294727879233805
6639,0.06987841961235586
6640,0.7083869649641183
6641,0.013222987540227105
6642,0.33441653958059947
6643,0.4983299977548057
6644,0.7417424111095788
6645,0.3130639129209539
6646,0.10409745447219276
6647,0.8252565367774767
6648,0.009822662159334805
6649,0.873131132451127
6650,0.10649753914801685
6651,0.1257009545485852
6652,0.16622886434189632
6653,0.1483430094763435
6654,0.794779051746132
6655,0.8109813644624532
6656,0.1694679865670896
6657,0.11251762066662319
6658,0.5724806300854771
6659,0.6997069573566683
6660,0.5590398575042429
6661,0.027689866481070413
6662,0.7660882525012015
6663,0.7141902159345912
6664,0.7172595751999199
6665,0.20721322897390593
6666,0.07028270768866407
6667,0.9972844230304165
6668,0.47779723258507945
6669,0.7262427424605922
6670,0.09641737841206155
6671,0.504932263892491
6672,0.5040966585100232
6673,0.12285801341521918
6674,0.3516076447326538
6675,0.8914633385597075
6676,0.6902149262036406
6677,0.7316707998695561
6678,0.8782887916325304
6679,0.310285598925217
6680,0.7899447026679757
6681,0.09653872253725138
6682,0.57754873185332
6683,0.5341480763426564
6684,0.43119220012039505
6685,0.20916915542355852
6686,0.4275265143497434
6687,0.8442831394456376
6688,0.7307033740886183
6689,0.44060323284291525
6690,0.9675886809570229
6691,0.7852919157053381
6692,0.044260617815986336
6693,0.7507365235749796
6694,0.7185377796671676
6695,0.04922065517688312
6696,0.9265572656292239
6697,0.46703886326741817
6698,0.23912749795256893
6699,0.44822579099730075
6700,0.8337804667900105
6701,0.25050581957264073
6702,0.9140927931572634
6703,0.06473980874783591
6704,0.08935708417997279
6705,0.5993240584447508
6706,0.5097969550410226
6707,0.6715050795524558
6708,0.04344592835359795
6709,0.26024236890642527
6710,0.7031446813789685
6711,0.3444015683259323
6712,0.30465467301815063
6713,0.8197769629082461
6714,0.7960630618396903
6715,0.7449909385957723
6716,0.6276254160074924
6717,0.9544051438839146
6718,0.02105699578930975
6719,0.1526430996134447
6720,0.4598882785460592
6721,0.2806898434562929
6722,0.2933593434137636
6723,0.9802962659686755
6724,0.04422048482604102
6725,0.02589787253935405
6726,0.9351448554392382
6727,0.1600900409900825
6728,0.042977282297856134
6729,0.4585452791351088
6730,0.8818905703558266
6731,0.3060647374697537
6732,0.932251450509713
6733,0.8652761532558224
6734,0.2804178828106406
6735,0.4354391922905647
6736,0.9237380669378205
6737,0.12328677894566675
6738,0.06189333649021944
6739,0.18871960155232548
6740,0.22562127335349302
6741,0.17938901303797283
6742,0.03171206699919382
6743,0.717658926584083
6744,0.1619519462716279
6745,0.4553889594119379
6746,0.12038835836937334
6747,0.3655181108771812
6748,0.39746762521546375
6749,0.912985975781743
6750,0.7053167555469795
6751,0.9061421735797124
6752,0.48909633153699983
6753,0.16934164939439944
6754,0.40963324373303345
6755,0.5936784880031222
6756,0.5412451647452091
6757,0.8963054920058232
6758,0.5923777962295912
6759,0.25663082129253956
6760,0.952586329502329
6761,0.1739261682460993
6762,0.4764382645679125
6763,0.8876505123498669
6764,0.7099218407468287
6765,0.5353824272656842
6766,0.6878280530757699
6767,0.43779349969085235
6768,0.3968058823780557
6769,0.6278380403773827
6770,0.7370082320879698
6771,0.9374602254239238
6772,0.8365455473234769
6773,0.960692506356329
6774,0.11588612336485049
6775,0.9894734658470377
6776,0.20030178667017629
6777,0.08090392316204587
6778,0.6568105028490137
6779,0.6734872878209013
6780,0.9738222583623034
6781,0.7710236857723949
6782,0.39265833132593153
6783,0.600105413355775
6784,0.6094543472509426
6785,0.7654187354341299
6786,0.5810980377093661
6787,0.38644067982498886
6788,0.6814581014047238
6789,0.24010150566343114
6790,0.34955124236813195
6791,0.07163112281980244
6792,0.8162301680574803
6793,0.07099909226299395
6794,0.2987968142454498
6795,0.9256329124393534
6796,0.5594096846025053
6797,0.21787991962622655
6798,0.9928871654632269
6799,0.8807294821624935
6800,0.06818027267230165
6801,0.23028506233422363
6802,0.6422605933113189
6803,0.1988031570029617
6804,0.5371779333788922
6805,0.16586076072046485
6806,0.6727055088706357
6807,0.5312361169926768
6808,0.9694322436001992
6809,0.13381327754973282
6810,0.5307212491581217
6811,0.3117238896348954
6812,0.6126887629156766
6813,0.2032555404902069
6814,0.9253924603308462
6815,0.43792181715046197
6816,0.43177138085735767
6817,0.7863250431569317
6818,0.9075182697110807
6819,0.493973762071402
6820,0.7712892283134589
6821,0.14394096349253216
6822,0.25240911127893806
6823,0.6929903137003982
6824,0.9267471088454478
6825,0.11720874437914053
6826,0.13438719368540553
6827,0.9752272371620451
6828,0.09123635919825612
6829,0.042895897284016105
6830,0.5317543354427275
6831,0.22441132095067862
6832,0.29762656768340956
6833,0.6178936933811638
6834,0.3512464366663688
6835,0.9956542146624461
6836,0.22822103150431072
6837,0.865275405155818
6838,0.8752227692976196
6839,0.43758639901883567
6840,0.9973363103790823
6841,0.28280029990752453
6842,0.09106373723041306
6843,0.5671949745085875
6844,0.007471774647274665
6845,0.47416375488813567
6846,0.8368037913632785
6847,0.41970707582608435
6848,0.20399236903377993
6849,0.25565555056791833
6850,0.9138082273681882
6851,0.6622127041301269
6852,0.1613118662750248
6853,0.46319346074949685
6854,0.6145937933454146
6855,0.5051404107654752
6856,0.7850888711009105
6857,0.0062924527236860595
6858,0.2810643499225626
6859,0.5745907120790602
6860,0.5388997537701047
6861,0.10408019694404624
6862,0.17521611012760474
6863,0.7529587230635673
6864,0.5347854850225998
6865,0.6399673709743764
6866,0.8167522208877048
6867,0.5838266818344574
6868,0.31394941658860565
6869,0.5232502936403166
6870,0.13039169545293994
6871,0.27207723249947724
6872,0.6551304024783047
6873,0.0411110011418061
6874,0.0008509340913875896
6875,0.8870724235370634
6876,0.9643288152633764
6877,0.9056126625311302
6878,0.21546156353630674
6879,0.7546578035873579
6880,0.4564680006332097
6881,0.07094386771243155
6882,0.7949861451032598
6883,0.8081747566824035
6884,0.7219775071655561
6885,0.9965507499236119
6886,0.9921171349526544
6887,0.17942040244741364
6888,0.7954124637329603
6889,0.6598240975827697
6890,0.7264679366833113
6891,0.9909005019524253
6892,0.836619250260557
6893,0.3915172929450532
6894,0.9374656204336403
6895,0.8751654761411594
6896,0.7062335771512119
6897,0.936959332947012
6898,0.4622667656054855
6899,0.7132562319172446
6900,0.0040872947231479495
6901,0.5685810818928002
6902,0.7236890661029202
6903,0.3830118824987324
6904,0.867918274172993
6905,0.4850678073045951
6906,0.2825513558389674
6907,0.5494450258696625
6908,0.9055157676783568
6909,0.6824488655741742
6910,0.9500793502054751
6911,0.44761927590082506
6912,0.6584794920331213
6913,0.628393620599618
6914,0.23912317533912408
6915,0.7445755010829299
6916,0.0679916835179386
6917,0.5751241786425939
6918,0.17801495837254
6919,0.18834355939471392
6920,0.9798315439620894
6921,0.3845206691134102
6922,0.5196114364805827
6923,0.6651137863268513
6924,0.4982909198633231
6925,0.7258764390716982
6926,0.026030224674931657
6927,0.6767015465698056
6928,0.3243934975192567
6929,0.8793640969626714
6930,0.14340792022874027
6931,0.030643464003464294
6932,0.060951094485149016
6933,0.5221851640992806
6934,0.21524867124101754
6935,0.7531776942595261
6936,0.055526000248186214
6937,0.23482889816922026
6938,0.8302416213705017
6939,0.04564115892748999
6940,0.7876128168390946
6941,0.11176505924864388
6942,0.8427590095284734
6943,0.7840421779944164
6944,0.21875581157871327
6945,0.4019724555060029
6946,0.4580045603881081
6947,0.393776519048308
6948,0.2110316222337697
6949,0.22615787010324118
6950,0.6906958658686108
6951,0.15155712524575693
6952,0.2819865914440238
6953,0.06302582462809381
6954,0.2181083358351018
6955,0.0378085503217499
6956,0.6983387337955906
6957,0.4044290853520165
6958,0.3776682871885745
6959,0.4856382360822825
6960,0.2612946145776608
6961,0.3603335923014055
6962,0.5909656718148829
6963,0.22452386649310185
6964,0.4619679471787109
6965,0.5749226512792159
6966,0.13809399720366822
6967,0.30696993721716337
6968,0.5522122769361044
6969,0.40125981512628817
6970,0.715994604278371
6971,0.23132178771730783
6972,0.47072371090738285
6973,0.8210460704571974
6974,0.1427693166936319
6975,0.8949279136389509
6976,0.44724588502788987
6977,0.47984029427226804
6978,0.6359084062356114
6979,0.5418335713243694
6980,0.8232501331464647
6981,0.1866400962735223
6982,0.12990463398302132
6983,0.2634846692308641
6984,0.9978133537694148
6985,0.09886441623260189
6986,0.5304518093354886
6987,0.7733807352762815
6988,0.8325961533454587
6989,0.9574246929957564
6990,0.995166900488917
6991,0.552256157687755
6992,0.24078684098213365
6993,0.5198964435330287
6994,0.7360321826115527
6995,0.4766677025774193
6996,0.2723101974598985
6997,0.8220930249401871
6998,0.8291148883827826
6999,0.5506478913184637
7000,0.6015600029756448
7001,0.5135341672340036
7002,0.7821373294385106
7003,0.8870781975855404
7004,0.002011920471588158
7005,0.9736269962839451
7006,0.3441207369729149
7007,0.3991273416721923
7008,0.36768320044168246
7009,0.8443633833288873
7010,0.7367926389405031
7011,0.1789108925947802
7012,0.4080935557579406
7013,0.002726731562018414
7014,0.8031133212364646
7015,0.23628047621942638
7016,0.0830166902934224
7017,0.6607689686845281
7018,0.21909560617157053
7019,0.5490076836798171
7020,0.16120490427020284
7021,0.7901083527645962
7022,0.9819735252211879
7023,0.10749205818689556
7024,0.8414126108723473
7025,0.48978955207771824
7026,0.05141086529764349
7027,0.5213075950418605
7028,0.48192291922342223
7029,0.8914130029311119
7030,0.3403917872037828
7031,0.7574921665765723
7032,0.132306010044691
7033,0.3885032525578892
7034,0.5393588364275438
7035,0.1815223052946714
7036,0.1977700297842594
7037,0.2453408817155971
7038,0.7427964466219795
7039,0.9434909059114109
7040,0.12715529485579868
7041,0.5479399401778472
7042,0.14710377487999615
7043,0.054255836314527905
7044,0.03945707234553031
7045,0.4289064831495769
7046,0.42532275929302943
7047,0.6641924370487134
7048,0.3899317599690394
7049,0.22971641962284906
7050,0.09630330550022281
7051,0.5711577598292013
7052,0.21733853020286964
7053,0.37715051619115414
7054,0.017530338462825257
7055,0.24904205880259833
7056,0.6510028102936444
7057,0.12313781425888948
7058,0.6613553841992168
7059,0.8604208332925896
7060,0.8693689269415396
7061,0.15739584912275373
7062,0.4673326524192285
7063,0.8945636570261328
7064,0.7299262003115329
7065,0.8663863784803301
7066,0.38689301232674456
7067,0.499012664343811
7068,0.8951140528845675
7069,0.4290137108455464
7070,0.6701677039030665
7071,0.4245907720084303
7072,0.7080064803052764
7073,0.6132248157403604
7074,0.4416034931874343
7075,0.5490219980298972
7076,0.5981488937377232
7077,0.8790582026047918
7078,0.6768711887458937
7079,0.7137544731778374
7080,0.9699265919173937
7081,0.06766175696875143
7082,0.18761356341794
7083,0.3181222930830262
7084,0.9460673436570871
7085,0.2285550257603659
7086,0.5650945727783936
7087,0.11776113047139714
7088,0.2706672037455027
7089,0.27610971471285073
7090,0.7084662629270237
7091,0.10882908193670515
7092,0.7569844940686347
7093,0.3035461858281844
7094,0.7334704221276805
7095,0.3665611154142516
7096,0.42640105872088374
7097,0.125830759903792
7098,0.10684190956922368
7099,0.5418418404493104
7100,0.6370701534375911
7101,0.09213067032783129
7102,0.13943224378839747
7103,0.0324427510234675
7104,0.1624086978618533
7105,0.22257752087383142
7106,0.6907030954530314
7107,0.06521464721662573
7108,0.6874065091367177
7109,0.4054284736618601
7110,0.14295372332381318
7111,0.9823291732815804
7112,0.5042690220829461
7113,0.29418427752976095
7114,0.05550517143877076
7115,0.314321644093269
7116,0.612456231292083
7117,0.24577291188754258
7118,0.5692414509599115
7119,0.27827812639555205
7120,0.044454427415527076
7121,0.4131662619022365
7122,0.35662028771018583
7123,0.2458901595699735
7124,0.528971831559372
7125,0.3896228243222045
7126,0.9499454677980209
7127,0.6212291234152575
7128,0.35815414292870407
7129,0.21433669344558237
7130,0.6651238586443668
7131,0.9201287191483511
7132,0.6271131107238481
7133,0.8293922426438064
7134,0.6842286710979711
7135,0.9471815045084812
7136,0.4072089061079942
7137,0.7727252481591473
7138,0.5091859687217706
7139,0.049491467155628355
7140,0.01326224025357714
7141,0.42512346502480713
7142,0.6599743904892813
7143,0.8632725373864257
7144,0.03262315972596708
7145,0.9418441013255289
7146,0.8847605119887776
7147,0.8736172045979286
7148,0.6426697809614524
7149,0.46665806233093166
7150,0.8039939440351594
7151,0.2061741992148175
7152,0.2922915739382088
7153,0.17269329994553684
7154,0.9979818120946059
7155,0.19218128376428567
7156,0.7007509186242198
7157,0.46207226970690385
7158,0.03329528492747569
7159,0.0812635366383847
7160,0.9294283644569747
7161,0.7445426875848299
7162,0.5460097849066335
7163,0.20946480252876398
7164,0.00635613945084601
7165,0.7726499172117556
7166,0.3122986170758142
7167,0.21404057967009382
7168,0.17231152712162923
7169,0.8087963847814335
7170,0.6206329061880054
7171,0.6413007780609618
7172,0.9254372594876188
7173,0.8917990435794444
7174,0.680461234857334
7175,0.9610269373594783
7176,0.2289610081163196
7177,0.01960223306193165
7178,0.9217067779277516
7179,0.2643279757500815
7180,0.9731029671724422
7181,0.2240390588541673
7182,0.2784595953903336
7183,0.9094498227750387
7184,0.8126551577674923
7185,0.09739122586594984
7186,0.5754712485275603
7187,0.15775160622349815
7188,0.071671575274595
7189,0.6123818288046528
7190,0.07805252034992338
7191,0.4718949858560406
7192,0.6145127612603761
7193,0.9391026716959802
7194,0.9212721990958961
7195,0.6074574544884097
7196,0.5027125191105267
7197,0.6503911822531862
7198,0.9249654928310098
7199,0.9909404198840676
7200,0.03309033290941643
7201,0.9695520887636515
7202,0.8031859794404212
7203,0.07500483980227612
7204,0.8001678784089122
7205,0.6626329103436677
7206,0.9057379413575811
7207,0.4577972816726522
7208,0.5033384629781011
7209,0.8373133120106975
7210,0.4837877945192871
7211,0.5263679013803221
7212,0.24435887899595188
7213,0.3304225120641303
7214,0.2876483753828909
7215,0.045663217866664274
7216,0.5830337897602356
7217,0.8426515038424413
7218,0.7703126534981695
7219,0.2465856395657713
7220,0.5863096890166372
7221,0.4904306563186217
7222,0.816553922941589
7223,0.35347992310443066
7224,0.03659695107178362
7225,0.887275812020253
7226,0.6702804280820993
7227,0.181858460291778
7228,0.20570415784288953
7229,0.39819985495841004
7230,0.47638823383809803
7231,0.3303001411894396
7232,0.515670451497592
7233,0.8924502501972857
7234,0.6299607074796252
7235,0.36952915010205045
7236,0.8604430801914634
7237,0.6957230509751808
7238,0.5937238482776799
7239,0.5165181655683301
7240,0.08783704982779417
7241,0.5929351375771147
7242,0.3982592780045563
7243,0.550329044229736
7244,0.12406502085485194
7245,0.7861775563450255
7246,0.511956046432504
7247,0.8309305574875996
7248,0.20681225961996874
7249,0.9380841609554054
7250,0.5781846933471785
7251,0.07568570568769728
7252,0.31371767053148614
7253,0.9826849075363608
7254,0.6133341193864991
7255,0.4197470517935571
7256,0.9156914153497794
7257,0.3612846182579472
7258,0.7471457605830735
7259,0.14626508127159066
7260,0.6971596958273482
7261,0.4914397470593961
7262,0.42462924149771397
7263,0.23160918076596182
7264,0.9874558514466668
7265,0.12361935198725194
7266,0.2034918996672911
7267,0.37741132644530573
7268,0.13112037413508404
7269,0.9353244742031871
7270,0.9103813907255212
7271,0.4381927803188038
7272,0.49240069537378117
7273,0.062090597485205845
7274,0.8393728661673138
7275,0.7804875379727914
7276,0.3932889451979221
7277,0.4770872644449199
7278,0.6593617967637132
7279,0.46557903681351176
7280,0.27319039405026013
7281,0.29748544306828173
7282,0.5173130080204525
7283,0.9945310307798504
7284,0.48992567874270676
7285,0.05579741994643972
7286,0.9386954162712939
7287,0.30597089609181893
7288,0.039825376734111906
7289,0.07228576139578391
7290,0.17113460410957881
7291,0.6341564070254356
7292,0.36798608245702413
7293,0.9173000411235398
7294,0.7932735643458988
7295,0.32083683954135045
7296,0.9861158023069724
7297,0.6664987982984153
7298,0.017438759451183006
7299,0.4630882491956728
7300,0.9103238748211734
7301,0.29596034754661504
7302,0.9268663899548353
7303,0.615363154243292
7304,0.5830436415285783
7305,0.36582710326906576
7306,0.9569236106658625
7307,0.4306161702220942
7308,0.6343862397528434
7309,0.6370853691266053
7310,0.643393385358318
7311,0.3060427782278984
7312,0.8647414812341482
7313,0.5936035405045852
7314,0.38844558190812106
7315,0.32227435956820105
7316,0.11368474100259596
7317,0.6102424918486375
7318,0.7826074429363074
7319,0.42246579425806874
7320,0.9156608489950072
7321,0.12553565027562685
7322,0.4878892941940417
7323,0.6424258070755656
7324,0.5696041113586421
7325,0.8894943101135161
7326,0.6840334556820059
7327,0.8250331309934056
7328,0.6621259107223453
7329,0.3442434721645401
7330,0.27258379648439135
7331,0.3499613429124586
7332,0.40817814421593035
7333,0.8268074735048399
7334,0.7109360507704452
7335,0.8268423644400448
7336,0.925136396120809
7337,0.8147971587996189
7338,0.9622775748290449
7339,0.9498614395544964
7340,0.32096178425648536
7341,0.3923070592813428
7342,0.575205794432731
7343,0.6905461963051508
7344,0.4647056707987084
7345,0.7877690285240652
7346,0.6320068128511475
7347,0.5958702789757002
7348,0.14539511899153923
7349,0.17131443072996289
7350,0.31328722906159256
7351,0.9624750040550563
7352,0.07621034800886484
7353,0.9602512377161883
7354,0.4771072314160162
7355,0.43596125319483015
7356,0.8468798639039168
7357,0.8314761480110388
7358,0.13398400883193773
7359,0.8117443998973642
7360,0.5107033625017567
7361,0.3231270948370465
7362,0.10837922915508758
7363,0.5922277384495735
7364,0.7803315057970145
7365,0.8856745156316406
7366,0.9716191028062517
7367,0.12318852111207512
7368,0.3967840003617261
7369,0.04867645966913714
7370,0.6357439833950753
7371,0.8876696096443666
7372,0.6872630688813101
7373,0.3887091359837431
7374,0.7599238559888623
7375,0.9966129432217729
7376,0.0011220393704661769
7377,0.8280558103309531
7378,0.3262716168691412
7379,0.7470664703996838
7380,0.23704086020441117
7381,0.2018204046609119
7382,0.809598136696598
7383,0.7673881686428226
7384,0.8112204908685796
7385,0.7573401366239354
7386,0.09586204588877312
7387,0.882878415861076
7388,0.37761754897409416
7389,0.21966451309804047
7390,0.567566961199128
7391,0.34586475633419766
7392,0.709869774356372
7393,0.6946186119788744
7394,0.850107453234751
7395,0.9935585575302799
7396,0.7995639300224364
7397,0.14154897217739004
7398,0.7626427949568991
7399,0.5668995383859755
7400,0.5631812409527487
7401,0.3372456456248537
7402,0.16073298083378662
7403,0.17305194118042166
7404,0.05759950627300581
7405,0.8053498249492415
7406,0.7439484279843109
7407,0.8567286077597106
7408,0.7041431300491428
7409,0.16778600305867497
7410,0.735959019803195
7411,0.5578519315361047
7412,0.10867295331553428
7413,0.9051223496053218
7414,0.9023171026611102
7415,0.627864204667689
7416,0.4196412197940792
7417,0.23792410321097457
7418,0.09760052569801925
7419,0.8059994989169776
7420,0.9667530778577011
7421,0.014040632123223706
7422,0.4793612869850442
7423,0.10603578759806576
7424,0.41853904190035507
7425,0.5806127945543348
7426,0.4291006602659261
7427,0.01722348307915822
7428,0.9878447676074753
7429,0.9258042603917458
7430,0.7723731077370296
7431,0.400680898855856
7432,0.6894901814229618
7433,0.7097683764592927
7434,0.340254641197698
7435,0.03968651395923961
7436,0.6223145170960157
7437,0.9480837452747801
7438,0.747787289865463
7439,0.22798738863031542
7440,0.5558103014414209
7441,0.39021473111914784
7442,0.5465005296476357
7443,0.7240594904541099
7444,0.4867171546095599
7445,0.9123162612058817
7446,0.6921146879122538
7447,0.35231884144511394
7448,0.6123338257392731
7449,0.4553767219453412
7450,0.7920308389451477
7451,0.007449577630151638
7452,0.5855655117472683
7453,0.023491401158192926
7454,0.9793343960672807
7455,0.507532541522545
7456,0.2787995061250137
7457,0.1106995141332282
7458,0.3416952127779528
7459,0.6340792221810695
7460,0.9728883211260253
7461,0.09440033852282237
7462,0.21023699873390966
7463,0.27694333478454236
7464,0.7660041259559528
7465,0.07897341024737947
7466,0.8943973411830519
7467,0.218986997005574
7468,0.7180275967729453
7469,0.7605517645166886
7470,0.8930837091964431
7471,0.20753891898324384
7472,0.7232676775003638
7473,0.35307597503219945
7474,0.3882870970027985
7475,0.5083120568268941
7476,0.13117372655215542
7477,0.35872452862265436
7478,0.9404893510638984
7479,0.18062872821572873
7480,0.3151639520324607
7481,0.8072783417082806
7482,0.24997869257854355
7483,0.1647904229110695
7484,0.1905144905439351
7485,0.9856764147755284
7486,0.4133076100840487
7487,0.3959673292624606
7488,0.7570180166999549
7489,0.06273967673265379
7490,0.16953784957962792
7491,0.719880101573746
7492,0.3196512669387145
7493,0.7016783105821579
7494,0.02286034397999137
7495,0.5903596187513713
7496,0.544245748733179
7497,0.1448563753287675
7498,0.11873586274303749
7499,0.9281541983036383
7500,0.5050169383291315
7501,0.04990052927536981
7502,0.14855783939243428
7503,0.6725528206034685
7504,0.4767644427890656
7505,0.5976627863227764
7506,0.4582750842102168
7507,0.925514972525134
7508,0.8252487276907973
7509,0.980144498972855
7510,0.9392329417135517
7511,0.7286978986682412
7512,0.0525304210213815
7513,0.9991017766569732
7514,0.4733186956586549
7515,0.06099703563643344
7516,0.9914233105026428
7517,0.5703767176214433
7518,0.45900402274897034
7519,0.019789430833063282
7520,0.42840116945650875
7521,0.1832707471881192
7522,0.7189489921540744
7523,0.007866902523575692
7524,0.5330356805066168
7525,0.04371621836509809
7526,0.7148299959022736
7527,0.9530194928093334
7528,0.04332054824784537
7529,0.1030841611668406
7530,0.5155929737435347
7531,0.9824621044111832
7532,0.4114567308107999
7533,0.6155729545542656
7534,0.7616533303200376
7535,0.9279200892164283
7536,0.17701665109231846
7537,0.9114260153205236
7538,0.6264242471491316
7539,0.8056069161573313
7540,0.29555522243611676
7541,0.5001009596293442
7542,0.20895919013419806
7543,0.8546041335567958
7544,0.20457909251008255
7545,0.5483267785773366
7546,0.41791321337237974
7547,0.04958951320552152
7548,0.41214764922290736
7549,0.7843974193260598
7550,0.5289325210024439
7551,0.3047968906588412
7552,0.4454133154310441
7553,0.7742655997733134
7554,0.6681537597839832
7555,0.11090324122416129
7556,0.5312465781942654
7557,0.1986952389926171
7558,0.9784073091128059
7559,0.7386253730248429
7560,0.08100079496575419
7561,0.24822925918601002
7562,0.07812567561224593
7563,0.3700963576587827
7564,0.822684554489393
7565,0.06675554834442066
7566,0.16535719938920312
7567,0.2674452436822521
7568,0.6240803016413002
7569,0.9746834478583918
7570,0.8227320656705545
7571,0.2009265169060389
7572,0.7100628066747386
7573,0.5563877522380456
7574,0.49162786519733737
7575,0.9083858070043304
7576,0.588129755949194
7577,0.13720967479296886
7578,0.16496779055647837
7579,0.9219734138855231
7580,0.08020519581616115
7581,0.13791411041737967
7582,0.6531136838100272
7583,0.22433741140043484
7584,0.8260991034111457
7585,0.41600647787135625
7586,0.48239981278803856
7587,0.12863815767692355
7588,0.028163609753353414
7589,0.7592362322417372
7590,0.07398970375480485
7591,0.6401590204338349
7592,0.537531451344345
7593,0.5184905463875858
7594,0.29968502216307435
7595,0.7560286356710962
7596,0.40061355138469223
7597,0.15125457180975566
7598,0.05604314037767222
7599,0.342547995787465
7600,0.6080549794500912
7601,0.22032209319154272
7602,0.7422047933730614
7603,0.10872581326500796
7604,0.47196475724831066
7605,0.5367042533245971
7606,0.8210120962669403
7607,0.11794768295781599
7608,0.00167499407382099
7609,0.5337097117512868
7610,0.15072507218414544
7611,0.5716933663458366
7612,0.03290280575943039
7613,0.49067501956104187
7614,0.39074000582160706
7615,0.15624738243717706
7616,0.4678472413688216
7617,0.47716940830353094
7618,0.06788143433830562
7619,0.6769077928446383
7620,0.9136999730901166
7621,0.6134427335030938
7622,0.6271912945576285
7623,0.7484030553398741
7624,0.9360706086069424
7625,0.9824770099875554
7626,0.4926848752549474
7627,0.9450078340440055
7628,0.35924264062264355
7629,0.7276448018535098
7630,0.9367956851643142
7631,0.01623277738115958
7632,0.9205432422211861
7633,0.8850501127176501
7634,0.20548580262251048
7635,0.40971359974666854
7636,0.12291964328588456
7637,0.7471868070268448
7638,0.7774135601794165
7639,0.8809419204310185
7640,0.4414519606716867
7641,0.6300614901694244
7642,0.8436475202595983
7643,0.09337831724815804
7644,0.1191581675877671
7645,0.817784653379687
7646,0.44196947371348594
7647,0.8028693878272374
7648,0.0001503810808555217
7649,0.11502807960773354
7650,0.3683432643678146
7651,0.39765720059567466
7652,0.8337578807060013
7653,0.5097824983290283
7654,0.9179645340523743
7655,0.4246977056919615
7656,0.06696385261630333
7657,0.4579620447204654
7658,0.4110087837148637
7659,0.5494572519173974
7660,0.6398291539559243
7661,0.058904470442266765
7662,0.6175294326584521
7663,0.1322736703059394
7664,0.4318131838784951
7665,0.8923301730765345
7666,0.13383652807049606
7667,0.20875950660893228
7668,0.42301876341829303
7669,0.0603938712493397
7670,0.2862766139163948
7671,0.07746912782586235
7672,0.4770436210737763
7673,0.5733787248278139
7674,0.7492823555021945
7675,0.9232393801200276
7676,0.43762089411999383
7677,0.6278099516269031
7678,0.060068290891644116
7679,0.4753138283200081
7680,0.8700073629596982
7681,0.5922786870825657
7682,0.3751014129982331
7683,0.08924627034682198
7684,0.4985858788649463
7685,0.9187033173373461
7686,0.07389422816593028
7687,0.5308714190246837
7688,0.42632328547379517
7689,0.7594638594043187
7690,0.1511504764453302
7691,0.1711952773615818
7692,0.7160043512962876
7693,0.6799575134724469
7694,0.5176827935162682
7695,0.004558070912777268
7696,0.8556647760152495
7697,0.9873976729273946
7698,0.6674442074141516
7699,0.9332279456145661
7700,0.7578146029737168
7701,0.684161923204092
7702,0.35126349593570294
7703,0.07965966509987554
7704,0.03217089088584668
7705,0.4505615335624683
7706,0.4595357416106378
7707,0.38618524324164494
7708,0.02992301438932965
7709,0.19934523688195405
7710,0.13651449970910867
7711,0.012738601599584398
7712,0.61913356412323
7713,0.09894596464814098
7714,0.14838953551695877
7715,0.09911316292865135
7716,0.7646654092051192
7717,0.8833784034832107
7718,0.11879402978137432
7719,0.6156649333921375
7720,0.619688644588005
7721,0.28132649058419446
7722,0.5885132250313013
7723,0.43328174921197604
7724,0.10764524936298536
7725,0.9582470662659534
7726,0.678635442534158
7727,0.9539595101794939
7728,0.15102330739273728
7729,0.7941536782722405
7730,0.42062581782364206
7731,0.9296861468665312
7732,0.6869909570545776
7733,0.147165443003356
7734,0.03247457793369091
7735,0.12562224175887826
7736,0.7126897771616185
7737,0.010541814088031343
7738,0.47826450020005506
7739,0.5530533233767334
7740,0.8122675819649324
7741,0.4465948502605501
7742,0.005486695265095598
7743,0.21878217961517876
7744,0.04755429323161631
7745,0.9809524049213444
7746,0.638422334817243
7747,0.0019200277026085733
7748,0.038529194501316644
7749,0.22552203308868868
7750,0.7788555215010241
7751,0.3990191854596101
7752,0.505362510583972
7753,0.8725087754752454
7754,0.891242926958027
7755,0.4278382133647214
7756,0.7601594776395537
7757,0.23417580926270898
7758,0.17518639955310866
7759,0.9762942865808434
7760,0.6382010106193713
7761,0.6572874626922024
7762,0.8778378808585963
7763,0.02703440199086471
7764,0.2858883878680828
7765,0.7191700166517864
7766,0.4546231906286585
7767,0.9428689595535121
7768,0.45057449641905456
7769,0.12703221804242948
7770,0.9073002661518127
7771,0.00511677256246168
7772,0.7587634947029133
7773,0.00833765821962984
7774,0.4632150465449535
7775,0.20554669993922936
7776,0.9516628537634972
7777,0.3967404960101454
7778,0.030952824149164226
7779,0.7767943733625651
7780,0.31658394868727635
7781,0.6394583400919814
7782,0.4052280525104782
7783,0.4385140917009186
7784,0.2637964426722006
7785,0.7883326084240687
7786,0.46372049013781824
7787,0.03961749637798717
7788,0.9447671695782256
7789,0.49692078362284753
7790,0.4859719474528652
7791,0.3464506554000285
7792,0.635147835490334
7793,0.4015426058450853
7794,0.7494793492947598
7795,0.8765825736691525
7796,0.4897314647662553
7797,0.652552325035033
7798,0.2955369928315479
7799,0.6254027980267506
7800,0.6352393935449648
7801,0.5119749249585483
7802,0.15984605796805995
7803,0.7253098669155484
7804,0.3196641096326529
7805,0.38821479040104034
7806,0.8515438522483644
7807,0.6811250540905461
7808,0.08267089712495146
7809,0.5653790884974231
7810,0.08692011440846348
7811,0.6454564902537542
7812,0.39465231216070285
7813,0.8129989571441045
7814,0.7801788184163113
7815,0.9997083787749268
7816,0.29917027275270824
7817,0.1750787957639922
7818,0.18531823838407757
7819,0.5989189866917287
7820,0.3345441510782494
7821,0.9068548298993514
7822,0.07935625069645547
7823,0.7648168119193938
7824,0.4897106450304053
7825,0.6374334360110081
7826,0.5878242445497605
7827,0.530258603924154
7828,0.6983473549683819
7829,0.5457063387858249
7830,0.9224716976726163
7831,0.5516775858974375
7832,0.9196657324166433
7833,0.8063350777087678
7834,0.8475478567542102
7835,0.8972874741926584
7836,0.20255642284496533
7837,0.3425546179070398
7838,0.8993739525756794
7839,0.14921479152104644
7840,0.49014489217417845
7841,0.10474854827767222
7842,0.1525468065803165
7843,0.5888892858237462
7844,0.3961015156013953
7845,0.4236921256217083
7846,0.5081314517534994
7847,0.6607279119966054
7848,0.49932947442047826
7849,0.34177238897718165
7850,0.1928084747221367
7851,0.4644731374458051
7852,0.37555302845440586
7853,0.8154452418390502
7854,0.01529718548743031
7855,0.5703977871139715
7856,0.6184592649841587
7857,0.9878965440788878
7858,0.885364217460648
7859,0.5175672725256517
7860,0.28851545262171285
7861,0.010184999111731652
7862,0.24078077846325374
7863,0.8474353888201575
7864,0.9732562419318459
7865,0.7010542416851191
7866,0.6038542081976763
7867,0.6062341315908941
7868,0.6499076291368068
7869,0.0017891186466393316
7870,0.36995840383505574
7871,0.3292788221150674
7872,0.9779331891052493
7873,0.0007266990280656582
7874,0.7363447169766438
7875,0.405286911723989
7876,0.06476037453442773
7877,0.36095286079373134
7878,0.12784881016904182
7879,0.03735996350614057
7880,0.6834530622886044
7881,0.0246845740460655
7882,0.011964104010368959
7883,0.4259840245161579
7884,0.13056534990059865
7885,0.4461276154296798
7886,0.36603431791414687
7887,0.10227735303949215
7888,0.6397071759897133
7889,0.6497221862985756
7890,0.6446779033824701
7891,0.8646300100613867
7892,0.006773740742448187
7893,0.027735020978141622
7894,0.5231652859821224
7895,0.46601552804166146
7896,0.9905674753000676
7897,0.3575360696491846
7898,0.3891041943763601
7899,0.8357063692402803
7900,0.6230921783639061
7901,0.07107512099836855
7902,0.05765929484178456
7903,0.5285518029873957
7904,0.39677235182614723
7905,0.7354313313501692
7906,0.6280621845770293
7907,0.00030653721113726995
7908,0.01687765732910229
7909,0.8397144865253494
7910,0.16458518012381196
7911,0.5695955176189952
7912,0.9404968097628994
7913,0.9666066444882597
7914,0.8442527360701255
7915,0.8889232509645644
7916,0.9050587502953149
7917,0.07655580980737575
7918,0.8572428210697111
7919,0.41573212723775066
7920,0.04266565437241543
7921,0.5331711001256049
7922,0.11670404555174552
7923,0.07911447068794097
7924,0.4675788186125023
7925,0.3147689857552386
7926,0.8813176805938523
7927,0.3155908434566782
7928,0.822576301171341
7929,0.004891214783275033
7930,0.9492085347753272
7931,0.05432902461921196
7932,0.2628833546030487
7933,0.024886569354063526
7934,0.9593549381073782
7935,0.05168511831346656
7936,0.3490030415868719
7937,0.6638402984142887
7938,0.32201579661091073
7939,0.007486740575623263
7940,0.24057253304867254
7941,0.7146926466686183
7942,0.37827842782121157
7943,0.8202853381328061
7944,0.738979971363975
7945,0.5859865738966199
7946,0.09447532514937307
7947,0.9819994092904568
7948,0.5206728568976877
7949,0.260179284890805
7950,0.602134638525865
7951,0.7067798196054845
7952,0.46750449834738483
7953,0.6418309829052995
7954,0.10804011817474501
7955,0.8740655510817306
7956,0.6807251313804429
7957,0.7729869603729297
7958,0.113735060275717
7959,0.5193026825970628
7960,0.6925947805409707
7961,0.5222828495120234
7962,0.09920899455986665
7963,0.06065919135061715
7964,0.6160162356561034
7965,0.7968912629599297
7966,0.996629040896845
7967,0.5682174775507112
7968,0.22949734716671344
7969,0.40507656383690027
7970,0.10663964979177842
7971,0.41387066897635094
7972,0.8401672799469233
7973,0.39019971189142544
7974,0.05173357580937632
7975,0.1659114207960405
7976,0.6696777028320435
7977,0.6912255146949213
7978,0.19804174958288956
7979,0.810141542177507
7980,0.28085563188731344
7981,0.5557152336108252
7982,0.3077056422307657
7983,0.6931170191388768
7984,0.3756751148481693
7985,0.7618069228193889
7986,0.48342609665307357
7987,0.6402702336839451
7988,0.926053137760096
7989,0.435344781000944
7990,0.5506449751292676
7991,0.18911778954883895
7992,0.6934322631602173
7993,0.212707448722407
7994,0.6899582074866997
7995,0.9231834303432086
7996,0.9413008892605711
7997,0.8018281854336542
7998,0.5391445965928688
7999,0.8372185288299436
8000,0.45775969986338594
8001,0.37691770173244865
8002,0.7023351294557564
8003,0.20732410502995158
8004,0.07427953947672472
8005,0.3660266251190525
8006,0.34063534472196755
8007,0.1205241030781643
8008,0.8545622958463828
8009,0.6681477881082082
8010,0.025791163489568558
8011,0.5401595571077851
8012,0.1538031869501718
8013,0.5112201367466628
8014,0.7712525593729496
8015,0.41305361606506075
8016,0.5968648886858996
8017,0.546438929059197
8018,0.577605859758019
8019,0.47811713451065774
8020,0.1670319648584453
8021,0.24161426951295872
8022,0.8940493466169496
8023,0.7382064873596962
8024,0.9828658385565364
8025,0.0541300762443897
8026,0.3165721045203135
8027,0.9592876905305316
8028,0.4393788109066712
8029,0.6043374463328397
8030,0.5697414392632383
8031,0.14068940320214574
8032,0.7311042985282442
8033,0.05831259847690784
8034,0.537962891491907
8035,0.5526377842181323
8036,0.20184845040245625
8037,0.7504242255351292
8038,0.8961768162502534
8039,0.9790679995575177
8040,0.026816936139631098
8041,0.3097249068149077
8042,0.9248238134265128
8043,0.05050540703018791
8044,0.27202519358396193
8045,0.533388554333809
8046,0.7401971393745764
8047,0.22805642055749087
8048,0.3003441878136395
8049,0.19453842922889464
8050,0.44306205432869494
8051,0.5043460496663599
8052,0.8992269707006961
8053,0.7707543804378596
8054,0.7153450506039616
8055,0.5726697581573001
8056,0.3285802025685609
8057,0.07007694030832023
8058,0.2588076050071827
8059,0.1946872590241575
8060,0.22789727877967048
8061,0.22677488117967992
8062,0.43054668154594455
8063,0.3807148796679184
8064,0.33704676264489986
8065,0.881237571488412
8066,0.2027374145751648
8067,0.16365367219373272
8068,0.07600289463660703
8069,0.9248601554759083
8070,0.19434630454148905
8071,0.5722679850530409
8072,0.37371781933671333
8073,0.5552997507340152
8074,0.6425663387203792
8075,0.8400770297768483
8076,0.5072630329555733
8077,0.32724071153938583
8078,0.18107992370685477
8079,0.606817021438821
8080,0.1320043883479326
8081,0.8558071523066291
8082,0.027789487979944516
8083,0.8452998423285716
8084,0.2192466218671657
8085,0.48785784403596755
8086,0.730520702872745
8087,0.7841668388952904
8088,0.40177978929262703
8089,0.49945475886570123
8090,0.02957265812830301
8091,0.3440260592129478
8092,0.2615788478540556
8093,0.39006907411033287
8094,0.3008933703196306
8095,0.15973980365010065
8096,0.9417303183978337
8097,0.4292788343518219
8098,0.6378027120433184
8099,0.926761136197114
8100,0.5724738148502333
8101,0.1269991650499218
8102,0.7885813568575684
8103,0.774664071973963
8104,0.40460974049830967
8105,0.539393624701515
8106,0.42488600466941107
8107,0.2242444538698284
8108,0.7629217108076792
8109,0.7444350262996592
8110,0.6470558919140595
8111,0.45564049055385714
8112,0.46480603267866016
8113,0.2984438484276204
8114,0.2657245905522362
8115,0.8489713968220118
8116,0.8593742224137987
8117,0.015344877949039715
8118,0.7196063468648528
8119,0.3299221136991314
8120,0.9193473436971171
8121,0.24212015317306534
8122,0.3354031390498091
8123,0.7473360944969714
8124,0.07409936006876505
8125,0.7080390468155598
8126,0.6746788236766706
8127,0.3040216458895896
8128,0.7127693188239723
8129,0.9029247042368763
8130,0.8039412207555995
8131,0.5178423426461387
8132,0.13244550206714323
8133,0.8923392334821268
8134,0.48971807942851087
8135,0.4078775292509511
8136,0.5477531785693859
8137,0.21354762568755992
8138,0.33619115780060105
8139,0.7355055430439783
8140,0.563474382067065
8141,0.7622788552038207
8142,0.761964602041976
8143,0.7535793984909569
8144,0.14418861865248833
8145,0.6502014511487749
8146,0.4801799250683584
8147,0.062090952324820536
8148,0.8350537825118439
8149,0.2197151746522431
8150,0.012940277262959099
8151,0.6434368864569616
8152,0.17210531223439973
8153,0.061706672830906806
8154,0.9337709367297483
8155,0.14847859879073877
8156,0.5200493316392439
8157,0.3672992915086717
8158,0.04474059783233686
8159,0.3143537687618483
8160,0.35047038665549135
8161,0.4934376869786188
8162,0.7067345745006033
8163,0.9999779517807228
8164,0.5185712700486484
8165,0.9427531170098192
8166,0.527450973414806
8167,0.5936823175827851
8168,0.13906702914905145
8169,0.5708257973971729
8170,0.2605620176323269
8171,0.27404842679221
8172,0.4338776561656029
8173,0.6537382678940806
8174,0.617329719619644
8175,0.30627564914549543
8176,0.028751621937363137
8177,0.2440465801236763
8178,0.4528310478371793
8179,0.9095154269922683
8180,0.6103628490268846
8181,0.877507924654258
8182,0.5940274431601962
8183,0.4431674360009399
8184,0.32858180876967724
8185,0.9700932119220378
8186,0.4782487095531993
8187,0.3592466881268579
8188,0.9077281976837613
8189,0.8118643591135153
8190,0.5887394715110805
8191,0.5660642343822392
8192,0.49735061846741235
8193,0.09631765224583888
8194,0.6874972146658489
8195,0.37553353714145876
8196,0.017022276385247337
8197,0.7260556872527095
8198,0.1293070124737269
8199,0.7979166408736159
8200,0.25956557625440335
8201,0.586407621340146
8202,0.569764119012666
8203,0.17687017865102783
8204,0.43903734992196475
8205,0.8190376676003631
8206,0.9719797205894927
8207,0.018165086873526137
8208,0.1466541830127922
8209,0.6174395712728543
8210,0.0025131063050649605
8211,0.7579900174323452
8212,0.5830129087841193
8213,0.672864540041511
8214,0.6242408941663337
8215,0.5990137899303929
8216,0.10241239250712186
8217,0.23522474818799377
8218,0.4639174423486503
8219,0.3343904959811964
8220,0.7830605269926757
8221,0.6752730014334624
8222,0.31147037642672415
8223,0.9510892379357336
8224,0.6442419357714808
8225,0.8466251671559423
8226,0.9045852878729909
8227,0.19763325637926965
8228,0.39773119362984655
8229,0.060968957108272215
8230,0.1478211423998027
8231,0.5874662404772718
8232,0.517133204295892
8233,0.43752344205247906
8234,0.7169623896698697
8235,0.26590655390465057
8236,0.4144470974202402
8237,0.9382162707107199
8238,0.5670903363551346
8239,0.6814334990813108
8240,0.7454971686236133
8241,0.4467143435791229
8242,0.43080945391621883
8243,0.47020433726389455
8244,0.8620196996051985
8245,0.3636156156207938
8246,0.8852820636230296
8247,0.0409168324028516
8248,0.2528351598754377
8249,0.8973888178425896
8250,0.9327709877037801
8251,0.20767491859763765
8252,0.21715976367492285
8253,0.7542459125940583
8254,0.36146543942078124
8255,0.20565587861589218
8256,0.2272353924061279
8257,0.30418425833096796
8258,0.8329879457801033
8259,0.4563776588479357
8260,0.12708861207970024
8261,0.37153607779513387
8262,0.3231677929228034
8263,0.07610170408872008
8264,0.8232915357311602
8265,0.7313505482406292
8266,0.4355620985088634
8267,0.7015428561830827
8268,0.33870940871345345
8269,0.9358360142997616
8270,0.5007817163687025
8271,0.11120292457453174
8272,0.47518193428434385
8273,0.3601307939534796
8274,0.03410418998043918
8275,0.34970979761909404
8276,0.9763408177929684
8277,0.2596493653841313
8278,0.7240027708123329
8279,0.15413984555745996
8280,0.1693204844998507
8281,0.29649097016052184
8282,0.014614720515555124
8283,0.48364536416188053
8284,0.9698255037310617
8285,0.2815309114449155
8286,0.6698275620640939
8287,0.8442811144113628
8288,0.9394560179124195
8289,0.02532633220456304
8290,0.8451184246110158
8291,0.08139958627039601
8292,0.3133866714029834
8293,0.7426521103683333
8294,0.3682395866397635
8295,0.05651562509318031
8296,0.7432450113749436
8297,0.5567660756835467
8298,0.4652602412158462
8299,0.4135568891047511
8300,0.6281556708815809
8301,0.9170496212584899
8302,0.42045967095058534
8303,0.3876140806742273
8304,0.36126682956680733
8305,0.19919071480051598
8306,0.8327631978128611
8307,0.23016157765452105
8308,0.554411585465911
8309,0.781341396814989
8310,0.02579448099906001
8311,0.5035141059239047
8312,0.4022183543389827
8313,0.07278304989232875
8314,0.8187243585789759
8315,0.4029862463057321
8316,0.3727027081362557
8317,0.673416842555037
8318,0.44347637284764774
8319,0.3720841154267758
8320,0.5624416130817604
8321,0.3612358113412887
8322,0.7536367849199698
8323,0.7582851937053959
8324,0.755040576337117
8325,0.7903457689795522
8326,0.5434725562463806
8327,0.8200676824471941
8328,0.26848357559923564
8329,0.9143941608352177
8330,0.4020363383929828
8331,0.5302157678808871
8332,0.16624515731612033
8333,0.03504399745847253
8334,0.09175484460432448
8335,0.0021782325955088666
8336,0.7706258117670909
8337,0.7596322224024388
8338,0.41675662449265305
8339,0.6086338598883906
8340,0.15004428264856584
8341,0.8445494834679399
8342,0.6210661075880134
8343,0.35236623536044775
8344,0.8562891173064321
8345,0.7106284804099873
8346,0.41827703548497885
8347,0.36312148540987244
8348,0.20151513124368703
8349,0.17478877130070403
8350,0.45148407639573584
8351,0.36997573339844403
8352,0.061387903029676005
8353,0.3101490324992514
8354,0.13373941274340873
8355,0.8020842826887445
8356,0.47821613698674303
8357,0.1841494189402184
8358,0.16143146799340846
8359,0.8186325613506471
8360,0.5567887460799094
8361,0.5029166929179038
8362,0.44799901634211137
8363,0.7445022908100495
8364,0.5503180383061267
8365,0.11932613890893451
8366,0.06945752761946133
8367,0.2678733327553571
8368,0.9732639930325714
8369,0.08167300339049
8370,0.5379903722625174
8371,0.9208591927772872
8372,0.07685647915872529
8373,0.1902584407232143
8374,0.6209882239396364
8375,0.013831372461680869
8376,0.9262517964239801
8377,0.10736093235439403
8378,0.060426297664411766
8379,0.19222975212350135
8380,0.6103448635397801
8381,0.9410637475902468
8382,0.47907491579296335
8383,0.5352699095170208
8384,0.44308033103083666
8385,0.5363473283730771
8386,0.2693527465590003
8387,0.6949268157229955
8388,0.7099285853633247
8389,0.5208410323043317
8390,0.8595083868750176
8391,0.6607967871652503
8392,0.4934955089422475
8393,0.8421132609864196
8394,0.584320546851955
8395,0.07600243310729549
8396,0.8026081067644807
8397,0.8455903388181225
8398,0.048076096154417436
8399,0.7704158719475585
8400,0.9808588710857735
8401,0.7907331077229514
8402,0.3978794562599788
8403,0.7177293639412117
8404,0.292174220375387
8405,0.6577465844009773
8406,0.5175209486562324
8407,0.662227407428941
8408,0.41383578997582815
8409,0.15416755408644356
8410,0.4210430439060491
8411,0.47740911847182876
8412,0.6778617515894295
8413,0.2845136955685824
8414,0.6456507764029659
8415,0.23383749483744698
8416,0.7649086776791715
8417,0.7221115994544708
8418,0.11774830724293639
8419,0.592654903863343
8420,0.0880500269296034
8421,0.9691243185508291
8422,0.3392396282439475
8423,0.020261149647881282
8424,0.5036150487320212
8425,0.12186266862307837
8426,0.6509428121267115
8427,0.7310060859393762
8428,0.8592659733128383
8429,0.8886435019297769
8430,0.3094495362992712
8431,0.3577597425009572
8432,0.9744728953406346
8433,0.4339218223185809
8434,0.4047058662834764
8435,0.9253606319140601
8436,0.18730232982211725
8437,0.4740757745008791
8438,0.4854259740541623
8439,0.7425282586935402
8440,0.4354135024668393
8441,0.8632221120549012
8442,0.6702469813222248
8443,0.930967532572797
8444,0.26202118844280853
8445,0.8124025081584713
8446,0.11677320895906751
8447,0.8019300984260431
8448,0.8487292395469763
8449,0.40659648306540375
8450,0.7000138364418992
8451,0.9687024546738258
8452,0.18493390251599462
8453,0.6181409582708755
8454,0.047430530757854195
8455,0.33860367502622923
8456,0.1411867841262725
8457,0.5367829916339966
8458,0.6032158565616197
8459,0.9894057680301244
8460,0.9668024850188633
8461,0.8826613406922584
8462,0.5674812846565113
8463,0.8860628513473452
8464,0.3549178171573638
8465,0.2009312518302503
8466,0.5260453870306901
8467,0.5312092983356967
8468,0.9100716390471303
8469,0.005736247522081794
8470,0.8555514527618717
8471,0.6082354968686869
8472,0.9396444968033004
8473,0.7452159320928667
8474,0.36625945108514557
8475,0.6347991567673523
8476,0.36971966412973833
8477,0.9215654830951199
8478,0.01968475821641391
8479,0.5547901377629766
8480,0.507331391153335
8481,0.19013956312456426
8482,0.4281466618894747
8483,0.2968920253769294
8484,0.6704098416639245
8485,0.7531287282576931
8486,0.7713956880272157
8487,0.39435192492219784
8488,0.19138935814886393
8489,0.2940501096744905
8490,0.534734109946715
8491,0.6153026101008355
8492,0.7948729777373728
8493,0.7197363915118421
8494,0.17436990659146667
8495,0.7439909887728533
8496,0.11511070454877259
8497,0.9177544728074384
8498,0.6897700594466297
8499,0.11191336648993921
8500,0.8365778506635564
8501,0.6784189146034054
8502,0.7118971267547511
8503,0.48742887585568184
8504,0.6047052148098895
8505,0.42811362231276373
8506,0.5675095574879805
8507,0.789791162570454
8508,0.19976441132893785
8509,0.8758960400101374
8510,0.3060090380522952
8511,0.14756650864257181
8512,0.6345490613013687
8513,0.5244097492996973
8514,0.2915334893053786
8515,0.6281707217233395
8516,0.7143518740441027
8517,0.27258800776898173
8518,0.11664084046240897
8519,0.5103051171476589
8520,0.2829793171046294
8521,0.3252251409904433
8522,0.49396892209741117
8523,0.7312004656425184
8524,0.014959980176729504
8525,0.47821737170388356
8526,0.12349014168125105
8527,0.8532278234114884
8528,0.25977674881794666
8529,0.40400343446097586
8530,0.04742344874946969
8531,0.14914278580668794
8532,0.0017897903222204858
8533,0.3600353092902223
8534,0.8106878069171878
8535,0.5757784452359002
8536,0.8399061454250207
8537,0.175458300743361
8538,0.6773415530010388
8539,0.7458575638933894
8540,0.344000885990569
8541,0.11429768112828564
8542,0.7422027566274956
8543,0.5214705259831743
8544,0.46973132370381665
8545,0.8371100396988319
8546,0.49290612729697925
8547,0.29497545938416925
8548,0.74843172804215
8549,0.269847187616026
8550,0.2762854881517588
8551,0.2087347894616437
8552,0.10338732384796467
8553,0.8015755960684138
8554,0.7006849342056006
8555,0.3832131853984496
8556,0.7249844688446831
8557,0.961245776803728
8558,0.46624859503030014
8559,0.4882853565390033
8560,0.5290607545129347
8561,0.26656018045561114
8562,0.24800405985025753
8563,0.488384722249826
8564,0.5007304610270199
8565,0.2892819734951687
8566,0.5823129334842699
8567,0.770791354853164
8568,0.6895786361732062
8569,0.1471084714567048
8570,0.642391769949142
8571,0.0034182894903084238
8572,0.3926967668741066
8573,0.4610278491530294
8574,0.7955567869219886
8575,0.8800938929819454
8576,0.7181977236280052
8577,0.7752522499295468
8578,0.9316137924063105
8579,0.4845471479506448
8580,0.2797202151512297
8581,0.3701408855266072
8582,0.42862384209706783
8583,0.3161532482858075
8584,0.3037141387862903
8585,0.9826898437391616
8586,0.9923268910729559
8587,0.6429280915576341
8588,0.8097938358061602
8589,0.7211448533472536
8590,0.6821117267052523
8591,0.14650819130172266
8592,0.13672180725388472
8593,0.8858398626534033
8594,0.01426712722868484
8595,0.6797638790481366
8596,0.8047853385485436
8597,0.7179130382090444
8598,0.14440926258548847
8599,0.6405039957765954
8600,0.12348677213218584
8601,0.4622472784020454
8602,0.6548325231064823
8603,0.37187004718762673
8604,0.5172458364113759
8605,0.946954550384964
8606,0.31038964791618595
8607,0.17500990396814686
8608,0.9075651158169935
8609,0.4832537045192272
8610,0.49635659913351526
8611,0.9535625932362365
8612,0.2678076662183211
8613,0.7964776764925207
8614,0.560155936858109
8615,0.6900177636004038
8616,0.47064361801020427
8617,0.3838588355861746
8618,0.14406019030878947
8619,0.9875002011733409
8620,0.7272010973905964
8621,0.45506949219874215
8622,0.49291773543489437
8623,0.0002538427120237774
8624,0.02960750665656109
8625,0.8075766434735141
8626,0.046169695452446424
8627,0.7717126098675047
8628,0.7133640594559716
8629,0.6793239327912491
8630,0.5445057688422141
8631,0.34732818812409905
8632,0.9725981195284027
8633,0.9107375610052394
8634,0.47431493159099913
8635,0.17541996596965548
8636,0.2345775913424153
8637,0.014016172954511075
8638,0.872275252160261
8639,0.36341387539859527
8640,0.48581989826652505
8641,0.5264532551877934
8642,0.7931332898155337
8643,0.6151297098740984
8644,0.06928096473784862
8645,0.3770959726977873
8646,0.45626853325518213
8647,0.718236005730783
8648,0.7840425850033875
8649,0.0051627460408377734
8650,0.5986644995315266
8651,0.029745050676528884
8652,0.8354551855354682
8653,0.2400393600798757
8654,0.33313122503113235
8655,0.23294141723552442
8656,0.8677729268257635
8657,0.3006844959304221
8658,0.7421213218529115
8659,0.6129686757191167
8660,0.862721484258292
8661,0.19776114073697992
8662,0.5172215789933108
8663,0.8336702063047016
8664,0.6105980328662264
8665,0.012254802849643642
8666,0.25356409269701075
8667,0.684347652297286
8668,0.6115891059690928
8669,0.8964826252185294
8670,0.9255180551897967
8671,0.8003155673310133
8672,0.18363899749141843
8673,0.3719960887561181
8674,0.9646856107067925
8675,0.4838259025307803
8676,0.33399872277202314
8677,0.9619974416065554
8678,0.6995192226288048
8679,0.6964425334558979
8680,0.41236457262036874
8681,0.09351259710820614
8682,0.9834955123785776
8683,0.0848008796462012
8684,0.6659688181097813
8685,0.051109278935717484
8686,0.014322947414984855
8687,0.009938385230199076
8688,0.9424344947671277
8689,0.4621620120672052
8690,0.6020297225214872
8691,0.1413207372094223
8692,0.487732869694225
8693,0.518803383866771
8694,0.1526434429682969
8695,0.45802669183254396
8696,0.8865180972974642
8697,0.5751978860245204
8698,0.18595334755385184
8699,0.9553213956530466
8700,0.8928473437480909
8701,0.9270067847489804
8702,0.7809171396208071
8703,0.5613596613774997
8704,0.7757678959493021
8705,0.6194136325088634
8706,0.005694455545791288
8707,0.1162821254650872
8708,0.10954564537564748
8709,0.5538631814657797
8710,0.695735028173654
8711,0.939352552826076
8712,0.9012276238851848
8713,0.5978344286727952
8714,0.5712136033619153
8715,0.06831468751150127
8716,0.7712115591828013
8717,0.26595898914725136
8718,0.9179163584864721
8719,0.22120556323361595
8720,0.6963224086569129
8721,0.11229353621667482
8722,0.49388246571293526
8723,0.1489808967677504
8724,0.8426854305573911
8725,0.6140071031041104
8726,0.9772403349001437
8727,0.1410245275670753
8728,0.8561011007567504
8729,0.7343101497347094
8730,0.3872128540644427
8731,0.017902218193430963
8732,0.7359684709773223
8733,0.09814793418941747
8734,0.8089433739512141
8735,0.7984940338830323
8736,0.21572720353263686
8737,0.9659086402299667
8738,0.7929019188469978
8739,0.6045899677506547
8740,0.734951339580822
8741,0.46831372456815645
8742,0.09284703510753611
8743,0.636930253844748
8744,0.4162285314871601
8745,0.9788579058458184
8746,0.06334502512893636
8747,0.1605119793977191
8748,0.900349693232387
8749,0.486992568587834
8750,0.19313545091651974
8751,0.3126668642147765
8752,0.07629994632051162
8753,0.6339111208117176
8754,0.9200805449433547
8755,0.5701980246906341
8756,0.6419818600408308
8757,0.29280436872670645
8758,0.7084189994916866
8759,0.9151695232300504
8760,0.04637189464627711
8761,0.2172808398687779
8762,0.9366288747695951
8763,0.8049731940035949
8764,0.07025724913943643
8765,0.23293203225933856
8766,0.36519397578720614
8767,0.31929083101471556
8768,0.0512678188889929
8769,0.1707166479112041
8770,0.2823699003693988
8771,0.1531336484409902
8772,0.8274517024327495
8773,0.5204124310685608
8774,0.22144732280894275
8775,0.8477247108436786
8776,0.7606666604386912
8777,0.38627736921801903
8778,0.8412092042989702
8779,0.6374485716956162
8780,0.6234594182963505
8781,0.10391812552088908
8782,0.4082047705046157
8783,0.07141436966438719
8784,0.4009127323084788
8785,0.05944802088975709
8786,0.19287689617853554
8787,0.45638101251302
8788,0.618082118444323
8789,0.1809676264338217
8790,0.08239353082750722
8791,0.8737206661300637
8792,0.08345433418587145
8793,0.5687203990394377
8794,0.7912524072172847
8795,0.16754064922844125
8796,0.6463167497812035
8797,0.7306220042616672
8798,0.7071913262976368
8799,0.051709724737052376
8800,0.6415886654779202
8801,0.15711613223869303
8802,0.30196625628654206
8803,0.9288137115834862
8804,0.05223154428810739
8805,0.8617286533658497
8806,0.551227556101778
8807,0.03132319197314837
8808,0.7539965308580378
8809,0.8575020733587638
8810,0.4575515688396411
8811,0.7918391920933697
8812,0.9104708302046571
8813,0.5682297079875795
8814,0.9166911122190889
8815,0.41697496269786716
8816,0.81186514599179
8817,0.7806659994287771
8818,0.7189298724112906
8819,0.41144604400336493
8820,0.46822691126571014
8821,0.20939432142865433
8822,0.2780863407769709
8823,0.6822601545069943
8824,0.32543872713100164
8825,0.724296305407186
8826,0.6244104504634144
8827,0.35646361304438734
8828,0.16761829619601543
8829,0.31975308560166515
8830,0.3652297580884811
8831,0.6457821807710579
8832,0.06182213086310062
8833,0.8661150078234247
8834,0.6253002047869388
8835,0.053177579847562995
8836,0.2514558620791316
8837,0.15060628937270004
8838,0.5818405664085198
8839,0.5690164765071568
8840,0.3642069712757404
8841,0.759776958731249
8842,0.061772162099467565
8843,0.827369776958597
8844,0.8885281244099439
8845,0.1858760651920962
8846,0.9404443432251408
8847,0.732365168198075
8848,0.8934457881415959
8849,0.7914818548296316
8850,0.06791203905463561
8851,0.24689347408061246
8852,0.8508865941513848
8853,0.04808632478210251
8854,0.7092088774562483
8855,0.681345447228896
8856,0.4440115694019078
8857,0.574825444931224
8858,0.26053405450416967
8859,0.5906591111837101
8860,0.6880821119954665
8861,0.38562012959709413
8862,0.14802934624802033
8863,0.944954368666915
8864,0.989503804132868
8865,0.06991916698787926
8866,0.05565250954341383
8867,0.3626774933936199
8868,0.9394692397340764
8869,0.3799676475420992
8870,0.2288128467286611
8871,0.976218959209763
8872,0.23355557808658933
8873,0.6846808512972973
8874,0.11170953740974121
8875,0.6321409691879095
8876,0.14495237621070012
8877,0.27870595349685323
8878,0.4364992923788219
8879,0.7650168691715116
8880,0.5551584261460473
8881,0.18007566693278154
8882,0.7548978409278595
8883,0.6377241128336434
8884,0.019226256345041937
8885,0.06559892271922085
8886,0.09211699400236217
8887,0.2495063048224061
8888,0.276719829013773
8889,0.677488200856146
8890,0.6503286467185433
8891,0.8720031787161235
8892,0.8153145154178744
8893,0.7885508924724373
8894,0.588906530828652
8895,0.10663266827984974
8896,0.687748540306587
8897,0.30232149549534915
8898,0.7833947504052112
8899,0.36668678381336683
8900,0.13440603493984915
8901,0.6053084105884367
8902,0.8828054173379951
8903,0.17585811748426394
8904,0.29442591652592576
8905,0.2644339828630371
8906,0.7822771643733395
8907,0.15217931462761736
8908,0.44038964166644023
8909,0.3766028316470219
8910,0.7693308950685244
8911,0.4394125075594404
8912,0.24890540953586549
8913,0.0806164382353517
8914,0.4858194004183264
8915,0.2490169006764994
8916,0.6855068058840488
8917,0.24008313521328806
8918,0.5369912105024833
8919,0.6365696495208154
8920,0.9006777411892609
8921,0.9053849090933398
8922,0.6684984765537452
8923,0.2134259636279049
8924,0.060224961170894264
8925,0.7522174496771509
8926,0.35997977024708094
8927,0.12067743538888176
8928,0.8352319054893486
8929,0.537065033051735
8930,0.9490123042930529
8931,0.5788743725986764
8932,0.9512802779403462
8933,0.5485307739752071
8934,0.17198800741894893
8935,0.9639699430759436
8936,0.08980043677436733
8937,0.1826541733828273
8938,0.9959028845432593
8939,0.7785968231988495
8940,0.8408268168912795
8941,0.47148588090902
8942,0.3786796505915807
8943,0.27151720492568865
8944,0.05383401391495157
8945,0.047317375603935896
8946,0.327988086267369
8947,0.22387709040603043
8948,0.6667890038534903
8949,0.16962090227893978
8950,0.9090506076078746
8951,0.9677265435014816
8952,0.47489222471485404
8953,0.05111624790366176
8954,0.17063443142709944
8955,0.26717506448700723
8956,0.8759779881289649
8957,0.8882689614246793
8958,0.9662970930929833
8959,0.26264565159205244
8960,0.1758215997013448
8961,0.5248278190377262
8962,0.34435854673098343
8963,0.39813136810302485
8964,0.45239095436744536
8965,0.06090085137125756
8966,0.32459966283186537
8967,0.7432129406113913
8968,0.4786581239052524
8969,0.7654908105186318
8970,0.6723394293308977
8971,0.9411588278738626
8972,0.690350322630357
8973,0.5595493036359868
8974,0.15717147643104956
8975,0.9211057016544514
8976,0.9967201460711459
8977,0.8424777109023028
8978,0.09347907000571931
8979,0.11142240670621806
8980,0.3649154523290039
8981,0.6960233142540155
8982,0.8269044720048088
8983,0.18081523617243356
8984,0.6252403777532134
8985,0.1595664825969223
8986,0.11210404661350326
8987,0.47097228148152137
8988,0.86104388934984
8989,0.6277056636173689
8990,0.6815436504157774
8991,0.3931661504096161
8992,0.26688036607219967
8993,0.9320964797806524
8994,0.4114084718393064
8995,0.5134045028121704
8996,0.07222201323094601
8997,0.06915139007142301
8998,0.758063978354994
8999,0.9320060016442544
9000,0.6366954067608843
9001,0.900045570113815
9002,0.7739527407318965
9003,0.1288653547505909
9004,0.06665736611578021
9005,0.9420892991594211
9006,0.16160410142125703
9007,0.6291561652063442
9008,0.2357656600509107
9009,0.5155481303817444
9010,0.48752389907301175
9011,0.7187292963814044
9012,0.8205372927310569
9013,0.9988548372374765
9014,0.20852768200297056
9015,0.4366634728579739
9016,0.3760083972612792
9017,0.033794317335105295
9018,0.23682702366773567
9019,0.546448771244214
9020,0.8769433979156692
9021,0.3137977171002909
9022,0.7014227841198686
9023,0.9400977637523189
9024,0.17936689149066876
9025,0.1085705844184266
9026,0.9865377746695222
9027,0.05002589107697786
9028,0.28100706487069904
9029,0.8693397812757618
9030,0.27542025436413153
9031,0.1755308378387871
9032,0.7818311826883816
9033,0.7257041046364968
9034,0.10777282854360704
9035,0.5017920812331048
9036,0.8934767534227626
9037,0.42406623468674265
9038,0.22217531027078996
9039,0.694386494245736
9040,0.2279417647849723
9041,0.9079541252593242
9042,0.4188206982617767
9043,0.48778538175984776
9044,0.6945055891758002
9045,0.35951571324148346
9046,0.9420408106811912
9047,0.27290794765504056
9048,0.9657423441828165
9049,0.38820498523694624
9050,0.780304629329556
9051,0.8099893980401779
9052,0.6210317248232896
9053,0.811871264065675
9054,0.5907448297694615
9055,0.6023474066410743
9056,0.14067727955521614
9057,0.890464061784756
9058,0.15400389005191972
9059,0.5053657847664323
9060,0.31834143156516803
9061,0.2885230604901684
9062,0.16963259828246657
9063,0.5477918867372337
9064,0.8445396910017742
9065,0.4969209115796922
9066,0.35989838179209854
9067,0.9271108372019317
9068,0.13384950842568977
9069,0.4803191682350396
9070,0.7614111231660892
9071,0.8979232938584131
9072,0.9277803906599386
9073,0.11200466588415847
9074,0.5405448864929129
9075,0.2115255459458113
9076,0.17716864038822733
9077,0.8655977532013993
9078,0.36907360471708284
9079,0.1060636121594688
9080,0.21825413429688234
9081,0.38090955055738296
9082,0.6496511366112048
9083,0.6242267978904175
9084,0.924500794219179
9085,0.3152938469612392
9086,0.39711027352524575
9087,0.2830756663452093
9088,0.11659723707897873
9089,0.9609691424883493
9090,0.09604528219601416
9091,0.4727738072861688
9092,0.5700101217245139
9093,0.7002072639956227
9094,0.27207083262969434
9095,0.5160697779776896
9096,0.38764959010899336
9097,0.09695807609048779
9098,0.120507503961639
9099,0.4036816062633286
9100,0.003524075779978264
9101,0.024970328686211296
9102,0.053264541525232634
9103,0.76540206276886
9104,0.8893977289762243
9105,0.9042670974229603
9106,0.008123047091950553
9107,0.6541857888305913
9108,0.28642515889235676
9109,0.06987947985329335
9110,0.10375645593905147
9111,0.06673307135339346
9112,0.5502675826254548
9113,0.30687566409158773
9114,0.16627715989860148
9115,0.1454761419338988
9116,0.8394109332879723
9117,0.022550746693250412
9118,0.49525735053998055
9119,0.07274137973193817
9120,0.14595279476685596
9121,0.4652939636618951
9122,0.20689791613047848
9123,0.6366946514625068
9124,0.3789830413110945
9125,0.7844797386810023
9126,0.6578946323998183
9127,0.9779149111649892
9128,0.35703639795049635
9129,0.4461536416747168
9130,0.6681983620560101
9131,0.42208169673005536
9132,0.23905689694088839
9133,0.006677226361860855
9134,0.27560589270155356
9135,0.8641966211531821
9136,0.589539109371334
9137,0.0046501901375032295
9138,0.7879273177119627
9139,0.015611654854522428
9140,0.9531696437561403
9141,0.5138097699119081
9142,0.9080919475542168
9143,0.8859257403805855
9144,0.8852667083553886
9145,0.37580221866405583
9146,0.18587828536626294
9147,0.3511910058118878
9148,0.1342766030296556
9149,0.8343923273733485
9150,0.5685903492360286
9151,0.24858238970139523
9152,0.8199825696812275
9153,0.4608855367383945
9154,0.01087947120886179
9155,0.1532967531102648
9156,0.42175626048790416
9157,0.0776113591112898
9158,0.6433494928125858
9159,0.19732636111238067
9160,0.5941109395136212
9161,0.009417367750834682
9162,0.1448006684225307
9163,0.3259312601244091
9164,0.08768196182355836
9165,0.9835321958202987
9166,0.2320172715280583
9167,0.898685133602342
9168,0.686368243582622
9169,0.9585661107544534
9170,0.9104956189625174
9171,0.8786611200972521
9172,0.5777732367043467
9173,0.9646424140335215
9174,0.18082008271965422
9175,0.45419224721488194
9176,0.7811265044047067
9177,0.4835118476074919
9178,0.9944223915711786
9179,0.7331482498314879
9180,0.20635544440398845
9181,0.811395644153952
9182,0.887461848565025
9183,0.5394171628836234
9184,0.9905401892940907
9185,0.5359034687974848
9186,0.7731310281464184
9187,0.32402863635140233
9188,0.23882995115274186
9189,0.7837604758050785
9190,0.19297055786770612
9191,0.28392987000796255
9192,0.3682153342682435
9193,0.6245071392346396
9194,0.34223628636321657
9195,0.32092526409306743
9196,0.44306433261891
9197,0.44978197982798007
9198,0.02096677037785144
9199,0.31647638672871736
9200,0.46966250970668677
9201,0.23548875366383626
9202,0.47700414879884356
9203,0.56928865492071
9204,0.8395183719720458
9205,0.774746325211698
9206,0.25662847272991773
9207,0.12872332908919626
9208,0.0012970503169400516
9209,0.3986190209512187
9210,0.8553650198579635
9211,0.16139289589205064
9212,0.28671962583024124
9213,0.543202726225152
9214,0.5938182545143235
9215,0.5472262325117234
9216,0.0025362271463302832
9217,0.7707167719534188
9218,0.9003024475226163
9219,0.25277886428534946
9220,0.1332162517160571
9221,0.7684658162893137
9222,0.7300326974115938
9223,0.7930487456647983
9224,0.9189439789872554
9225,0.04424079455943797
9226,0.5370332293031123
9227,0.7890738693061556
9228,0.5012340253503839
9229,0.5521422895385487
9230,0.566623123184881
9231,0.010389553165235488
9232,0.9042885346449084
9233,0.21078767617572924
9234,0.025458097763114584
9235,0.6334389308178681
9236,0.5601739936405676
9237,0.127759270929393
9238,0.9982946962907085
9239,0.3914949511059418
9240,0.2659941154532637
9241,0.10119690363929223
9242,0.5345372807416643
9243,0.16427566725969467
9244,0.14567542456781513
9245,0.7275081493956391
9246,0.0668606748700058
9247,0.7131517980840856
9248,0.06964525484696948
9249,0.3943135710323292
9250,0.1249385149191179
9251,0.9846587069805864
9252,0.23624568516213873
9253,0.36446222355851454
9254,0.21133118601331224
9255,0.5438840560279873
9256,0.9222684176785777
9257,0.48265854168897027
9258,0.7421331710376631
9259,0.3548886015779006
9260,0.28238925163972217
9261,0.09859926508683425
9262,0.9698988339325522
9263,0.3785122022862024
9264,0.8736130074936066
9265,0.6196964419878921
9266,0.6782125115007157
9267,0.4572666684620845
9268,0.3272456569776191
9269,0.4736900395487663
9270,0.7663802113155566
9271,0.9120944270224823
9272,0.4952912000852284
9273,0.5308626974392378
9274,0.7324581568338829
9275,0.959346395655921
9276,0.6578224633835791
9277,0.8500482861638907
9278,0.404118111422921
9279,0.1794867559042166
9280,0.704714712489314
9281,0.24506421805655465
9282,0.8858342792830699
9283,0.07872360668151168
9284,0.4759333573110235
9285,0.436388290533235
9286,0.8623541774685988
9287,0.9687863178111644
9288,0.953626237748492
9289,0.054929794868879944
9290,0.990766196445363
9291,0.6679666937826362
9292,0.2522862286684242
9293,0.3770439370208023
9294,0.8886976516389528
9295,0.9160526585322486
9296,0.12188949088717016
9297,0.1433154588376654
9298,0.04419551194957827
9299,0.3938464547178008
9300,0.34513558944404155
9301,0.6727148113303552
9302,0.161645048831348
9303,0.7969778795863464
9304,0.5801479561799301
9305,0.11100837284295817
9306,0.8968525732662435
9307,0.8494267323948729
9308,0.7540991376779106
9309,0.479741375610947
9310,0.6103793335550584
9311,0.1977749806115
9312,0.7597988896787502
9313,0.6939448712276175
9314,0.7989117043909169
9315,0.9378961643597646
9316,0.8888679577555587
9317,0.8954042167418692
9318,0.4299915855282447
9319,0.7885984055785605
9320,0.9695786737949442
9321,0.2660792704153987
9322,0.7652020694677131
9323,0.24311812266162458
9324,0.285315599955133
9325,0.4276825940320801
9326,0.4421600461679469
9327,0.7008001318215836
9328,0.10474023097394747
9329,0.8416255399937209
9330,0.13612730324678368
9331,0.02557655975117079
9332,0.4031957165084854
9333,0.7750602624758776
9334,0.34842366813783865
9335,0.850288131594316
9336,0.6633700347689979
9337,0.708899214095682
9338,0.5169184411399473
9339,0.5893905798069966
9340,0.1637955945843692
9341,0.8874988942129712
9342,0.4257593922706495
9343,0.4388942425497333
9344,0.6784721861138236
9345,0.8883938625098229
9346,0.7440448071360446
9347,0.44134778493716187
9348,0.4623776121927027
9349,0.27835564296024573
9350,0.05839198281428171
9351,0.9396846091491251
9352,0.09962278082764398
9353,0.2705258386124908
9354,0.9474484882606938
9355,0.5777750029569707
9356,0.8530698061861244
9357,0.6951248505479409
9358,0.046403490026523664
9359,0.1498208494351111
9360,0.11753796251998272
9361,0.48128343938476337
9362,0.8164096260062703
9363,0.718184370936021
9364,0.20713915004476013
9365,0.4168063779347638
9366,0.6982985901212432
9367,0.8943867029384468
9368,0.916124221689426
9369,0.5046331627690697
9370,0.41620128614869256
9371,0.651726395001568
9372,0.6625524211746231
9373,0.9732820151512229
9374,0.4980547701201966
9375,0.5376142964320749
9376,0.45918087307770494
9377,0.7170699509972162
9378,0.33523642315111823
9379,0.03566226093763125
9380,0.556155837645375
9381,0.28128818267820255
9382,0.7480036204190365
9383,0.17176427624285662
9384,0.8451048612754092
9385,0.7609097283506078
9386,0.3765947460082171
9387,0.1722492974052292
9388,0.8551797148374833
9389,0.34169628033055754
9390,0.10415078188869376
9391,0.5081069584832658
9392,0.04031971282691127
9393,0.16079682190640054
9394,0.13240634638613358
9395,0.4989599042284931
9396,0.32823640556413847
9397,0.7246758006355264
9398,0.10817724738699208
9399,0.30566194190549223
9400,0.29869784518373177
9401,0.7472893489869201
9402,0.8797745721007132
9403,0.4927147538324036
9404,0.5616771527188963
9405,0.796897569279368
9406,0.8712095485621896
9407,0.7637300020077148
9408,0.2589966473982016
9409,0.07296841220548733
9410,0.2109193464676048
9411,0.6195663622431564
9412,0.5488869663286656
9413,0.5078247549493193
9414,0.0731817957508969
9415,0.4108695159744803
9416,0.026189230877432967
9417,0.6533901984266143
9418,0.24587031031185713
9419,0.7070497102418313
9420,0.5322478029088877
9421,0.054173991135630595
9422,0.13921378186530908
9423,0.9117775052127015
9424,0.8757848893687658
9425,0.8157541438521558
9426,0.571152702008119
9427,0.3601892931921826
9428,0.9587639456581911
9429,0.909440800351104
9430,0.0170273180163093
9431,0.12106611758660657
9432,0.5430492413500665
9433,0.6905252812965472
9434,0.464838562806713
9435,0.18206680053493607
9436,0.42028055670208153
9437,0.2053617584267019
9438,0.8042008177054999
9439,0.5422228349102486
9440,0.40885253869226057
9441,0.1416661472026417
9442,0.5144381148622968
9443,0.566390343967602
9444,0.6531047402573416
9445,0.7055550198166712
9446,0.041827756993647824
9447,0.3777971872924477
9448,0.37203767252657216
9449,0.17049166682019368
9450,0.32221792412676376
9451,0.04413780818978985
9452,0.4621432362792548
9453,0.5138191723765522
9454,0.4892029663046038
9455,0.14198408321098854
9456,0.10586501566523909
9457,0.7591643703550733
9458,0.7488755393831442
9459,0.2969643696090861
9460,0.6800279541215725
9461,0.9415149861917714
9462,0.8390239024374421
9463,0.2954185677784714
9464,0.13323043071569052
9465,0.051227864888909735
9466,0.5037283328014841
9467,0.45753630807231827
9468,0.7511383511597314
9469,0.7683539357930849
9470,0.06997875106882168
9471,0.9714316516592102
9472,0.2579141534751709
9473,0.37410232493044826
9474,0.5762870315572597
9475,0.03828261947910072
9476,0.7128841963106377
9477,0.19219985065795375
9478,0.9169990681458956
9479,0.2467383875067788
9480,0.4133076723815575
9481,0.2243251234723831
9482,0.6460990709221115
9483,0.3773027040721587
9484,0.2391751455191512
9485,0.8439213436472515
9486,0.7029451131818514
9487,0.4716486751971126
9488,0.28593539490262965
9489,0.872293101773714
9490,0.41938381517386525
9491,0.4653967324844476
9492,0.19199301758067777
9493,0.8339204285560079
9494,0.5499050733841443
9495,0.6568977456075188
9496,0.41881722979588254
9497,0.019377383377478852
9498,0.3005118174825214
9499,0.020672162768216262
9500,0.02992853784415561
9501,0.985128432791089
9502,0.09474670808123387
9503,0.45099688864702103
9504,0.8387194910662528
9505,0.4215503877734813
9506,0.2487523001922184
9507,0.41400158056548275
9508,0.8238888668700193
9509,0.04489142321743722
9510,0.4887778270884723
9511,0.1935059698474656
9512,0.060269329430576724
9513,0.7855544775545138
9514,0.014482516673197332
9515,0.41495794661882845
9516,0.5455027774805835
9517,0.17288373272634172
9518,0.8994566543551437
9519,0.40868057742286934
9520,0.18210379745244198
9521,0.6111795744112251
9522,0.6394486915256936
9523,0.38867142640200136
9524,0.031468363242337705
9525,0.6616459697257192
9526,0.23776663077013016
9527,0.14992559120605253
9528,0.8209371403156026
9529,0.5042414087765527
9530,0.4479297563062652
9531,0.7548422375247255
9532,0.4706892105659205
9533,0.6118398498689395
9534,0.40624059208858465
9535,0.887522275159751
9536,0.5655656392036023
9537,0.902511052586284
9538,0.8988295696002742
9539,0.7585707312910012
9540,0.5480512878507985
9541,0.6542195949395485
9542,0.22208485650437804
9543,0.9191273577995159
9544,0.8597359212033944
9545,0.7871432870428984
9546,0.02548102291980936
9547,0.19452715158150224
9548,0.9166974149125464
9549,0.8090539283319442
9550,0.8461596224101573
9551,0.4045695005342558
9552,0.25637473038523284
9553,0.8906978163756316
9554,0.37295532375353824
9555,0.29887057810891804
9556,0.3008623131749587
9557,0.8824323884889848
9558,0.17693005363437064
9559,0.8329573395347234
9560,0.4775677328529646
9561,0.26114374347779346
9562,0.5842312371591082
9563,0.27899148605705193
9564,0.514888678311065
9565,0.6136758221686612
9566,0.5830238257656611
9567,0.81623726912984
9568,0.6187668020845626
9569,0.22063950261845644
9570,0.2948931317672898
9571,0.4021777318327482
9572,0.7694873364661847
9573,0.9041824442900739
9574,0.02453235549924082
9575,0.9934181481119853
9576,0.4914620240703613
9577,0.13174401805704705
9578,0.5654416888696837
9579,0.4585333472605315
9580,0.04932154355627438
9581,0.5776242920288147
9582,0.9315711630704225
9583,0.4726306180364911
9584,0.22920267373712577
9585,0.6709404700174622
9586,0.2676254882771689
9587,0.9151910455123704
9588,0.4770456085275405
9589,0.784554488041158
9590,0.04913755476944037
9591,0.7324888605306695
9592,0.14797611904615893
9593,0.21771787324758152
9594,0.8613083900711783
9595,0.1239251436437675
9596,0.2947107214374729
9597,0.3699072333579746
9598,0.9100105680484606
9599,0.14288963858048642
9600,0.6169349704188017
9601,0.20290776383196452
9602,0.28880894655049794
9603,0.44506003743382583
9604,0.5472265773689182
9605,0.1753736368261336
9606,0.5955219571058655
9607,0.6072443852451421
9608,0.4085352753968343
9609,0.20072014024813267
9610,0.3339272763631298
9611,0.0980365916611744
9612,0.7448377539035795
9613,0.01461730000575412
9614,0.3317908347898485
9615,0.9243405121611575
9616,0.18751931673001931
9617,0.5235155439345927
9618,0.14924498962236055
9619,0.9497684048196244
9620,0.8205794722964377
9621,0.3126254748582792
9622,0.7519458576474624
9623,0.5673522449386201
9624,0.2216522796342928
9625,0.13438714558027431
9626,0.24924475095234633
9627,0.6289905943939565
9628,0.9547749574008123
9629,0.7768752956418665
9630,0.9034608705232715
9631,0.19407845732723517
9632,0.9145893784418926
9633,0.08468197901247165
9634,0.9441868810604047
9635,0.14121565405818193
9636,0.36152989581654305
9637,0.3455554268573605
9638,0.3298570205612522
9639,0.7366154636363081
9640,0.8394719841694713
9641,0.57047337922255
9642,0.5460750485695911
9643,0.2613079464954976
9644,0.9033250756690082
9645,0.5647773395652105
9646,0.4113122512158963
9647,0.5594992742665101
9648,0.10446669744979842
9649,0.11143429543971739
9650,0.9272852916117267
9651,0.21855573863444933
9652,0.27028114518762203
9653,0.5572422378193798
9654,0.4868619690962419
9655,0.5557328345185013
9656,0.36542913503996866
9657,0.40521526583151846
9658,0.168798873482096
9659,0.4970171181447759
9660,0.422956118263508
9661,0.9400837459389365
9662,0.1297872310020428
9663,0.6157404304327131
9664,0.9665260483367275
9665,0.09796177402526407
9666,0.7211185289200491
9667,0.865516035762507
9668,0.33223298159832404
9669,0.5693634277517539
9670,0.08963013452683499
9671,0.3370566484372812
9672,0.24883144851050565
9673,0.685368027887296
9674,0.055687777108057834
9675,0.4832289968692376
9676,0.5538458407345603
9677,0.9312546296616131
9678,0.9211221898986898
9679,0.006593067302652633
9680,0.5810310349524278
9681,0.3997882115110888
9682,0.5362561239941516
9683,0.6496000624812095
9684,0.27437673346499014
9685,0.7611507496384398
9686,0.9205195086520304
9687,0.8887860765626086
9688,0.755342840131744
9689,0.5244565841376937
9690,0.48519253015400154
9691,0.744998636858183
9692,0.7727301159951613
9693,0.012119398988346464
9694,0.03782784522452176
9695,0.47756009682187195
9696,0.8663563994746342
9697,0.2150063548973551
9698,0.1435767642427045
9699,0.933162251530168
9700,0.8911123404844952
9701,0.2686742754454652
9702,0.8402849903572105
9703,0.7570101357040042
9704,0.9953910419916492
9705,0.16337437035372215
9706,0.8973936225997661
9707,0.056980353894929725
9708,0.6730646464822502
9709,0.6691578048892857
9710,0.9156939494387595
9711,0.22787552386699672
9712,0.17163240471436858
9713,0.5135113983499342
9714,0.9525717420841997
9715,0.27886601948897216
9716,0.7966649546812798
9717,0.3199421524255449
9718,0.2551218314088258
9719,0.684105706792466
9720,0.771405994084436
9721,0.013063353996892513
9722,0.5836008578513894
9723,0.5309032198371455
9724,0.38900729908314624
9725,0.7853177301712342
9726,0.3559207293419151
9727,0.5440280939173455
9728,0.42785822469995227
9729,0.448051699993111
9730,0.4856175519071695
9731,0.1561810423172998
9732,0.8034588842709341
9733,0.29059240359446825
9734,0.5162957991240096
9735,0.2730682794989251
9736,0.8592833511096467
9737,0.8316870320858769
9738,0.9506197872132974
9739,0.3642641142413672
9740,0.8869536378575852
9741,0.8588574471958086
9742,0.5738043084167854
9743,0.1475744457113074
9744,0.704148537616852
9745,0.9447878590331333
9746,0.8193050851696141
9747,0.07653106062938275
9748,0.02252346618416179
9749,0.46063591285436134
9750,0.913008726393362
9751,0.722362794411825
9752,0.9993855831056796
9753,0.6272986002686507
9754,0.8822299821284111
9755,0.8120250390506379
9756,0.5386089104082208
9757,0.09045054527579033
9758,0.13083304160113018
9759,0.8154819134464868
9760,0.3693738904590089
9761,0.6026409672987921
9762,0.2917116275648155
9763,0.891529234737914
9764,0.9159963703991738
9765,0.9557053406766964
9766,0.9286367549846263
9767,0.5640170241499562
9768,0.6018798981389091
9769,0.9622476924575128
9770,0.3726345905112085
9771,0.6308369836662422
9772,0.4397182820293921
9773,0.34472176891165196
9774,0.9294422598652852
9775,0.5696441659003644
9776,0.4651061128997912
9777,0.054128847101752364
9778,0.15548873237384886
9779,0.540743456764026
9780,0.9946183206154915
9781,0.4594364587546642
9782,0.625191603084883
9783,0.8516924288024934
9784,0.9183971067658641
9785,0.36613007177022416
9786,0.16359378907699051
9787,0.9713029767655357
9788,0.527489694772817
9789,0.8857792618098893
9790,0.2985061790203092
9791,0.08866340669486428
9792,0.8784021515976098
9793,0.4165633820261957
9794,0.44057756965868533
9795,0.9835385428494223
9796,0.4088426856465449
9797,0.5736796010912686
9798,0.7372911417342802
9799,0.22519843652868698
9800,0.26969792082683575
9801,0.7388253869224438
9802,0.8071447851126434
9803,0.20059645931716885
9804,0.30873911332899706
9805,0.008721297411568796
9806,0.38483271245229056
9807,0.9011149256679428
9808,0.4013404660341733
9809,0.7590149199406028
9810,0.0573870488084387
9811,0.5878947474647244
9812,0.9540439139926326
9813,0.9843840381689828
9814,0.5784038823085834
9815,0.014318946114747932
9816,0.839895642974697
9817,0.7347151856124539
9818,0.024681182738760965
9819,0.7566618866667427
9820,0.7194983336044188
9821,0.09659279424515754
9822,0.5363772461611648
9823,0.5488759774796172
9824,0.8948549646097942
9825,0.4431222394345613
9826,0.5591575600160851
9827,0.5509464412690468
9828,0.5193759365789727
9829,0.8531584821014436
9830,0.9466293195722313
9831,0.9149219886202221
9832,0.19645164355294642
9833,0.8679998499682924
9834,0.31775482051048265
9835,0.012811502166593325
9836,0.5331242784872043
9837,0.09427316043540801
9838,0.49930823947911795
9839,0.7397754265308866
9840,0.8457750811776573
9841,0.3228133707817784
9842,0.8388038588814629
9843,0.05713014855543663
9844,0.6156214350579001
9845,0.3495697438086828
9846,0.5487520436023204
9847,0.1919477923466394
9848,0.2312351780427805
9849,0.8363857220476655
9850,0.7975938339584238
9851,0.8543268876387855
9852,0.4783879695010156
9853,0.6621315692827099
9854,0.45819162539541913
9855,0.24912415770850183
9856,0.006197712056338234
9857,0.9198067557487549
9858,0.6971034877280111
9859,0.7818317981891173
9860,0.07411354680650362
9861,0.8829104333055784
9862,0.1467345994999375
9863,0.843041085981985
9864,0.7647202609854801
9865,0.7388182095477163
9866,0.6871976810868561
9867,0.20250171072277567
9868,0.6577909480028716
9869,0.10859034043628535
9870,0.8596174545193339
9871,0.20037072067654926
9872,0.4396053311616619
9873,0.9060444984126459
9874,0.7954273315753894
9875,0.03812224927679875
9876,0.4885061669686367
9877,0.5251461378133656
9878,0.8352832028476205
9879,0.5969652125310883
9880,0.06592445369532185
9881,0.41973084433013197
9882,0.6602003727372155
9883,0.9880344432696582
9884,0.3840843014848203
9885,0.9845932605635546
9886,0.5488608525035386
9887,0.4637540515246543
9888,0.4154340078267241
9889,0.579339460550386
9890,0.42853653203172104
9891,0.3834755935827968
9892,0.978168995848917
9893,0.4945083359120236
9894,0.7801886588891607
9895,0.506298363668853
9896,0.23193156925758995
9897,0.9483680613675533
9898,0.8813069929287864
9899,0.14193339516851722
9900,0.8849823177063212
9901,0.19701397116644548
9902,0.5686133295750885
9903,0.9310152426966433
9904,0.564493170771778
9905,0.2116285070439876
9906,0.2649539520947074
9907,0.6785707620615287
9908,0.7470396488062953
9909,0.591752235651524
9910,0.2814257838550728
9911,0.18677080268554014
9912,0.6546466232037855
9913,0.22933125381538833
9914,0.16277896267309666
9915,0.13114127580026225
9916,0.738844575881808
9917,0.7119115609530449
9918,0.9274745110157553
9919,0.261712602005053
9920,0.5894545835657162
9921,0.9196162961311815
9922,0.2235055154567236
9923,0.4539689299939673
9924,0.9658176031636153
9925,0.9548823905172846
9926,0.5115861495554717
9927,0.4486688702480751
9928,0.9448268613001681
9929,0.5994566326641217
9930,0.2469413306990741
9931,0.5173266954077026
9932,0.5725530256075637
9933,0.5522918496118504
9934,0.40567924207594386
9935,0.1464204818216741
9936,0.8680562260521445
9937,0.11232805220668207
9938,0.13946815777465627
9939,0.14924816818462905
9940,0.0394105054556555
9941,0.8577318496670826
9942,0.8917083909955306
9943,0.12256361224656576
9944,0.46156875220591453
9945,0.3931846275838642
9946,0.12615388580056153
9947,0.864392661010607
9948,0.8640674683261427
9949,0.7408183637218844
9950,0.16656580256443787
9951,0.2636296425790957
9952,0.19230422411680637
9953,0.8324685562384029
9954,0.4676185997823318
9955,0.1504462335819693
9956,0.010095174765064718
9957,0.27851061212292116
9958,0.9741305594883063
9959,0.03169086549665512
9960,0.9114515269999425
9961,0.05794042006270461
9962,0.6717702480745642
9963,0.3496969300021773
9964,0.4554984278002555
9965,0.22113880177724987
9966,0.33852585967144666
9967,0.30810613675120546
9968,0.7089002745751649
9969,0.8712535814827824
9970,0.40931658332874843
9971,0.8162211022858263
9972,0.011549240639204816
9973,0.787697673252386
9974,0.525953808959992
9975,0.8337289048813601
9976,0.22404062817714043
9977,0.37674289525697213
9978,0.697708580437942
9979,0.8484203920653359
9980,0.478316574125613
9981,0.8463600388835598
9982,0.5483193378701832
9983,0.9913710260601708
9984,0.9047111736671553
9985,0.3856279074171767
9986,0.955482632319709
9987,0.7653418145982512
9988,0.5255027198639238
9989,0.9910432025957882
9990,0.6949833287203002
9991,0.19460689248999208
9992,0.11403675886606102
9993,0.2621157642412605
9994,0.7355022334615974
9995,0.5504468199553754
9996,0.3971513335388155
9997,0.758429520713077
9998,0.023787427470386757
9999,0.8135750799512289
10000,0.7482679812896987
10001,0.18020270731629007
10002,0.38902314453248277
10003,0.037600181564812596
10004,0.011787739180724288
10005,0.9962678716348444
10006,0.4881966580554369
10007,0.37202476397191997
10008,0.19617209456397833
10009,0.8071922450885463
10010,0.705752719530148
10011,0.0015561979296321304
10012,0.7712266730402363
10013,0.11148274515070988
10014,0.9486326801840331
10015,0.3327360839555057
10016,0.4511027753265111
10017,0.004980905673753422
10018,0.8243926884444718
10019,0.3081682542302372
10020,0.556446876169447
10021,0.9266007970596744
10022,0.1562223832155636
10023,0.8673296129309216
10024,0.5002389308425548
10025,0.9244561740566206
10026,0.8223550501864259
10027,0.44298003065908886
10028,0.08871177071474401
10029,0.03019745488202563
10030,0.8742308098340758
10031,0.47428491745836876
10032,0.6636949079277515
10033,0.8816484142088524
10034,0.3046589914846971
10035,0.8957630183913475
10036,0.02753243942768835
10037,0.27992567873413254
10038,0.8117663950996238
10039,0.8532203183236466
10040,0.9448353953575863
10041,0.30301127246390347
10042,0.7802355856161365
10043,0.985130302648835
10044,0.5270060151117548
10045,0.2525962896380215
10046,0.038962315397181646
10047,0.7596530627838091
10048,0.13884538443846695
10049,0.3869426064309628
10050,0.30927788165325387
10051,0.41685067295365186
10052,0.905998994932563
10053,0.42594776122186195
10054,0.9127443126236229
10055,0.8054008597007135
10056,0.2883783320685043
10057,0.31808901905133224
10058,0.3698442246014255
10059,0.605647191620102
10060,0.6740625171413107
10061,0.9722298357062036
10062,0.9265160634970615
10063,0.6118717214256995
10064,0.04623877949911093
10065,0.5453076203927011
10066,0.403640221272776
10067,0.5447787254319155
10068,0.040176373259916964
10069,0.9957622074271772
10070,0.056958370419600834
10071,0.2726799343332931
10072,0.07212402893799752
10073,0.5476111060042707
10074,0.3518182965541563
10075,0.3752998428527162
10076,0.7891675208579388
10077,0.9040201155693187
10078,0.16569698311586423
10079,0.278976940059957
10080,0.4727286201965848
10081,0.11288167014198824
10082,0.38653808205160267
10083,0.30208804561488445
10084,0.9219763370334326
10085,0.19853412043549779
10086,0.7212113980733806
10087,0.2158932087534554
10088,0.6256583787620588
10089,0.5819907281404807
10090,0.4587242927095082
10091,0.8169073021819279
10092,0.22271719437819004
10093,0.47728022402490655
10094,0.9824176014231915
10095,0.183261789288234
10096,0.5454324548403714
10097,0.2931057833084715
10098,0.12380605950108436
10099,0.8515929808925421
10100,0.5776788415716316
10101,0.5788292635102961
10102,0.5453347372646765
10103,0.18446810682017512
10104,0.568633165586175
10105,0.09138901443541514
10106,0.6826418704197971
10107,0.05145716805952549
10108,0.1891511169716894
10109,0.29421779709416485
10110,0.27893121765987905
10111,0.8121022889603224
10112,0.28775064460174904
10113,0.07395790212188069
10114,0.06798269358489328
10115,0.1494135193849384
10116,0.3941919004624236
10117,0.19681423373603557
10118,0.23502235948749772
10119,0.1839756554953268
10120,0.29873539721452047
10121,0.504858728623104
10122,0.9713470716842646
10123,0.7919904418762828
10124,0.17252070346015436
10125,0.8028506904108322
10126,0.7100930298974862
10127,0.9057984098984114
10128,0.4347067335244227
10129,0.8670986825639548
10130,0.6980902525277356
10131,0.27309257611294324
10132,0.38977614848977926
10133,0.8384785896604684
10134,0.8077122798086224
10135,0.2455059727184039
10136,0.8362738906161136
10137,0.9457570719536152
10138,0.8777694586274829
10139,0.3812880277129903
10140,0.5411617955795399
10141,0.8459606423014996
10142,0.7164004275445698
10143,0.7091049401281583
10144,0.28525146110424493
10145,0.6108018899406755
10146,0.054461115748946964
10147,0.2971473995618096
10148,0.20278886619064784
10149,0.3870145742968444
10150,0.7382295862478772
10151,0.26054112777298355
10152,0.17891509131097527
10153,0.8420356753224081
10154,0.9150979639464029
10155,0.44621659632947264
10156,0.24449777185584276
10157,0.2523659018024208
10158,0.4161798877403149
10159,0.8024429375694436
10160,0.5614816808370013
10161,0.5773359468594568
10162,0.9781573156377867
10163,0.07767519686195612
10164,0.4750133933108883
10165,0.47940229511558097
10166,0.553973975768774
10167,0.16794023736286134
10168,0.1689221483990183
10169,0.4154485609508135
10170,0.6062172562914766
10171,0.3028025250340949
10172,0.497519204116432
10173,0.9867572743319002
10174,0.03043101738982701
10175,0.4658672858255014
10176,0.47390469734258545
10177,0.6918063887205457
10178,0.26640011528741636
10179,0.7999340674693095
10180,0.40099342002648575
10181,0.09516239261882609
10182,0.6300604990619585
10183,0.026393144399509683
10184,0.7168021936284159
10185,0.012140297760557917
10186,0.5966702023597915
10187,0.8708919794868603
10188,0.6984084272619435
10189,0.624343754739019
10190,0.4317911252873432
10191,0.33619551690675753
10192,0.3702955209441793
10193,0.3750264199817449
10194,0.5298836294296025
10195,0.1433300810670205
10196,0.8818819351339124
10197,0.6258755443056147
10198,0.37443622782909747
10199,0.9822121641145255
10200,0.8725275366252805
10201,0.6068161895353213
10202,0.3717488184535388
10203,0.36909385599884226
10204,0.06670672635107167
10205,0.34252097078708454
10206,0.24568422843321314
10207,0.6085511222654155
10208,0.7201634855615034
10209,0.2924248105717099
10210,0.546147499418822
10211,0.7870796431637085
10212,0.6419038102711344
10213,0.7436613125071873
10214,0.21807968772265107
10215,0.6350498930200721
10216,0.2737843130912504
10217,0.230750588282429
10218,0.2709372791536827
10219,0.3665255115246665
10220,0.4709404165379548
10221,0.22926144256922631
10222,0.3499634952917753
10223,0.8964967151136284
10224,0.13462690752126572
10225,0.21572405999137567
10226,0.06069269294271096
10227,0.7088811297512585
10228,0.5294107137711552
10229,0.47432034069650497
10230,0.034415175744971216
10231,0.9613426655139372
10232,0.8440773646698968
10233,0.820374108117662
10234,0.8752174755374764
10235,0.777025160928433
10236,0.1394375673718089
10237,0.9714924309786865
10238,0.9337184729401594
10239,0.696077111378973
10240,0.292010676528076
10241,0.0011111083906129027
10242,0.48586176941373804
10243,0.5948034725372361
10244,0.9939813231625526
10245,0.13291503704971674
10246,0.0888200974927924
10247,0.42631843800323976
10248,0.750956222267262
10249,0.3400703295083458
10250,0.6623602526909738
10251,0.8894383866008977
10252,0.7931619911033503
10253,0.10159585852402564
10254,0.4460753271430037
10255,0.037992654423874894
10256,0.1686383244364401
10257,0.77071102651781
10258,0.17409313183698272
10259,0.5588140493097895
10260,0.6149784861967431
10261,0.15663633699489654
10262,0.9148221625517493
10263,0.05850184743719178
10264,0.9192345914607333
10265,0.11379938716070237
10266,0.9008699833421088
10267,0.3678909269503934
10268,0.7898407898029338
10269,0.3942376352480047
10270,0.7331564830509036
10271,0.8523907553918942
10272,0.5254388785762143
10273,0.4021395670501976
10274,0.3946326401373311
10275,0.05659176286659251
10276,0.01481571707718976
10277,0.7435701342636417
10278,0.4153994834023529
10279,0.15109276843213792
10280,0.8715369970883695
10281,0.6377717255629628
10282,0.4745044483562736
10283,0.35698499325390975
10284,0.34474632637695346
10285,0.3714202807717052
10286,0.8865543358626194
10287,0.3786041274104316
10288,0.019316431047833427
10289,0.14493369165586734
10290,0.346208235956304
10291,0.1663522007531434
10292,0.8229814616061603
10293,0.9987316107537687
10294,0.334163020862948
10295,0.4851863481415576
10296,0.04761816718142209
10297,0.19446411390135465
10298,0.22906050554377477
10299,0.3874829141486218
10300,0.8264166097250599
10301,0.3992102720217571
10302,0.7414286095348003
10303,0.5285898866187809
10304,0.6636492047133421
10305,0.19722377566761684
10306,0.03881180846421595
10307,0.2466704612419851
10308,0.10123266475943327
10309,0.7026681875838543
10310,0.5692255212116644
10311,0.7936884473973376
10312,0.40259639351424104
10313,0.26049216540252484
10314,0.8610408554849603
10315,0.5655305248484382
10316,0.4728987971694043
10317,0.8913437490583553
10318,0.34781256337636446
10319,0.408902201139031
10320,0.2574445783783976
10321,0.13270751948521942
10322,0.570896078395051
10323,0.9213421320354721
10324,0.6488023089252271
10325,0.6638604235179918
10326,0.8584238601306763
10327,0.7001210491473235
10328,0.3759404302777547
10329,0.8033251084614393
10330,0.12399737116362652
10331,0.8714689383438455
10332,0.5091418628457535
10333,0.5458214515879418
10334,0.9226756024085013
10335,0.6826798893103073
10336,0.07816848478173499
10337,0.2529060315492748
10338,0.710766504792036
10339,0.09312104647435737
10340,0.2612967609256104
10341,0.26368708785576644
10342,0.7077085653371193
10343,0.05162329006208055
10344,0.34498114179210426
10345,0.42637292682385874
10346,0.07329279676019052
10347,0.4584015382722929
10348,0.5314077259378618
10349,0.9708185530551563
10350,0.8735181808358993
10351,0.9305531886761769
10352,0.27072996831211504
10353,0.15016723982084768
10354,0.6384923640107965
10355,0.20152488376805533
10356,0.5864820862685969
10357,0.195724834684194
10358,0.06514402647970641
10359,0.4489241981297175
10360,0.6364498046618695
10361,0.09413466575242069
10362,0.5497180447766543
10363,0.4368348856319455
10364,0.2552418925457267
10365,0.17187788311155716
10366,0.2343259496715563
10367,0.8966115447755378
10368,0.031870450208407286
10369,0.14748450722282958
10370,0.5181698700014029
10371,0.6826409160862035
10372,0.41031968652683215
10373,0.24035783312846526
10374,0.2743474299835562
10375,0.649398613444927
10376,0.7129018174647477
10377,0.9702856425844043
10378,0.7035078095014569
10379,0.42191546558826887
10380,0.24553951559255993
10381,0.5346387665061736
10382,0.7265661912639075
10383,0.11659202119486356
10384,0.05980919503330806
10385,0.2241582449562668
10386,0.4192473201956427
10387,0.6671744174011098
10388,0.009143627034455704
10389,0.5385562690880091
10390,0.2908746747999996
10391,0.33501550417679204
10392,0.43322994586122887
10393,0.4600247908963355
10394,0.4017805475775137
10395,0.0873930833489368
10396,0.15914371009529826
10397,0.49335936969880145
10398,0.3865567828620823
10399,0.9967016778714636
10400,0.7696195037869055
10401,0.582851268091193
10402,0.5478350581469256
10403,0.049995991410820007
10404,0.6767315329538037
10405,0.5654301750406749
10406,0.5159001567451884
10407,0.7664446803074491
10408,0.7829903978765995
10409,0.21669065247173314
10410,0.1846492162518495
10411,0.6596665366437542
10412,0.33080234925059093
10413,0.4547791531454384
10414,0.04437732669875161
10415,0.4229389412275808
10416,0.9418489703467511
10417,0.68766859614929
10418,0.8194054977033032
10419,0.6275247142943806
10420,0.5851084103040222
10421,0.9708549546264069
10422,0.4897138782957685
10423,0.79030196300366
10424,0.23141096112489012
10425,0.10196113461016121
10426,0.18132699208515557
10427,0.34230411687207163
10428,0.46068285553306887
10429,0.8893870374642449
10430,0.5926255312536329
10431,0.6426100927581468
10432,0.3849490468014003
10433,0.6696199386221491
10434,0.404115945772332
10435,0.6080691150842866
10436,0.5358100047782506
10437,0.3079065420546183
10438,0.08360247939173282
10439,0.12260392109925089
10440,0.5749056458422663
10441,0.0731114280170565
10442,0.45305556855930695
10443,0.899060937541974
10444,0.5826390739708502
10445,0.9766629593385907
10446,0.28788082286544225
10447,0.6499134334785113
10448,0.9347548955954068
10449,0.34940425265528285
10450,0.5335805475481475
10451,0.8471784711358568
10452,0.33133468495821206
10453,0.008953537205015905
10454,0.990225518444119
10455,0.4061225765903932
10456,0.10947499725924048
10457,0.7360274673920656
10458,0.3250594958087054
10459,0.16845673092351376
10460,0.11849051639673536
10461,0.6975736148832332
10462,0.9932622147438094
10463,0.3919146822192434
10464,0.7637386082494454
10465,0.6542403200038102
10466,0.42096150936501686
10467,0.04893394060473544
10468,0.40942895437253934
10469,0.029265683952944155
10470,0.9522416439578135
10471,0.4093882080492288
10472,0.5792401873290005
10473,0.9407348800664573
10474,0.5760246148450956
10475,0.17232892786367604
10476,0.9516135788667495
10477,0.18793987038940296
10478,0.12814614351959597
10479,0.3624514377540128
10480,0.43485083602558594
10481,0.977372506107182
10482,0.554054913243974
10483,0.8058406015457299
10484,0.7689837310213484
10485,0.4022262474078787
10486,0.07464923662461886
10487,0.11973122988772189
10488,0.9927172710592175
10489,0.8599452631081675
10490,0.3457182603146849
10491,0.8327802834338569
10492,0.8998673858758532
10493,0.9233950947632276
10494,0.8752059922239731
10495,0.18621990008841927
10496,0.7934650463166777
10497,0.055635157569094096
10498,0.8065270462168771
10499,0.5769086981644179
10500,0.7349362550586455
10501,0.5497055616691202
10502,0.597518993024338
10503,0.03702137397206162
10504,0.03145577950307288
10505,0.8121306038898034
10506,0.2910563673787394
10507,0.8072142585685947
10508,0.7035041231296615
10509,0.564947664715183
10510,0.1049609344753134
10511,0.0660424040819303
10512,0.3839814891538432
10513,0.9252518951722115
10514,0.22626331512117526
10515,0.4222407479193786
10516,0.6416877957716967
10517,0.49670185927825383
10518,0.025095954012663402
10519,0.6952865047666922
10520,0.9184076745125074
10521,0.599694298183382
10522,0.5804126831646309
10523,0.835298241645244
10524,0.8328384036328615
10525,0.18675652776903073
10526,0.42229914714691097
10527,0.8192697820168521
10528,0.7348339668594188
10529,0.8443880345701174
10530,0.12944330891824107
10531,0.43946706100971666
10532,0.7089532174596769
10533,0.7301612544117221
10534,0.07180491753233631
10535,0.7119403565098225
10536,0.6262284592042896
10537,0.34891307873212885
10538,0.3041085991737059
10539,0.029009349695019337
10540,0.3919898146388491
10541,0.3069951076383002
10542,0.43150137116815324
10543,0.708745616442597
10544,0.14548190795486304
10545,0.47996243185149723
10546,0.7928532882832405
10547,0.24863459072548444
10548,0.8636843855310489
10549,0.9329594639901325
10550,0.11283960908351609
10551,0.11570049442415353
10552,0.645201996278511
10553,0.5171899886691608
10554,0.9035775740302292
10555,0.8019519052576667
10556,0.5018925618242408
10557,0.06869050887629669
10558,0.09887047839964258
10559,0.4484910108432332
10560,0.30457161899335417
10561,0.943129429573393
10562,0.665845822271557
10563,0.2705305792044096
10564,0.3569586223448029
10565,0.08078271991277064
10566,0.24968804449624626
10567,0.3187714004104494
10568,0.6419483445457923
10569,0.17255373468917745
10570,0.6771836994261349
10571,0.11764935576897761
10572,0.8941261106953349
10573,0.6264365575214247
10574,0.5774726200891944
10575,0.18727168976970043
10576,0.7408706506938373
10577,0.2360521618815774
10578,0.7980432209799958
10579,0.7789545871583943
10580,0.9393957528131663
10581,0.7826932315321751
10582,0.36494518534024645
10583,0.5106522463791421
10584,0.6268690411940978
10585,0.26751806503266207
10586,0.8000516182655674
10587,0.3290980423441857
10588,0.1301360781089077
10589,0.05952142828823981
10590,0.660009380981317
10591,0.26471136917689564
10592,0.8515756984170693
10593,0.7724318485656612
10594,0.11520795147923546
10595,0.5552812280008592
10596,0.9673738960177289
10597,0.829230925147381
10598,0.8722395642271102
10599,0.2627566995415893
10600,0.7254784091663493
10601,0.33988165395235437
10602,0.8280626626852322
10603,0.10265221646079192
10604,0.6851140983015391
10605,0.6449043196172886
10606,0.26131814351442983
10607,0.6321614755141257
10608,0.910880956991371
10609,0.6151658298705278
10610,0.1840430103530969
10611,0.3061624135269647
10612,0.35155843381263485
10613,0.3111693484381629
10614,0.6844074816689518
10615,0.9500027803711993
10616,0.5039101633327372
10617,0.7902570521700405
10618,0.9443850726035201
10619,0.374444415537766
10620,0.04627869775197224
10621,0.7533016046092964
10622,0.7349903285619352
10623,0.3032515777217212
10624,0.2691298838292062
10625,0.7033281572510885
10626,0.1564051322047375
10627,0.8434482252206305
10628,0.8606290286952617
10629,0.5663484288657263
10630,0.21880498489744837
10631,0.949003056018016
10632,0.23528157853296583
10633,0.3090010403569846
10634,0.44183204941195076
10635,0.5207299484405489
10636,0.45551732213016194
10637,0.00020694848206426197
10638,0.8621964596942178
10639,0.023738621409023275
10640,0.8815506099024751
10641,0.8228177450450284
10642,0.936699107864331
10643,0.3139634501826746
10644,0.17970699970607862
10645,0.05428652624087216
10646,0.6877426969251496
10647,0.15655885153393978
10648,0.16783148472418763
10649,0.23039292183298576
10650,0.27861905890643324
10651,0.21359658421297478
10652,0.6074172352363396
10653,0.5111159433664952
10654,0.6506865914954323
10655,0.6420482154705945
10656,0.8551557561842503
10657,0.03672665463778857
10658,0.5577116600672833
10659,0.3859415898673977
10660,0.7892646651513987
10661,0.2285547481960568
10662,0.6089517189658401
10663,0.2695934240229705
10664,0.23467118483048088
10665,0.3278369850634232
10666,0.06357574166648028
10667,0.7463862278717381
10668,0.8813100604706113
10669,0.016985109504285556
10670,0.6524424151409901
10671,0.5629006629232156
10672,0.9053939002176842
10673,0.6853602267351571
10674,0.41858497509233605
10675,0.5781960440273413
10676,0.1272144843198868
10677,0.16215012023514008
10678,0.22383694633086093
10679,0.48309009416113957
10680,0.2668241106953507
10681,0.10054438859707404
10682,0.518508446121122
10683,0.6978297710269638
10684,0.09643908236572296
10685,0.7289528194653327
10686,0.023668167711880073
10687,0.6989406234191203
10688,0.9530852548864231
10689,0.45676686063898486
10690,0.06589075736609695
10691,0.28268205867647456
10692,0.14751381329854552
10693,0.5009365735228783
10694,0.18080344726729936
10695,0.9963816981893214
10696,0.4195658040628518
10697,0.3873411869061115
10698,0.06416408661772721
10699,0.5985902181766422
10700,0.12430332264519284
10701,0.26174146526004005
10702,0.29913924848913065
10703,0.09811599180804764
10704,0.8300138387275057
10705,0.11052901054953346
10706,0.483005031188643
10707,0.289062579674065
10708,0.2365445657608447
10709,0.22329585290632692
10710,0.6698643759763494
10711,0.7937975050462602
10712,0.4089133583478487
10713,0.3185283033819344
10714,0.7310356112838111
10715,0.26916423128329536
10716,0.8704607389413053
10717,0.29387753600008926
10718,0.05125256353600727
10719,0.47034262584427555
10720,0.29990535724777945
10721,0.4659537627192005
10722,0.2920264474816986
10723,0.9870146293935037
10724,0.9745360622652123
10725,0.6175352056613012
10726,0.9065601172794947
10727,0.31293596586413586
10728,0.7878928932496174
10729,0.7650525317153862
10730,0.35531451362335487
10731,0.7214717304609022
10732,0.09361742719863142
10733,0.23258118611251122
10734,0.20990176289294704
10735,0.6257713380055097
10736,0.20176217272712582
10737,0.2835572001475065
10738,0.27235939034747547
10739,0.9433494900386794
10740,0.947999733897108
10741,0.831646595930298
10742,0.4515219621667268
10743,0.49006596729291363
10744,0.374577296000298
10745,0.46082953739926036
10746,0.1415038494017561
10747,0.27098446255382946
10748,0.1851013063790684
10749,0.880906155390773
10750,0.6899731640641824
10751,0.1333347578550118
10752,0.4304095136360707
10753,0.3256426178891674
10754,0.01494289387648684
10755,0.7394275136686482
10756,0.4402098161457113
10757,0.36165973410413865
10758,0.18215110167675275
10759,0.4882892666788057
10760,0.2716390141047752
10761,0.5077763447855582
10762,0.2503933499023442
10763,0.29264526451191597
10764,0.42516303846131565
10765,0.6109114614023318
10766,0.842562922040296
10767,0.27865464446321675
10768,0.3273742510149755
10769,0.6446749197651432
10770,0.9948453661368346
10771,0.23076601815113762
10772,0.2207735828462276
10773,0.8203054206076642
10774,0.798069617377103
10775,0.32901181064232377
10776,0.014750071098551865
10777,0.4295180481734958
10778,0.5434836578212362
10779,0.760154430659273
10780,0.6609470573176378
10781,0.6721265031568311
10782,0.8033806300667222
10783,0.774871881325903
10784,0.4732539148883953
10785,0.10481257685084733
10786,0.8143355705533162
10787,0.6017740000315969
10788,0.033013476917785334
10789,0.7884910597940069
10790,0.39333942674422195
10791,0.3141128963490003
10792,0.5150483535883182
10793,0.6715603316597105
10794,0.9248463778030145
10795,0.026017773083640616
10796,0.30467152323725455
10797,0.04044490094577091
10798,0.8431313402735849
10799,0.7035378091267208
10800,0.27057021830747285
10801,0.7693841607607119
10802,0.6333798145741779
10803,0.6601305347382026
10804,0.7504297132612253
10805,0.1609772870635523
10806,0.6004598140943131
10807,0.5176429313168592
10808,0.34047852016361013
10809,0.7306238195624564
10810,0.43424010964932636
10811,0.4700680823526526
10812,0.20923446052275463
10813,0.738954018145448
10814,0.010600443067144139
10815,0.49723264685815804
10816,0.5376448622510346
10817,0.2675845278288139
10818,0.16852335984611877
10819,0.34796124669001516
10820,0.10586803445028325
10821,0.7211829774945829
10822,0.5811331376284521
10823,0.04176896754559534
10824,0.9538298022152253
10825,0.7717621691239763
10826,0.9743897847722247
10827,0.6427701974472181
10828,0.9421137207142817
10829,0.8031539174397093
10830,0.3086644144542384
10831,0.7541478947377915
10832,0.12160651693961144
10833,0.5063493563373049
10834,0.9087721168803684
10835,0.5246203828941719
10836,0.9467119294012922
10837,0.3817710225786487
10838,0.5241535754092777
10839,0.5694954646106728
10840,0.9604976835456291
10841,0.7076815130051147
10842,0.594815122793816
10843,0.06570908448214907
10844,0.22305683305739166
10845,0.12336388872627269
10846,0.5111583332462218
10847,0.9908174778378677
10848,0.8375544043314482
10849,0.48883511039257865
10850,0.5143933767044522
10851,0.04130901310814061
10852,0.8352891620246463
10853,0.3818310105894731
10854,0.027651711180327387
10855,0.924296110485215
10856,0.43987676688337085
10857,0.6745716112869341
10858,0.5400473276665518
10859,0.7896540828216255
10860,0.9623792466398673
10861,0.6209655766021034
10862,0.11691912286847761
10863,0.5882220402148952
10864,0.03170774604767168
10865,0.3448411499719465
10866,0.07398799426569735
10867,0.285710402788955
10868,0.8987288418592564
10869,0.21184696844819317
10870,0.7825099947796736
10871,0.39639142579031883
10872,0.3692066517941157
10873,0.8443939039846972
10874,0.4126645625999352
10875,0.9824069186466057
10876,0.19884891411175276
10877,0.8794901458454875
10878,0.2710871535682374
10879,0.5553147080469432
10880,0.1198274882796303
10881,0.046872819214749395
10882,0.37276736532227184
10883,0.17928352179784057
10884,0.4882032580205965
10885,0.2429920351178374
10886,0.03887371238887327
10887,0.7182932746957462
10888,0.3338002905273141
10889,0.17230199067157148
10890,0.9479735253585467
10891,0.4885591656070686
10892,0.562958496165657
10893,0.9622235482895821
10894,0.11815440044175285
10895,0.18226935129703525
10896,0.7102047827640191
10897,0.5607882313391338
10898,0.41527186813136496
10899,0.1121550331554787
10900,0.5839600845279777
10901,0.44144537610290524
10902,0.6710662329055557
10903,0.3004217068659947
10904,0.4025100569661315
10905,0.30801641967442994
10906,0.20093199168912634
10907,0.508013933263797
10908,0.8291387576123918
10909,0.034432299050248916
10910,0.485379052411546
10911,0.7521014431627512
10912,0.6340543087162467
10913,0.9930256199628711
10914,0.05723875845930615
10915,0.16174224961619288
10916,0.31967975644496505
10917,0.006227204998506264
10918,0.5194662135381732
10919,0.6406346811524155
10920,0.41873638697241355
10921,0.4173402893437681
10922,0.8772788135202104
10923,0.6119019153066004
10924,0.2635023137639734
10925,0.3196459134456673
10926,0.20082463175551624
10927,0.2646430048859091
10928,0.6701622107681499
10929,0.6377639240989349
10930,0.26164667977969924
10931,0.5397318654423396
10932,0.8606315236540538
10933,0.2683794308886568
10934,0.02489620104399415
10935,0.27608627230214355
10936,0.9407230534122436
10937,0.0205124506697707
10938,0.12155265842127538
10939,0.17372424894954164
10940,0.7063085882114197
10941,0.9786864884017111
10942,0.5883091408515186
10943,0.08849794918646803
10944,0.45799665565715153
10945,0.7830704694619101
10946,0.1790887670004172
10947,0.2958403662256137
10948,0.6675745005170138
10949,0.31783468340102417
10950,0.72885790569129
10951,0.7951474189765703
10952,0.8307819743329444
10953,0.5512672572154956
10954,0.37879492144811244
10955,0.618463078104082
10956,0.18627095238982394
10957,0.20456518823265357
10958,0.8187043763529637
10959,0.817277792434617
10960,0.40686262505393844
10961,0.46740613963225774
10962,0.42975311331610544
10963,0.4523837883758185
10964,0.22779127608785488
10965,0.21828849202538558
10966,0.832779154687269
10967,0.6670820761631523
10968,0.9757787580634244
10969,0.16022486765399202
10970,0.9234454318202008
10971,0.7655774595500188
10972,0.5275747455728284
10973,0.6532517670898933
10974,0.8376267275805617
10975,0.5276276328804467
10976,0.6473823913527783
10977,0.9767700791215199
10978,0.7202962739987998
10979,0.07847429634686753
10980,0.716804475856938
10981,0.9738759284139448
10982,0.39072943177387176
10983,0.043428160974786634
10984,0.7273255927782961
10985,0.30914600374163415
10986,0.9179255660176942
10987,0.1825387900339538
10988,0.37666865536411853
10989,0.023677019088988005
10990,0.43870247013668107
10991,0.19000372373062624
10992,0.5970923155990244
10993,0.7461865252807881
10994,0.27983988308161767
10995,0.13373120360895874
10996,0.1197435687233589
10997,0.25473670251566616
10998,0.8284214139631682
10999,0.43306926236217547
11000,0.19296424626829956
11001,0.28363721119324037
11002,0.3499245310927812
11003,0.20395671841312268
11004,0.5395282826303711
11005,0.5694768885174323
11006,0.7795808337367227
11007,0.695514524824469
11008,0.24580421136504083
11009,0.1575062888112274
11010,0.9038797122369524
11011,0.8256349402633449
11012,0.007439828640510848
11013,0.02342707135716826
11014,0.4888273186595318
11015,0.8383399694730528
11016,0.9253392899626607
11017,0.19396061097362405
11018,0.8093460419391567
11019,0.4160079030318201
11020,0.6519715493648026
11021,0.315542205069952
11022,0.12597188679453042
11023,0.7075453195315973
11024,0.308069308340261
11025,0.029723206038613115
11026,0.9667930377441305
11027,0.42879515282372427
11028,0.09930771544245864
11029,0.8124265934068042
11030,0.8486043195889105
11031,0.3013500835540618
11032,0.6827649166038371
11033,0.12023668822261724
11034,0.3870808755549934
11035,0.22151697416532445
11036,0.24558338126439927
11037,0.9647857506962397
11038,0.034675717592776434
11039,0.5507324685894167
11040,0.6364034635274743
11041,0.3338485670746899
11042,0.24301377686073689
11043,0.796396920715657
11044,0.1710143123534662
11045,0.650539734904164
11046,0.9997941909292543
11047,0.8378018829799438
11048,0.4237176042268004
11049,0.6817011823740197
11050,0.5884691347229295
11051,0.6521096151384587
11052,0.3114353886070288
11053,0.504986853195921
11054,0.07644866066198053
11055,0.23198686894714615
11056,0.39973933517692817
11057,0.15672587178064512
11058,0.1594877821397198
11059,0.1782747419358578
11060,0.5515196778665552
11061,0.4524197456707688
11062,0.6220613543236235
11063,0.9809875340482522
11064,0.6069809763178842
11065,0.2252656311392648
11066,0.26540702205610855
11067,0.1974327919913096
11068,0.7768312448004555
11069,0.4967997938457046
11070,0.11359702115882353
11071,0.8737175401284994
11072,0.395697321007739
11073,0.6096101623657805
11074,0.9746171359127349
11075,0.5836017861484225
11076,0.508080802789792
11077,0.9078337853392415
11078,0.895472410880163
11079,0.45583759776223143
11080,0.6825642421992005
11081,0.6778072977712924
11082,0.29645406728975543
11083,0.1632850267214332
11084,0.5687938174641619
11085,0.03607553630664673
11086,0.822894298789924
11087,0.7606270000038967
11088,0.7088324896785989
11089,0.9281548359608536
11090,0.9579903410896798
11091,0.4672163598942125
11092,0.6748173515640125
11093,0.974575391688723
11094,0.8534524361235253
11095,0.6541373486793619
11096,0.43949162937202646
11097,0.7425466264308276
11098,0.05848812332782094
11099,0.02318130985007183
11100,0.7536172680069535
11101,0.12952377110789348
11102,0.8118856657503054
11103,0.39446678252246137
11104,0.9515194868375293
11105,0.0639844335824743
11106,0.5028864149288063
11107,0.2698062864972244
11108,0.10108622912839316
11109,0.5411429935998462
11110,0.006285611084429932
11111,0.21022065413900148
11112,0.4518048806925231
11113,0.3461686127110476
11114,0.8631708268399336
11115,0.2859004172280699
11116,0.3221334578555226
11117,0.9107459128410548
11118,0.17146522098025352
11119,0.6245799911475513
11120,0.3958740216414164
11121,0.0651396836628465
11122,0.7969140030261371
11123,0.9981086029378815
11124,0.4224560351089097
11125,0.5982991855889276
11126,0.837106258979141
11127,0.7857387828659018
11128,0.5050523698834708
11129,0.28418985444736744
11130,0.2518589297807978
11131,0.8692546826322752
11132,0.076750541486036
11133,0.5903244588152512
11134,0.48913263303598276
11135,0.49171641794495713
11136,0.8048808791219234
11137,0.1520423897741302
11138,0.9885224647041724
11139,0.3145815229797918
11140,0.8260194076190565
11141,0.16667632589913972
11142,0.759400459007685
11143,0.6756483554369996
11144,0.7950708987561557
11145,0.9991426727880106
11146,0.6833749030756802
11147,0.5157752499611213
11148,0.6986653773312449
11149,0.7584330935255811
11150,0.46042304684213864
11151,0.22886959593645828
11152,0.21808107583325498
11153,0.021875885223377023
11154,0.7584950295903025
11155,0.3495565397491748
11156,0.7585915289622269
11157,0.13022964601050546
11158,0.6722167706445454
11159,0.0430263095048905
11160,0.5937575313360357
11161,0.02578002812953384
11162,0.6973644833190856
11163,0.791972118482766
11164,0.41239349931195224
11165,0.35611211450753577
11166,0.23211579415902583
11167,0.8538805956873733
11168,0.46744494527103275
11169,0.7561932725683579
11170,0.619855559592922
11171,0.1457879648104934
11172,0.17014208046699264
11173,0.26223898164066684
11174,0.8581689152499012
11175,0.32394000854343297
11176,0.8889400600889747
11177,0.6297693894947851
11178,0.7083120187647522
11179,0.28048035717505737
11180,0.04819273084596276
11181,0.45389182388492666
11182,0.6406110058260279
11183,0.33522998627454437
11184,0.9527243252256573
11185,0.6387968850537306
11186,0.9936639853215907
11187,0.8012917854915502
11188,0.5102808156284372
11189,0.1643249500379378
11190,0.6499339579877296
11191,0.15122532604109917
11192,0.40570489484054395
11193,0.4935845095060628
11194,0.49467485239043973
11195,0.24782317065616988
11196,0.022997023187061982
11197,0.5532858272052182
11198,0.4517487165337809
11199,0.06381559992009511
11200,0.5176034373036632
11201,0.11500032888387401
11202,0.9918247487637737
11203,0.740059908412132
11204,0.3638351485169403
11205,0.8397298080478013
11206,0.10218343801873431
11207,0.8777807443616186
11208,0.6588735325468096
11209,0.08160935281857262
11210,0.43744613973973523
11211,0.5967588005099304
11212,0.6237328852823156
11213,0.7370066518563763
11214,0.6591136294348874
11215,0.6436884970632571
11216,0.8204461013212544
11217,0.02055898020963587
11218,0.9597131726551766
11219,0.4302612744680311
11220,0.2843965372987174
11221,0.48961750530452597
11222,0.9402967141195783
11223,0.9189039860653309
11224,0.8177190907621611
11225,0.2232579788869622
11226,0.2859716668086325
11227,0.8290184204583348
11228,0.6522104825388213
11229,0.2459390012306737
11230,0.8691214310911813
11231,0.9041344296464083
11232,0.6349151805796724
11233,0.984630690495087
11234,0.5515345026909197
11235,0.8581437831082374
11236,0.3032221703991922
11237,0.9520674909113577
11238,0.36214643556309845
11239,0.09954960284190839
11240,0.15513417579888833
11241,0.6334520118095288
11242,0.7571847196038248
11243,0.054726022335701896
11244,0.4695125756211438
11245,0.7842070615918757
11246,0.5269841858401602
11247,0.41887049625538664
11248,0.17694274963944978
11249,0.1136394299227913
11250,0.3330464759883648
11251,0.2849489068592491
11252,0.3677280065772969
11253,0.07618277560603925
11254,0.22601920833354472
11255,0.5153166830303935
11256,0.9916130877268311
11257,0.41576301187127374
11258,0.41309205233307056
11259,0.28412207432484005
11260,0.5577209679548358
11261,0.8598698878195782
11262,0.6693856929386015
11263,0.998683684778947
11264,0.9452764163901138
11265,0.8433586852698527
11266,0.04175250383914464
11267,0.7547686263302774
11268,0.6158835859767084
11269,0.7458146450228837
11270,0.977454206342046
11271,0.22047474747019302
11272,0.36138092976430247
11273,0.5525892260154482
11274,0.3360867219728396
11275,0.8646247164479411
11276,0.5425374642382351
11277,0.005253243424018339
11278,0.9110026333029317
11279,0.5221917500837918
11280,0.6860347222250959
11281,0.5087212701178259
11282,0.6141106241014658
11283,0.9809949159900134
11284,0.44179634007688984
11285,0.6979683801484138
11286,0.8594292396478571
11287,0.10450827333614876
11288,0.5813399709956638
11289,0.45857241032250695
11290,0.9921747143166966
11291,0.9369734994912823
11292,0.18620379405585497
11293,0.09760491947706329
11294,0.4536383438428525
11295,0.01915172456861025
11296,0.4969633606718483
11297,0.738442577928883
11298,0.8832667376244584
11299,0.9632381583900451
11300,0.9168780092264965
11301,0.9139448365943614
11302,0.33487297782236125
11303,0.38658658096112297
11304,0.8142140833269593
11305,0.46714628316192974
11306,0.15056139340424635
11307,0.4542686271778572
11308,0.3699197071704843
11309,0.08532226453618352
11310,0.3504130506373382
11311,0.9592206129214125
11312,0.9264741227056945
11313,0.9691380205809333
11314,0.5716827725028567
11315,0.10589505883437711
11316,0.22698835058532607
11317,0.18636537129915187
11318,0.18865358487002248
11319,0.8883428866520635
11320,0.20401770556186916
11321,0.3789654833325691
11322,0.09306691119780186
11323,0.03650798842486036
11324,0.9478507456937834
11325,0.7624151918334886
11326,0.4348938417157733
11327,0.1688167193300497
11328,0.9804038856124353
11329,0.4341632651105103
11330,0.5445539084643315
11331,0.07542379761193785
11332,0.2795433567068141
11333,0.26233393229045754
11334,0.13902396817352136
11335,0.8941843962172221
11336,0.1938191625456529
11337,0.030802590513064443
11338,0.9858597970824255
11339,0.939573570632062
11340,0.722946466374271
11341,0.8414409645573617
11342,0.1562398706369782
11343,0.0799774985142907
11344,0.864217510256836
11345,0.35848470529234877
11346,0.32277627257375097
11347,0.6886950963097477
11348,0.7570406021657105
11349,0.6136857412148234
11350,0.09528787303329411
11351,0.36527262542777483
11352,0.01315773292702016
11353,0.09745943597177587
11354,0.7283704043466166
11355,0.2726045464202316
11356,0.1596203893395357
11357,0.9804555995734102
11358,0.8203548722837061
11359,0.6821466045747867
11360,0.3255954039945239
11361,0.1677830538240167
11362,0.8161028610202337
11363,0.9265393959870195
11364,0.8636940567691092
11365,0.25262197632105954
11366,0.08918466904245614
11367,0.5041977531598213
11368,0.7731215369141348
11369,0.9816430867745858
11370,0.9158718303456059
11371,0.03199798776448559
11372,0.022070485630294456
11373,0.6317240104351196
11374,0.1278021758779636
11375,0.6073793992665719
11376,0.009403614921776104
11377,0.7417014481027974
11378,0.3871519812392058
11379,0.7578807086841469
11380,0.6927212161175995
11381,0.4776399317454554
11382,0.5086327158075353
11383,0.09020505270287082
11384,0.6483601865107411
11385,0.6407550826320475
11386,0.8158320844374963
11387,0.04916908122774344
11388,0.18777359038727948
11389,0.6629584314900872
11390,0.5517326243148614
11391,0.41487112234814905
11392,0.026965109900982887
11393,0.8340195053230387
11394,0.29012789436184994
11395,0.36478893161475623
11396,0.45553090333509105
11397,0.5449269868226653
11398,0.24094102894858882
11399,0.498711227985299
11400,0.9253807605539885
11401,0.20170431961213708
11402,0.5505642152630376
11403,0.9731101379629831
11404,0.47976681455375225
11405,0.905120589891073
11406,0.037980285457522744
11407,0.5239174387012762
11408,0.0028745122595924544
11409,0.27098764924068597
11410,0.9166328631625821
11411,0.41544702960541424
11412,0.46303846514865943
11413,0.40307378382107273
11414,0.7394691347566064
11415,0.39817409463639086
11416,0.5109958520181428
11417,0.06342721104729387
11418,0.7132956444139
11419,0.534321355914804
11420,0.973568213042448
11421,0.8711270453663174
11422,0.34544556136822935
11423,0.3724576261192807
11424,0.6602782725183921
11425,0.45844654353868064
11426,0.5546113782765596
11427,0.9709661194688964
11428,0.09065767363377741
11429,0.5947856309798191
11430,0.6775899254634383
11431,0.21937074058026085
11432,0.5860947340466732
11433,0.7749496601910048
11434,0.2855078920416467
11435,0.9770109413097294
11436,0.13026561850456453
11437,0.4739271096448543
11438,0.7288710977197912
11439,0.4401907983589616
11440,0.514490798111866
11441,0.47481572010451745
11442,0.053613073612502116
11443,0.32148237744684405
11444,0.0829134343852782
11445,0.7603151258395088
11446,0.4775896508861823
11447,0.4071616214133539
11448,0.7609289361615617
11449,0.6571192323982044
11450,0.41327354284800966
11451,0.1338979465850394
11452,0.48259710113124843
11453,0.19243695667565552
11454,0.4194844279064248
11455,0.8807517735309032
11456,0.2758876836826195
11457,0.43370832238963297
11458,0.03148061969134963
11459,0.8940300312162959
11460,0.07953298475053872
11461,0.6344633590649896
11462,0.9714258252649743
11463,0.9131141264060845
11464,0.030958352151749358
11465,0.2702071102175041
11466,0.10770604491084124
11467,0.40551030278520583
11468,0.4527424026010536
11469,0.1672002632242222
11470,0.7745380698558401
11471,0.3489379936511554
11472,0.399165583597767
11473,0.29722276407847326
11474,0.286549744755888
11475,0.4199900706124218
11476,0.41024807777965044
11477,0.515170391237707
11478,0.7088991996097921
11479,0.11177125450393732
11480,0.09302191258094383
11481,0.1554304097683663
11482,0.09617729867497304
11483,0.16263060973877275
11484,0.031235050071038883
11485,0.8270312264773719
11486,0.8010966280216821
11487,0.023823824301848706
11488,0.3250000451770432
11489,0.6264937335224349
11490,0.15322217358128287
11491,0.17165407174702108
11492,0.067333977170428
11493,0.15748973386597054
11494,0.6471246695797035
11495,0.629747054072424
11496,0.26703751318270463
11497,0.2580616552029008
11498,0.4156231569583312
11499,0.47876758651817564
11500,0.9175899818695243
11501,0.6774914693891774
11502,0.3199754636984994
11503,0.7655521754937645
11504,0.4426567756289389
11505,0.5894016227082391
11506,0.6562980818385479
11507,0.32513019803914167
11508,0.5006287670715949
11509,0.10106348046920521
11510,0.8470444816668272
11511,0.9524166766052585
11512,0.9018386161690396
11513,0.04475363224017537
11514,0.8528736531611917
11515,0.8420740774165902
11516,0.13066903155155707
11517,0.7209577327933194
11518,0.05384942854774677
11519,0.8118607495260173
11520,0.8020271444867748
11521,0.9676485225106443
11522,0.4339467682276955
11523,0.49690064685022617
11524,0.43110770537573373
11525,0.5103743120371347
11526,0.8153659233820686
11527,0.8683731988588865
11528,0.015364315436883658
11529,0.6682368000372799
11530,0.6241946134580741
11531,0.6118705901806689
11532,0.7495912954292203
11533,0.7330011519580949
11534,0.10740688994765035
11535,0.7102950576567533
11536,0.8291117476061849
11537,0.01226352777409434
11538,0.31972703096715727
11539,0.20015914468103746
11540,0.018795099960825845
11541,0.8686856802136063
11542,0.5376187149804331
11543,0.7369357186087344
11544,0.21760226988180864
11545,0.12465768075652872
11546,0.15587810704846505
11547,0.8459140427378152
11548,0.2584568346563251
11549,0.6176652089575756
11550,0.3544609710652198
11551,0.4403955709041366
11552,0.8551738301740429
11553,0.7342814779344135
11554,0.3356654495293637
11555,0.8972004851734591
11556,0.3157954563973535
11557,0.7502488358765056
11558,0.7898324891267232
11559,0.36074412422293445
11560,0.5244928917078218
11561,0.45943194079541805
11562,0.6245246535501455
11563,0.7298580097190388
11564,0.9121407168549192
11565,0.5838558600866067
11566,0.9023594339132873
11567,0.9929139266802137
11568,0.5457341768304563
11569,0.2521200245228541
11570,0.642513398598585
11571,0.7291908718170163
11572,0.6482755697841986
11573,0.05570888997246504
11574,0.18864442687836525
11575,0.23858361647086068
11576,0.2450218883132711
11577,0.9391072828364924
11578,0.6680148555493653
11579,0.23219350212070655
11580,0.16556308947331477
11581,0.04832435406079716
11582,0.28301190268891385
11583,0.33670675143295403
11584,0.28069548934066957
11585,0.719819274755721
11586,0.5669887932850715
11587,0.10330268331510817
11588,0.6493610553592013
11589,0.3105420691566587
11590,0.7413600512687556
11591,0.48896926345399194
11592,0.14089610288587817
11593,0.1829434687570226
11594,0.5514750712623879
11595,0.2844835444413808
11596,0.3820706167561937
11597,0.7855671924665043
11598,0.5559850547971865
11599,0.8772602865078049
11600,0.6880383941657521
11601,0.15381441070685864
11602,0.09955146316520491
11603,0.643321321194421
11604,0.535564969186456
11605,0.7342968643378492
11606,0.5545499081508833
11607,0.9876322295620507
11608,0.9816418759693333
11609,0.2721592776207964
11610,0.7918695697726975
11611,0.7661155112259787
11612,0.8404614326211668
11613,0.4203388176227466
11614,0.9278013976388936
11615,0.3767762632266638
11616,0.7133243651399149
11617,0.6023780087602366
11618,0.36394727886622236
11619,0.22788326504258194
11620,0.6853535256147802
11621,0.9023318308545433
11622,0.3984982896738659
11623,0.09646863970054942
11624,0.28060764718789166
11625,0.4006535196363624
11626,0.40705765183235754
11627,0.6376750685285392
11628,0.11515021910832524
11629,0.112606480143989
11630,0.17354328288096388
11631,0.16573329767216627
11632,0.17575938503769428
11633,0.005225104737947461
11634,0.2742032717850985
11635,0.5656911521909892
11636,0.9921918303058195
11637,0.41106785481653185
11638,0.8460556371517005
11639,0.20947147660541554
11640,0.9397697269615063
11641,0.017020240744980097
11642,0.027133210392741858
11643,0.36206880106757977
11644,0.8753153593364593
11645,0.5669244739357087
11646,0.03513457647588991
11647,0.8403504101381377
11648,0.1621811791126887
11649,0.3759979688422068
11650,0.08540044724012041
11651,0.9312092189359734
11652,0.006237430974738056
11653,0.8784565714530824
11654,0.16836198604839925
11655,0.2022577107452218
11656,0.22071530299201914
11657,0.14234669834163216
11658,0.14309682147184521
11659,0.8715895415136453
11660,0.4170836585730189
11661,0.362676640315179
11662,0.24546360731870887
11663,0.9049104342667518
11664,0.5849952560391016
11665,0.34523292182937004
11666,0.19767702305415924
11667,0.9129192867060114
11668,0.20481040736022138
11669,0.06532899236296064
11670,0.6305357141042781
11671,0.27709434692092594
11672,0.17789215938292213
11673,0.6050911194561605
11674,0.45637205513918644
11675,0.15707029683418083
11676,0.5744564336197896
11677,0.6672316463072009
11678,0.6937766540804727
11679,0.25214384691736824
11680,0.5188548147008561
11681,0.33751385112203913
11682,0.9266738585900031
11683,0.4812215047390973
11684,0.5705531362723459
11685,0.5313866348577074
11686,0.998013231169473
11687,0.8959386212321875
11688,0.9874074773008308
11689,0.24038759450387748
11690,0.48236597600787445
11691,0.4528069177390075
11692,0.7014920632361445
11693,0.7225851604760436
11694,0.4183560311920559
11695,0.5266888836791295
11696,0.46565171812158923
11697,0.7655959950759288
11698,0.49441044029807124
11699,0.6780349811260918
11700,0.8231283156766313
11701,0.6782799104083133
11702,0.3641715941617931
11703,0.4784430393516773
11704,0.46623454834231537
11705,0.9592691388159047
11706,0.43574267818459234
11707,0.9135837606096421
11708,0.9096409495328285
11709,0.7465470416985389
11710,0.20204923072404257
11711,0.4251489356018373
11712,0.6450376484325936
11713,0.25678483204139735
11714,0.16040823947335936
11715,0.48224356637553123
11716,0.5998315106880102
11717,0.6473444844234689
11718,0.6115341845511547
11719,0.29141537570037146
11720,0.3481986257532438
11721,0.38292015171797866
11722,0.20453524085891572
11723,0.20693212193515154
11724,0.4585691923229175
11725,0.12839470969997802
11726,0.10996903825257687
11727,0.5054900265536806
11728,0.047637235180223
11729,0.4024733692732628
11730,0.7486829407038056
11731,0.9742569982662092
11732,0.4998767506118408
11733,0.25713978671150617
11734,0.6279543415276096
11735,0.14494129415728096
11736,0.9304979731403108
11737,0.7550437287826272
11738,0.15065854919740274
11739,0.0976725733378766
11740,0.9262833240031522
11741,0.9560535555813984
11742,0.25134283843003213
11743,0.17186589577302658
11744,0.6896139968834811
11745,0.9937020524022987
11746,0.25776616510332084
11747,0.3608601912017618
11748,0.35987047524996396
11749,0.4654243519434673
11750,0.2623999191552304
11751,0.5589065319325786
11752,0.8316387160173767
11753,0.400360970952518
11754,0.28017502692663865
11755,0.934488981190804
11756,0.5497460531852537
11757,0.23270321547635597
11758,0.34714350405841043
11759,0.5009426348841328
11760,0.08893343792057373
11761,0.03383238040794201
11762,0.7107044595799425
11763,0.7420035998147967
11764,0.47037121732098586
11765,0.8643162178478373
11766,0.5884061433255399
11767,0.75736255262843
11768,0.9359825066888495
11769,0.7903636126611446
11770,0.3105486987468298
11771,0.11897136602890068
11772,0.039770638013072124
11773,0.39054790577010756
11774,0.0074530333282248895
11775,0.7379049951203323
11776,0.451767616860829
11777,0.7322299813308988
11778,0.49774415413206874
11779,0.014894228579371616
11780,0.8721261000315242
11781,0.9205323235576057
11782,0.6010596761860061
11783,0.6991662938719361
11784,0.06067062355983632
11785,0.6957166649388938
11786,0.08400041300985661
11787,0.32078786656129343
11788,0.2985307667580661
11789,0.8414302600608861
11790,0.4628966968467271
11791,0.06272380855444115
11792,0.24219986721831743
11793,0.4443607319806937
11794,0.9474922671099291
11795,0.2413221403969511
11796,0.7753986686719786
11797,0.17494256596407332
11798,0.642335960494462
11799,0.22558415875787363
11800,0.7719869363777153
11801,0.5425203638046312
11802,0.8925934541323876
11803,0.10678139869347059
11804,0.18928365535568692
11805,0.7662478754334211
11806,0.3359672699482168
11807,0.06947609200180005
11808,0.7030884165474005
11809,0.1357202769932626
11810,0.1191938579327374
11811,0.5028490191280661
11812,0.4119903754198203
11813,0.17399673296870166
11814,0.6705668085697148
11815,0.4154880638140547
11816,0.6851602313977222
11817,0.38281899345511994
11818,0.8258626758965936
11819,0.5740732161851406
11820,0.811830033794613
11821,0.626022603144522
11822,0.36169001790286404
11823,0.38774949602610875
11824,0.8074460340632574
11825,0.02922677282541286
11826,0.17314382995165845
11827,0.6295371040437885
11828,0.7434217973843035
11829,0.8523552208496284
11830,0.771011037612388
11831,0.9814832948890008
11832,0.9198566067725039
11833,0.42094161509072836
11834,0.7885088728532613
11835,0.29601996563350197
11836,0.9287424418507151
11837,0.9971633552053073
11838,0.734578844000882
11839,0.3345476761096874
11840,0.9629956864004882
11841,0.04094974081257019
11842,0.41000156944739863
11843,0.510034877121263
11844,0.5146268512140895
11845,0.22487588107827727
11846,0.4022372925076235
11847,0.7111479927298655
11848,0.7775825705808221
11849,0.718320131335464
11850,0.01675490413653069
11851,0.6755490018503406
11852,0.24117790901291392
11853,0.645712330185573
11854,0.3800792031372552
11855,0.5735006927810696
11856,0.22473822667202414
11857,0.6773826504015935
11858,0.9026263497069409
11859,0.3345903383334604
11860,0.06366150320246544
11861,0.9394130890181736
11862,0.5490451162537971
11863,0.8317788592272415
11864,0.946201317762248
11865,0.8748700019995529
11866,0.5203775830254964
11867,0.9773106727746566
11868,0.4377497735573114
11869,0.24972860422212773
11870,0.8682287937953231
11871,0.8820211452252491
11872,0.059383508811150953
11873,0.7367837519164804
11874,0.33513299628353377
11875,0.8600975702749929
11876,0.2429319265894634
11877,0.5803025448063319
11878,0.1302473828350127
11879,0.883330084646368
11880,0.13601238483774591
11881,0.6479130411484091
11882,0.22557334063462875
11883,0.7566392935386174
11884,0.18419409630939798
11885,0.7582850311157469
11886,0.5059902304116576
11887,0.7086861141354694
11888,0.5206078218523589
11889,0.5565422718634496
11890,0.6044322160907072
11891,0.22834384466140623
11892,0.575748092189647
11893,0.26383941967853186
11894,0.2994598888900514
11895,0.49902338142002445
11896,0.22825559671966633
11897,0.6189802950476968
11898,0.2995679608590148
11899,0.18604141405740315
11900,0.8987199326625098
11901,0.43582245320756374
11902,0.9429275663213745
11903,0.41472007240905284
11904,0.010588025444859261
11905,0.19921798780977096
11906,0.8353503504392654
11907,0.3601862830165351
11908,0.8463769223868839
11909,0.3882089593322565
11910,0.29672373855595613
11911,0.8007267547167678
11912,0.07228868695872015
11913,0.8759516286605756
11914,0.4198664715988444
11915,0.3287101233847788
11916,0.21992063530920036
11917,0.5944073709796783
11918,0.9479459878887757
11919,0.35241895882995844
11920,0.23066865620496302
11921,0.24765199396114423
11922,0.09103178832250736
11923,0.23671486952286813
11924,0.6441999684714963
11925,0.7134490800447902
11926,0.41660379468842446
11927,0.9436432807846017
11928,0.16696349788476172
11929,0.7157093594540841
11930,0.40514530704431573
11931,0.23937605476025803
11932,0.19464861424666624
11933,0.16761308673152364
11934,0.9778553228332505
11935,0.3894246488042331
11936,0.6081381887643951
11937,0.4323695757512357
11938,0.8109638859215456
11939,0.7585869562522526
11940,0.046738711611577055
11941,0.6413706702142447
11942,0.9688212984660657
11943,0.8504249082454308
11944,0.29567429740773843
11945,0.610935283969131
11946,0.45036476209809195
11947,0.5845752026889178
11948,0.5617682766817249
11949,0.7332281074951944
11950,0.32081907376408136
11951,0.43232175664335126
11952,0.5791025668313452
11953,0.008088642240968724
11954,0.2716601623721594
11955,0.48614759190190227
11956,0.1805076443042286
11957,0.7190729666469888
11958,0.10522480038725535
11959,0.7228516463489277
11960,0.8222152000159778
11961,0.6855927730783775
11962,0.9172638646353349
11963,0.711677643000192
11964,0.22118820472725043
11965,0.822009306101986
11966,0.24328001727784698
11967,0.8315383931621313
11968,0.5888520016050752
11969,0.5126532474941007
11970,0.5789833316321626
11971,0.3935957189496063
11972,0.2704703762142404
11973,0.4603936795396677
11974,0.13805669740240645
11975,0.6196381804634469
11976,0.5468591374546184
11977,0.6730784148812181
11978,0.6382666403948213
11979,0.9239604080684214
11980,0.5171468948126894
11981,0.01247604850955264
11982,0.8803317082108565
11983,0.12097589984625401
11984,0.7291944677520745
11985,0.19742399454409665
11986,0.12329968648372158
11987,0.9547456632618585
11988,0.03571073992633389
11989,0.03019949099865471
11990,0.448338377701042
11991,0.5857026204575677
11992,0.17661007594155675
11993,0.7246779297016165
11994,0.9392021599234838
11995,0.49848039900618035
11996,0.12176171614653475
11997,0.8434809551176217
11998,0.9429092831779586
11999,0.8328224205824427
12000,0.5646904031604869
12001,0.8397460495181505
12002,0.37688365480133446
12003,0.49967599625985926
12004,0.08130241162434704
12005,0.3241552033329199
12006,0.9156513062006972
12007,0.8534523716298063
12008,0.594156501367661
12009,0.9053655477983551
12010,0.42692771520585715
12011,0.9376107172016239
12012,0.9458708006923029
12013,0.5699678314641291
12014,0.050203186325068705
12015,0.8846619378615642
12016,0.9113883286594711
12017,0.9430536033750413
12018,0.4720196754114184
12019,0.2912931767205521
12020,0.08751297476666065
12021,0.8793348236982826
12022,0.7230202753945644
12023,0.8018056176960744
12024,0.7690663338545309
12025,0.8173654600125836
12026,0.11098966587297632
12027,0.3382780848820647
12028,0.8141704495913136
12029,0.73427611200571
12030,0.7667563579854878
12031,0.7596107191910934
12032,0.0669200347356651
12033,0.8260735735832512
12034,0.08591264894819517
12035,0.8224053397443803
12036,0.3170882864162625
12037,0.21212411369450213
12038,0.19590593045527194
12039,0.0772263544147439
12040,0.4982630073145673
12041,0.784602430522683
12042,0.6504411755201984
12043,0.9920434740415676
12044,0.7710267516662118
12045,0.7282893457056446
12046,0.41132117932623113
12047,0.12080915563068362
12048,0.3797583065495185
12049,0.8596499627062903
12050,0.3358467023138043
12051,0.12251640228727967
12052,0.5313550078372126
12053,0.6074475579025003
12054,0.11831354947073924
12055,0.7663105859832143
12056,0.5079029043805741
12057,0.5871376712685767
12058,0.03840272112106369
12059,0.21579014842248723
12060,0.4404688517663523
12061,0.10408862858587398
12062,0.7298786779563365
12063,0.21677808741872695
12064,0.3612797777577671
12065,0.03339441187377146
12066,0.2531015323052722
12067,0.8490541600987215
12068,0.5335168440091274
12069,0.7321300728357139
12070,0.20758765357731224
12071,0.19617801879767494
12072,0.5838266839648564
12073,0.19200178945783364
12074,0.19772297659509497
12075,0.09922083474821775
12076,0.759558891807464
12077,0.088180677737423
12078,0.8889768774649768
12079,0.8705535407397618
12080,0.16126186369678863
12081,0.9673941403563582
12082,0.34092777019589837
12083,0.8889968633428169
12084,0.07227453339988943
12085,0.14377107202164963
12086,0.4413958707066089
12087,0.04767202665257009
12088,0.2695136551154488
12089,0.5988365155628974
12090,0.13162891996552806
12091,0.12446804237521802
12092,0.4011865799120755
12093,0.10312033743059446
12094,0.6528411296965876
12095,0.7904256105147234
12096,0.473839177725075
12097,0.06530432758790317
12098,0.612307191562572
12099,0.23983447392208612
12100,0.3800347837906247
12101,0.1927795958451628
12102,0.6404768667600277
12103,0.8189259644234187
12104,0.858543053591017
12105,0.7718086713544104
12106,0.546607485048415
12107,0.5558248399837245
12108,0.20300323146955268
12109,0.015195031449017016
12110,0.5592499215230881
12111,0.6976543134432122
12112,0.39602251572091907
12113,0.6429243453773302
12114,0.32499521050370717
12115,0.35290968670937406
12116,0.3792679821869085
12117,0.8463664725425286
12118,0.2035513531328773
12119,0.9678738448655878
12120,0.26027519324993376
12121,0.4906756514024063
12122,0.256698768123264
12123,0.4774310644079768
12124,0.3992664825092751
12125,0.37477925326179906
12126,0.29951391853773013
12127,0.02197287162501571
12128,0.8075780196418098
12129,0.4510007521424041
12130,0.25976065253667413
12131,0.18823437206125515
12132,0.15790810282358148
12133,0.9490273364031785
12134,0.5966948048343728
12135,0.26242257918568457
12136,0.26124983635149623
12137,0.9934743752385027
12138,0.6446836988337571
12139,0.1632492837775098
12140,0.7968349610007254
12141,0.436910031618852
12142,0.6689053719891366
12143,0.5877796067519371
12144,0.1426557759990048
12145,0.12324878299429542
12146,0.7553094048622084
12147,0.23965577984063535
12148,0.7127999482821974
12149,0.02305591324955847
12150,0.9758813752739505
12151,0.5004902182781563
12152,0.42871188886375633
12153,0.7949816670801622
12154,0.4101563061437663
12155,0.6871593375031363
12156,0.024047355624996825
12157,0.9176580538509552
12158,0.5481561302857428
12159,0.728629431502792
12160,0.941747978621612
12161,0.42031088274226913
12162,0.1043123653430017
12163,0.033740132753912744
12164,0.4732135629424833
12165,0.5753001675739792
12166,0.35186904938754726
12167,0.4880064067813896
12168,0.12675977957843576
12169,0.1618911762667975
12170,0.9035279820089782
12171,0.17703348928160068
12172,0.5372738801846241
12173,0.3281744103211641
12174,0.9491280084181142
12175,0.09755396225968727
12176,0.23021752938427664
12177,0.2992275729189615
12178,0.36124117956752677
12179,0.09645488846471018
12180,0.15467222941241743
12181,0.8655845617705591
12182,0.48078990935112353
12183,0.15993753525370424
12184,0.9171785401794323
12185,0.7235878482164931
12186,0.2540109813663881
12187,0.8765327511090858
12188,0.7379519578842314
12189,0.994686386661379
12190,0.07883994785396142
12191,0.6194906915901172
12192,0.2602991635532592
12193,0.15257177961588897
12194,0.289963673480917
12195,0.7268117691539895
12196,0.6287166810400713
12197,0.31371608200871437
12198,0.10464181627133029
12199,0.12381700819534891
12200,0.6102089147279981
12201,0.47508158410793055
12202,0.37087934807299605
12203,0.09674867167396473
12204,0.4933524867371605
12205,0.2647099953173283
12206,0.8736057531476809
12207,0.6940014087168161
12208,0.4174329784023827
12209,0.919513676805884
12210,0.5590498446098893
12211,0.8291444358581235
12212,0.5933746314406121
12213,0.9432493814191916
12214,0.08882617899238232
12215,0.7780010801677472
12216,0.04145046552802145
12217,0.10728536600416716
12218,0.8081281753059233
12219,0.7261535381595218
12220,0.5947877434017691
12221,0.9164366671746162
12222,0.39540393692369036
12223,0.005456305627060232
12224,0.07165411743209404
12225,0.7240185645858442
12226,0.2593705120058386
12227,0.5851581499932061
12228,0.43962180793212
12229,0.23213762917250524
12230,0.743469161534378
12231,0.030454030518287212
12232,0.6866031670986317
12233,0.7491664957772572
12234,0.08351470976824393
12235,0.27950349258871854
12236,0.9239592194829513
12237,0.4635035821930229
12238,0.5832568780129573
12239,0.7738345533275386
12240,0.8553119436501057
12241,0.102996305000013
12242,0.532711165921318
12243,0.20643749197846328
12244,0.6937704137861035
12245,0.9442417523018444
12246,0.04684355398883233
12247,0.6456876799033917
12248,0.641712385653931
12249,0.4147089195055724
12250,0.6271447039137846
12251,0.3898722734959452
12252,0.9869979978146415
12253,0.4798715521412812
12254,0.8248991941392447
12255,0.9297069438816482
12256,0.7412051526352631
12257,0.6750778429552212
12258,0.70387299010824
12259,0.12927516685013274
12260,0.27218717020294014
12261,0.4574559244832266
12262,0.42389893639206355
12263,0.162751737342421
12264,0.32282351168966583
12265,0.7148912345476057
12266,0.0539997543136268
12267,0.6330060154503776
12268,0.3655394575511094
12269,0.9354498840017847
12270,0.2897981619846408
12271,0.9689438909698977
12272,0.8527291857024574
12273,0.21080649758640124
12274,0.8970722539303139
12275,0.3106753892352584
12276,0.442311900261505
12277,0.4338643836110423
12278,0.16321501073538602
12279,0.5108801923753742
12280,0.05208583422923563
12281,0.969200146158423
12282,0.42165460860137816
12283,0.8337875946464688
12284,0.30754605315401284
12285,0.28712698459942043
12286,0.604002812285631
12287,0.7720906039802353
12288,0.32842304075371764
12289,0.7363884344935385
12290,0.10578332318852435
12291,0.07353678125744711
12292,0.08972260800999454
12293,0.28235826436041767
12294,0.5214866157525305
12295,0.29988711868573725
12296,0.30052984410881445
12297,0.5028492656497837
12298,0.041772614925599694
12299,0.8317884078025997
12300,0.568750251102078
12301,0.11805174563174614
12302,0.9775756473822247
12303,0.28809232498983794
12304,0.23254959727691826
12305,0.8674680242548116
12306,0.7487302249418331
12307,0.49329470462847824
12308,0.8780794135910953
12309,0.4632896343116498
12310,0.026441678480592756
12311,0.7218225633500661
12312,0.2636708115133951
12313,0.32330368775287954
12314,0.9297843574237147
12315,0.6219116444297651
12316,0.7638109874998292
12317,0.5335808224095996
12318,0.5904848376967612
12319,0.7667256102836942
12320,0.9462850768741249
12321,0.7098770002182988
12322,0.028138732662921884
12323,0.3569942189265598
12324,0.7736094353362939
12325,0.03337280390115982
12326,0.8799584456541529
12327,0.6725634140828795
12328,0.2371475551810992
12329,0.436394006441964
12330,0.029070511109599573
12331,0.070519612846342
12332,0.550269448955057
12333,0.22693736306160617
12334,0.17895937942020212
12335,0.9464105329947912
12336,0.6529404178502148
12337,0.04328559377269481
12338,0.29626606622052676
12339,0.18295291419839488
12340,0.958208827944322
12341,0.3062415344741056
12342,0.6087099099832936
12343,0.5198172875267887
12344,0.9071107658927506
12345,0.005015471386759285
12346,0.3259893485871108
12347,0.17438154535031036
12348,0.7817700436347413
12349,0.38906016003077637
12350,0.8369886906491536
12351,0.5281725853553623
12352,0.9500065668416902
12353,0.4425060329328676
12354,0.35013517067198074
12355,0.7364975153450813
12356,0.18332950492801658
12357,0.6406848559852293
12358,0.05955284546502748
12359,0.7255724948351328
12360,0.7741861157278259
12361,0.1320366385135826
12362,0.8834855258659817
12363,0.09081577527371731
12364,0.7453406627086812
12365,0.9149155636681328
12366,0.6451194317089461
12367,0.5671398603895224
12368,0.7198547288020433
12369,0.22158279925018265
12370,0.3018893632281525
12371,0.8335173166632598
12372,0.0904960042786983
12373,0.5873390752603139
12374,0.8854785918697251
12375,0.08201489960477992
12376,0.17001649184001566
12377,0.10349673096838541
12378,0.10653580599403523
12379,0.8024177537413382
12380,0.6256556615883229
12381,0.22369051111032845
12382,0.4307776723295269
12383,0.5767345226321707
12384,0.6985539682869186
12385,0.35858755126081776
12386,0.35963757001119434
12387,0.391788956858345
12388,0.16256404111280254
12389,0.04196278330026637
12390,0.6201737861431975
12391,0.4600784194183146
12392,0.28296628924444833
12393,0.44842195753081293
12394,0.09490371314804957
12395,0.3860020590355594
12396,0.6178588062408932
12397,0.9311409087372652
12398,0.498288671614317
12399,0.2455516422114472
12400,0.4447821938579971
12401,0.2149656299075453
12402,0.9080222450535673
12403,0.930779363291043
12404,0.052367956422777695
12405,0.7474127124670543
12406,0.439211068109182
12407,0.8255799981794747
12408,0.5902513019636288
12409,0.3125047996437411
12410,0.02553493101868609
12411,0.8801585226839038
12412,0.5946453832714519
12413,0.29807046973715634
12414,0.11471917502824447
12415,0.5549743211412421
12416,0.7012513837162718
12417,0.6210951088925183
12418,0.016542249154113287
12419,0.8903419857361241
12420,0.4351299149769281
12421,0.07220538914739127
12422,0.7112225440324743
12423,0.472355480058802
12424,0.3854070165562363
12425,0.5520239339115908
12426,0.32676569304283143
12427,0.23831528804654534
12428,0.9076723009098597
12429,0.8045713452920865
12430,0.3329563103863853
12431,0.2903202074453476
12432,0.7558030065616265
12433,0.7722622959414784
12434,0.006085295259144807
12435,0.8511936632136756
12436,0.4470189560778123
12437,0.09674873644051074
12438,0.6207134747882134
12439,0.32078516667628065
12440,0.9290853379300342
12441,0.8037956042140127
12442,0.1679451701875997
12443,0.7735881021564672
12444,0.2532620082034637
12445,0.28760346250551416
12446,0.9838301929668756
12447,0.11494475617347022
12448,0.7446073179416608
12449,0.7450180145087636
12450,0.20940968940252047
12451,0.8823313116821221
12452,0.08910436650779063
12453,0.7168630180486815
12454,0.00034086247236086997
12455,0.7108820010446733
12456,0.6185504601496395
12457,0.3789276805967051
12458,0.6500632241158841
12459,0.6663955725630673
12460,0.6122341283238131
12461,0.20156383049194337
12462,0.3078913600855573
12463,0.8744769718648643
12464,0.8355163860597851
12465,0.336503761494516
12466,0.9884519677871914
12467,0.946911459694922
12468,0.7122514239804988
12469,0.20591580531625586
12470,0.23141814894619683
12471,0.4771105425159683
12472,0.07483832364411169
12473,0.8980717178056626
12474,0.408223692504723
12475,0.35704086483185027
12476,0.45334430279904914
12477,0.9229267678426767
12478,0.9109571435700026
12479,0.25647737980853447
12480,0.5490697161117685
12481,0.4326683418326164
12482,0.045918420257892056
12483,0.52457571479663
12484,0.7675551599842692
12485,0.7728321044134199
12486,0.7339528456533434
12487,0.20341134548095807
12488,0.07320845926906105
12489,0.1690478738870682
12490,0.00991493794397369
12491,0.7557864589910295
12492,0.20456619018928024
12493,0.4354394358089665
12494,0.09261130277969565
12495,0.5383740185437041
12496,0.4084423017508235
12497,0.2731312369135874
12498,0.9500267820666264
12499,0.31041679870109695
12500,0.6696724334719923
12501,0.9637777175819336
12502,0.6979864426881882
12503,0.6873871935677378
12504,0.7833894792170337
12505,0.6499376659580478
12506,0.409155080827325
12507,0.2339895934695555
12508,0.9566749679371654
12509,0.6457308285338275
12510,0.006972965493908467
12511,0.3759875722419179
12512,0.041192098527846
12513,0.8572719021399986
12514,0.220763413296594
12515,0.5391071494651437
12516,0.20062858530223948
12517,0.6383763072286476
12518,0.6518822746930998
12519,0.7647678458684112
12520,0.5257998827279587
12521,0.8325529469120416
12522,0.7619188874979097
12523,0.5167587139678089
12524,0.8523658853568199
12525,0.12271079572120658
12526,0.14024652990197572
12527,0.9898822250104898
12528,0.13078745671746073
12529,0.6306843159527278
12530,0.639012400078806
12531,0.3870775559634231
12532,0.435651807575274
12533,0.5170183858615486
12534,0.4767190570881452
12535,0.6304267518367587
12536,0.06352224830965991
12537,0.2295569711115648
12538,0.5668733603852718
12539,0.5626247232617693
12540,0.24154730783093803
12541,0.0929656023825236
12542,0.2095514886675921
12543,0.5296495248774153
12544,0.3821135771145857
12545,0.2958159927746624
12546,0.04843169136839587
12547,0.052636049417352226
12548,0.8126723586821264
12549,0.5497949827159107
12550,0.9333941334386662
12551,0.24571226301821258
12552,0.13883838000724047
12553,0.030055016790528244
12554,0.5934967777107625
12555,0.5935444522000249
12556,0.21521237364121015
12557,0.40860404917122717
12558,0.11973326326706157
12559,0.14746842773947588
12560,0.6311455018450769
12561,0.31551494565666105
12562,0.3022001188089092
12563,0.6000712799944485
12564,0.24667962547889155
12565,0.01603148573414026
12566,0.3055125133150466
12567,0.8740028079269858
12568,0.8757348295194103
12569,0.9186432507877972
12570,0.19327827462438163
12571,0.6698455285895693
12572,0.49220459565147023
12573,0.2631686477994579
12574,0.643697721483723
12575,0.6100210749272074
12576,0.14483868251732768
12577,0.7609714997119036
12578,0.9106412361657696
12579,0.3089885865600104
12580,0.09917118259099256
12581,0.36349754945442914
12582,0.8491201301923534
12583,0.462270065889272
12584,0.7639221231111064
12585,0.5853704185406644
12586,0.9757602077156046
12587,0.5570900610042536
12588,0.7826899725385765
12589,0.38470558788537124
12590,0.4490946776366005
12591,0.2702796113824345
12592,0.2536561976692959
12593,0.5530285926768189
12594,0.6712070453451906
12595,0.035777622122095454
12596,0.03914072508003119
12597,0.027843279861490267
12598,0.5332003173047277
12599,0.5832237563543979
12600,0.5491201046414588
12601,0.48400560356877786
12602,0.5605120362633856
12603,0.30100269718061845
12604,0.9143845908986524
12605,0.8509375707648679
12606,0.5007780643338525
12607,0.6115597710005671
12608,0.6097636958755177
12609,0.24084229226170029
12610,0.159422392531404
12611,0.889945618615536
12612,0.39139529474161927
12613,0.9087537357359984
12614,0.6934290848952933
12615,0.7316308805594509
12616,0.18267607630707183
12617,0.8877185295331361
12618,0.7939538174686197
12619,0.05848082772902419
12620,0.8995851206299367
12621,0.5453949405465509
12622,0.6965831803220587
12623,0.8264253851711837
12624,0.2303280864566435
12625,0.34327104543192344
12626,0.8067420393802855
12627,0.37121534750881957
12628,0.6539457997302313
12629,0.8187897263505479
12630,0.7748093423529709
12631,0.604712449529139
12632,0.9243466900712887
12633,0.2978509592684062
12634,0.4285932577988313
12635,0.7726878981082074
12636,0.761892826681813
12637,0.6596082784163736
12638,0.12558684633729522
12639,0.5784620015803116
12640,0.9659010999243473
12641,0.2639228700540188
12642,0.06897289750038871
12643,0.014767382925551353
12644,0.6034366894022372
12645,0.052146445491447535
12646,0.9251087731108887
12647,0.8841839735825415
12648,0.9012088284465878
12649,0.648244764640422
12650,0.031026045766954446
12651,0.5618435804395194
12652,0.07752094754440797
12653,0.08214095888680828
12654,0.05568782139249051
12655,0.12144412649291081
12656,0.5288356999933583
12657,0.5668743925899159
12658,0.776875557765061
12659,0.7832412384478685
12660,0.298220796128046
12661,0.444632138668524
12662,0.5085647915762342
12663,0.0052659985507939044
12664,0.877290354635732
12665,0.4979617449358106
12666,0.5791192182691689
12667,0.2318724804981278
12668,0.7760392031931506
12669,0.3614101744878787
12670,0.6843318881802601
12671,0.5158129312818903
12672,0.8442883807551069
12673,0.5316782034502294
12674,0.8436154859007706
12675,0.32977859579028934
12676,0.35008627482882104
12677,0.7084772088084601
12678,0.6915563423878018
12679,0.11119359652411653
12680,0.3089795840164993
12681,0.1286992832966315
12682,0.233264822013302
12683,0.3720705291124463
12684,0.9802800179423186
12685,0.3712187453190682
12686,0.4471199704487696
12687,0.07639928695276033
12688,0.3712465454117033
12689,0.30264976624075757
12690,0.3659743525303485
12691,0.11852943574891284
12692,0.6568995295914174
12693,0.07767499370541742
12694,0.6962567781880515
12695,0.23593911495777709
12696,0.6968281206275876
12697,0.44850547502142457
12698,0.9604326206179827
12699,0.3898087886473819
12700,0.8179133158851739
12701,0.9391723988096234
12702,0.03734155525241034
12703,0.5996468938672216
12704,0.25986194359040415
12705,0.23423540329197223
12706,0.5114888344165399
12707,0.9407987264321168
12708,0.0619246717317975
12709,0.9591366272634747
12710,0.8065929358640566
12711,0.9002079051323938
12712,0.050356933475165566
12713,0.30073422186030496
12714,0.12222782837004864
12715,0.401547221382323
12716,0.17355180696073091
12717,0.06913690691840535
12718,0.6469670366535515
12719,0.5339955892518097
12720,0.8819540269889794
12721,0.15604059634335676
12722,0.34787673828186083
12723,0.5827247062822514
12724,0.08096962086778992
12725,0.8922531114313695
12726,0.9659244345793039
12727,0.5381835342439754
12728,0.8279110426015389
12729,0.4916840276458344
12730,0.09566664723066065
12731,0.40192076966953993
12732,0.5255502374545823
12733,0.7323321760207152
12734,0.13527872444700284
12735,0.44023066153812696
12736,0.6956518971373467
12737,0.6328876931732541
12738,0.08403687393519965
12739,0.33643686162145914
12740,0.047849071764956896
12741,0.1496172651358525
12742,0.20902615080215625
12743,0.41518335352725055
12744,0.5008407519620471
12745,0.8228805309340057
12746,0.7777013136599874
12747,0.49996437166544383
12748,0.30945582736212696
12749,0.13288596937588437
12750,0.883373484316668
12751,0.456280474054796
12752,0.6184689927857417
12753,0.6954831775962454
12754,0.7449371303723659
12755,0.82341047457563
12756,0.49056901697719
12757,0.43324822392943185
12758,0.7529092236492433
12759,0.3613499910471152
12760,0.05458695077951514
12761,0.8159452934815239
12762,0.6531802470479472
12763,0.4591055943556779
12764,0.9802937300876445
12765,0.6761970645143904
12766,0.13392472985473414
12767,0.35077372127584305
12768,0.5349945906632274
12769,0.7923812800083373
12770,0.8523529057814802
12771,0.5913089121291565
12772,0.07728450205880122
12773,0.3749599388927555
12774,0.33805598271969484
12775,0.8801850836644984
12776,0.15353796692817334
12777,0.2635278964970704
12778,0.04728418130307299
12779,0.46589816269964646
12780,0.16144194713721471
12781,0.9765247126508422
12782,0.4314327519214979
12783,0.9059085478399949
12784,0.20260423331629507
12785,0.5715847303867606
12786,0.7410890600859894
12787,0.794794334562074
12788,0.6655251733029816
12789,0.9990198619191819
12790,0.7162921982641457
12791,0.6117607144682392
12792,0.8747933853361693
12793,0.7182178294539561
12794,0.1303111535265432
12795,0.7690098651864192
12796,0.1506704037946014
12797,0.14867378114284735
12798,0.29045999647245024
12799,0.7465783320193061
12800,0.5843115889690907
12801,0.34604956190112635
12802,0.8009648518752587
12803,0.0940438579362507
12804,0.29723901278210785
12805,0.8482514170376599
12806,0.3624055237783508
12807,0.3262573414243741
12808,0.5351302326614003
12809,0.9085813785449348
12810,0.9620895186886718
12811,0.07927861483430854
12812,0.9484697652016916
12813,0.9607752091425292
12814,0.34937098199700023
12815,0.018078658741152775
12816,0.35281337878846697
12817,0.7704602910997901
12818,0.12251754577234808
12819,0.24472739077553607
12820,0.11960666338946646
12821,0.034164048146521075
12822,0.8376506291961819
12823,0.5968195271016069
12824,0.8767157660419681
12825,0.12337638154854369
12826,0.6800467266581528
12827,0.5750454109530553
12828,0.8377912147170882
12829,0.48036166305620576
12830,0.2874801491292961
12831,0.5081824397131374
12832,0.47717625753345916
12833,0.6861235921996194
12834,0.9441577374713949
12835,0.366611509081728
12836,0.5708047439310966
12837,0.3552047632010632
12838,0.5577799544285209
12839,0.9126017968802641
12840,0.3295308122680852
12841,0.932381901121242
12842,0.7686721472899446
12843,0.7266828215052297
12844,0.805755580420074
12845,0.5439302189994711
12846,0.20570604830645267
12847,0.9896900591906812
12848,0.28327157889053944
12849,0.2832216929904694
12850,0.5276103820141079
12851,0.4112104725777841
12852,0.0868386119674639
12853,0.45851054316915274
12854,0.3396238450796528
12855,0.9146766246824815
12856,0.8941497656749111
12857,0.6056327640020043
12858,0.7127151924852614
12859,0.5880858732476485
12860,0.23102052028557207
12861,0.756476448213511
12862,0.27163157576691677
12863,0.3656292827056318
12864,0.8429051883557425
12865,0.36504799415429723
12866,0.04814878885798868
12867,0.02378174732635374
12868,0.7312375531996449
12869,0.04526159318495948
12870,0.9957130483793144
12871,0.9927985609496327
12872,0.41959294423152627
12873,0.2475800261901666
12874,0.8075961798811688
12875,0.7302695433699933
12876,0.9400425770439323
12877,0.2172426843980595
12878,0.9477337879993769
12879,0.5985822684993986
12880,0.5527839173851696
12881,0.6242892940560248
12882,0.27097608817364505
12883,0.370974913566803
12884,0.8843665879313886
12885,0.6583213051797815
12886,0.8642149194477821
12887,0.28697298755254186
12888,0.07337050015664559
12889,0.1351565117901592
12890,0.2583181322450009
12891,0.49425194789277294
12892,0.1917544073421925
12893,0.6785843703879654
12894,0.7781666863089062
12895,0.7130752134992607
12896,0.7278343490477058
12897,0.5701852405140642
12898,0.7444727232260303
12899,0.8847784250651612
12900,0.6390404396523359
12901,0.943391840654817
12902,0.5599473707538409
12903,0.6674756604226991
12904,0.4759144479065185
12905,0.5510023259488225
12906,0.7545246011385881
12907,0.9983396266615683
12908,0.04760201384429008
12909,0.5468287750449414
12910,0.4093799687140115
12911,0.9294511751929487
12912,0.15491620104888937
12913,0.8237148836069905
12914,0.13041882210993883
12915,0.7728574640510943
12916,0.8927481971533415
12917,0.7465105176469258
12918,0.9494453836226474
12919,0.6003144251094404
12920,0.28096366172363396
12921,0.8674243776266345
12922,0.7497244758196744
12923,0.8384347042454483
12924,0.5290687430721399
12925,0.8422884262573956
12926,0.11517495511170672
12927,0.9196361339485583
12928,0.2259214577624633
12929,0.7855287189252708
12930,0.000982487247309538
12931,0.929733391406875
12932,0.9516093470790777
12933,0.936131780488153
12934,0.5487362140450007
12935,0.17713388338709435
12936,0.07523460808328786
12937,0.6222537878853479
12938,0.5333998321389392
12939,0.4722747540730535
12940,0.10232229930975101
12941,0.8745871077625619
12942,0.727828769286661
12943,0.8744298987423806
12944,0.390177195065445
12945,0.6163405665944589
12946,0.47942215321602266
12947,0.9831986685003493
12948,0.3899820727190719
12949,0.815603333265566
12950,0.589781278802626
12951,0.3146405902299496
12952,0.4117955765386301
12953,0.3523330687750398
12954,0.7649669015051145
12955,0.6665101226486114
12956,0.11622846570992862
12957,0.7738869725036509
12958,0.4613480690721091
12959,0.3265198051868844
12960,0.37389085612566075
12961,0.13008394579635507
12962,0.31231574222877867
12963,0.17324134763848764
12964,0.4576064565304764
12965,0.527912745971141
12966,0.9900196236907216
12967,0.7688971682851123
12968,0.5288938886037085
12969,0.37432825277113224
12970,0.15900690861608435
12971,0.379297686635366
12972,0.5445799175471171
12973,0.17780969945592595
12974,0.8999140504347687
12975,0.6391171534896679
12976,0.4050331792144687
12977,0.7942561364735268
12978,0.13454907594746823
12979,0.8377846534648473
12980,0.01892309439865958
12981,0.3950842726612095
12982,0.5587939688017649
12983,0.1679261445638689
12984,0.6698147912215073
12985,0.9611087810472138
12986,0.08091771680255622
12987,0.009235881993884698
12988,0.7082618187026514
12989,0.7933560795874285
12990,0.4162769570983891
12991,0.3459342095802479
12992,0.3516350738548144
12993,0.8385384513740911
12994,0.05780193261700206
12995,0.7961896159322566
12996,0.14169654715350966
12997,0.8208002022185862
12998,0.541464653181327
12999,0.8359230708991735
13000,0.14600739884670977
13001,0.14468640769950936
13002,0.215097547889327
13003,0.517525726478549
13004,0.44303062570291185
13005,0.2616006591357489
13006,0.2800169598903942
13007,0.7660889087526324
13008,0.07787280700311106
13009,0.8981899387070974
13010,0.39436700703993144
13011,0.7530025176680164
13012,0.15461080317775122
13013,0.7888401631812706
13014,0.2543546393165199
13015,0.002466660541007193
13016,0.7771337286688296
13017,0.5902986452875941
13018,0.6714563744966587
13019,0.5986261575989966
13020,0.23231849111167346
13021,0.32910456006825073
13022,0.007413917407050219
13023,0.9120819825237869
13024,0.4388658238847636
13025,0.1680804640787752
13026,0.00042357006014370757
13027,0.7851876027755884
13028,0.34374174286851966
13029,0.284430621746783
13030,0.5314971897222569
13031,0.4925604182740647
13032,0.6188826380315134
13033,0.0042124791203456136
13034,0.3648653689318295
13035,0.974582121964023
13036,0.20720500541780806
13037,0.32815304150105795
13038,0.11406533567086441
13039,0.5004003803145413
13040,0.4006722397610074
13041,0.40438340502475634
13042,0.4215284643567795
13043,0.7020946454170688
13044,0.45191315245102304
13045,0.2605808175886273
13046,0.4931166625816771
13047,0.9456889724128579
13048,0.4711672472958952
13049,0.13901169750845477
13050,0.8234514950864352
13051,0.9174788726638361
13052,0.3404901716484472
13053,0.022069593941304033
13054,0.8057059671006642
13055,0.32510117919047343
13056,0.5477399047939903
13057,0.7846377309508251
13058,0.4767983197722385
13059,0.29239836456095225
13060,0.8566267451922729
13061,0.9230812556318091
13062,0.7169418487551793
13063,0.012097035080963381
13064,0.04314219234714345
13065,0.5777235638242176
13066,0.7758022410682199
13067,0.14143539593788912
13068,0.902519508889671
13069,0.9170180006124854
13070,0.7921972717942125
13071,0.6485033646440926
13072,0.3673265817225503
13073,0.0926453205363833
13074,0.9389586997582419
13075,0.28433018879618266
13076,0.18290321375644658
13077,0.9480285196135468
13078,0.5969717311555047
13079,0.954902440518144
13080,0.8295496706238839
13081,0.29098099657467213
13082,0.6659319799608515
13083,0.6077674334492453
13084,0.397475306408664
13085,0.5420635621847273
13086,0.5279000740864237
13087,0.06482289186784873
13088,0.17956225399329384
13089,0.5455674066953825
13090,0.04350310088370135
13091,0.81013718016138
13092,0.39235216202851386
13093,0.07561347804877927
13094,0.8413630435914181
13095,0.06859415651737855
13096,0.16852993892717427
13097,0.766663765774091
13098,0.9336589156485074
13099,0.03459105580141575
13100,0.06049778785416948
13101,0.4826274288313134
13102,0.41988345395517535
13103,0.9634074757537991
13104,0.4474293453006768
13105,0.7103074873487156
13106,0.3503984040879713
13107,0.1842655704969035
13108,0.6895660742792513
13109,0.4552643711126565
13110,0.5692433255743683
13111,0.8046552561699968
13112,0.35343882114418046
13113,0.49251924144426773
13114,0.506853738700961
13115,0.06828588789263579
13116,0.6875126711572286
13117,0.4438777776320001
13118,0.5991637822378176
13119,0.886955741593656
13120,0.26223226871454464
13121,0.6736873047792545
13122,0.5575799613548369
13123,0.5410710072637177
13124,0.9364845492519441
13125,0.3590887615835455
13126,0.06832994101955492
13127,0.34227889198241446
13128,0.006135474444531219
13129,0.8226203907524471
13130,0.9889343721195565
13131,0.8127905630056311
13132,0.7938126414859069
13133,0.6452250714881784
13134,0.5755136922795525
13135,0.5677895598760508
13136,0.40532334056893815
13137,0.17330187548825826
13138,0.6528508505036689
13139,0.025177671488690434
13140,0.2317577285050496
13141,0.004238635216243347
13142,0.499174498472973
13143,0.3564367123074784
13144,0.4271189253411922
13145,0.5733420437603863
13146,0.07605002793418247
13147,0.2627907371729882
13148,0.2300161606646246
13149,0.8863284404143695
13150,0.7412394350709876
13151,0.18589367347562347
13152,0.8383494958466147
13153,0.4927272041653674
13154,0.8124578937034446
13155,0.7315846303279586
13156,0.36166174169604004
13157,0.6017582296650001
13158,0.5995283657656146
13159,0.9200679681805396
13160,0.09616708449807487
13161,0.8395424168330492
13162,0.39362657944971313
13163,0.1405962263781484
13164,0.2861343361244052
13165,0.17427630317672937
13166,0.08922054965852266
13167,0.26155635250925025
13168,0.44474677033713617
13169,0.7130231982265197
13170,0.9528704147434837
13171,0.18812532967253803
13172,0.09059604140081523
13173,0.39586395719449885
13174,0.7363360234876161
13175,0.8254285472858723
13176,0.2018610826737639
13177,0.33236754902001153
13178,0.08903758281223251
13179,0.3685099399342613
13180,0.3249731838187131
13181,0.5552971516862779
13182,0.7018267450355834
13183,0.44828583130015887
13184,0.001319024833384086
13185,0.7379678539260051
13186,0.20149311892424926
13187,0.6511915968494869
13188,0.8907339514406158
13189,0.4091177400656312
13190,0.030863860986016567
13191,0.932290293902241
13192,0.2926319058428297
13193,0.7285284415925882
13194,0.34240670492670866
13195,0.8416149685591653
13196,0.6520621936900522
13197,0.29301670439938443
13198,0.13654249940921948
13199,0.16336343789152485
13200,0.777695976815075
13201,0.1012998593086133
13202,0.1457809031410383
13203,0.5912930840501044
13204,0.12650554906250022
13205,0.0534079130750873
13206,0.19402919457434198
13207,0.29161666571260036
13208,0.40138649856742503
13209,0.6944940748739845
13210,0.7580085253550257
13211,0.6271655563022158
13212,0.5208265991570952
13213,0.06454438988711564
13214,0.4555517212561272
13215,0.10618403625165995
13216,0.8316637339924267
13217,0.29255988310601644
13218,0.4036754797072962
13219,0.05831577902523011
13220,0.4221708271961139
13221,0.6448671435846214
13222,0.49690603588721927
13223,0.8232657270599365
13224,0.39753607568508487
13225,0.9492883642577137
13226,0.8279520523325342
13227,0.7871298232003492
13228,0.1534219594202747
13229,0.2404565250787294
13230,0.3496656833190387
13231,0.18053015613825008
13232,0.07473312717945224
13233,0.025845310141497935
13234,0.412537787465973
13235,0.03783636909911814
13236,0.17491440080870313
13237,0.9212264625464935
13238,0.4985452162338272
13239,0.1033461125539985
13240,0.8865222357780319
13241,0.1856778868878619
13242,0.4950151564201506
13243,0.842868459687544
13244,0.9880076654045273
13245,0.12649077866436464
13246,0.6983782693097115
13247,0.07706617028125218
13248,0.5806806014518394
13249,0.7710950265895818
13250,0.3375187690009446
13251,0.6068205906396189
13252,0.32354371224707856
13253,0.3106344825061137
13254,0.3324536136174767
13255,0.6485966189198036
13256,0.6179224558331863
13257,0.9128073921376236
13258,0.81939580421929
13259,0.5808190503906379
13260,0.6160769780658001
13261,0.552549580030644
13262,0.6776691433385447
13263,0.4244790662040633
13264,0.9649999697291918
13265,0.012351831618226283
13266,0.15322023708046628
13267,0.18676002924793744
13268,0.14755938663724333
13269,0.5913088076561218
13270,0.01859621836161518
13271,0.1019770496108311
13272,0.12850106063604538
13273,0.8060767288291344
13274,0.8425952998168947
13275,0.6609045325798055
13276,0.39237722382074336
13277,0.741967665208701
13278,0.8503914407441812
13279,0.37203441811264226
13280,0.6741655587798522
13281,0.6936481352725128
13282,0.3798300839110911
13283,0.03559157676969438
13284,0.4825810648964515
13285,0.3827010518540064
13286,0.9105937259481751
13287,0.07344523641126077
13288,0.9851693173680264
13289,0.6899461350386473
13290,0.9128546926150384
13291,0.2137030683257597
13292,0.6599271189698832
13293,0.19154056364798766
13294,0.7592496701539798
13295,0.028975921991350018
13296,0.4201373927733485
13297,0.3013809987102729
13298,0.7735328683911491
13299,0.9177153418853945
13300,0.023035500067870474
13301,0.8395344447986333
13302,0.15411768912115376
13303,0.6594967310840801
13304,0.6558517071803442
13305,0.6748640320885184
13306,0.6928580066193037
13307,0.9217663068556269
13308,0.31197729175348754
13309,0.4371067057377038
13310,0.6116721524400074
13311,0.49798830624421464
13312,0.43523102806182634
13313,0.8945804177710728
13314,0.8032293524536013
13315,0.5092437681267846
13316,0.31622074549980517
13317,0.735324880722158
13318,0.8476257958301251
13319,0.30796671501691086
13320,0.9247253570365762
13321,0.42346690482753424
13322,0.3211404595690208
13323,0.6138993988414676
13324,0.14107680091615948
13325,0.9112405952880094
13326,0.791333309029103
13327,0.12098466779585615
13328,0.9168999190743495
13329,0.8765783856055707
13330,0.6286820299884683
13331,0.9343728810628457
13332,0.7735151952825475
13333,0.6895587534429122
13334,0.8804913684623367
13335,0.29571656119710255
13336,0.29581502848000285
13337,0.08136459054186451
13338,0.7689336065847417
13339,0.8856195071458579
13340,0.6943765012406645
13341,0.863808700998441
13342,0.8686618917939799
13343,0.4550440854554836
13344,0.7180405738581084
13345,0.37695149552615903
13346,0.28396580379958614
13347,0.9621370944683203
13348,0.4220168729027788
13349,0.8589320925281095
13350,0.6027432511256048
13351,0.34752552816429993
13352,0.3781619896201225
13353,0.8407025781312405
13354,0.19942495454722253
13355,0.4574286792224248
13356,0.06494655155532347
13357,0.25796549805418634
13358,0.1364067360093495
13359,0.3427234811453237
13360,0.7156334638513078
13361,0.3768754212852363
13362,0.4589672611218568
13363,0.47359045176753
13364,0.6042470367403752
13365,0.16220443535557028
13366,0.08274165716697568
13367,0.946911501852871
13368,0.28827462379154944
13369,0.7616397318013699
13370,0.5339123990748041
13371,0.6844644166123528
13372,0.04601432316612564
13373,0.6809893323922553
13374,0.8438571715325364
13375,0.7631740374268087
13376,0.5470655762928628
13377,0.037078266597236675
13378,0.4934154192944137
13379,0.2710666324287614
13380,0.5617904307041535
13381,0.5786566453292628
13382,0.39578362890584196
13383,0.7531568187246139
13384,0.3488737826768915
13385,0.22962039407454038
13386,0.6270703483721515
13387,0.09423925179541293
13388,0.31210308310126744
13389,0.4006438781115276
13390,0.07563890363703973
13391,0.09175939391691001
13392,0.5448334092507363
13393,0.71228261202581
13394,0.9002642906046967
13395,0.8889808165090561
13396,0.3916321295384646
13397,0.617643513898686
13398,0.11232001213680753
13399,0.0889438649648947
13400,0.2610319170333343
13401,0.6675817686302359
13402,0.11834303513448985
13403,0.3271465858832936
13404,0.9959373687990819
13405,0.2482856842538973
13406,0.7587279512950651
13407,0.05949829320276967
13408,0.7126870111161298
13409,0.4184921470187978
13410,0.6575585991315914
13411,0.020573595812578005
13412,0.7642609923485958
13413,0.16434037729669282
13414,0.25081768942294347
13415,0.7145072062436597
13416,0.6076560043099889
13417,0.2543906140777221
13418,0.8437143035743963
13419,0.05655129177371743
13420,0.20772386404171006
13421,0.17912088433166673
13422,0.04344724109150988
13423,0.5986304097586412
13424,0.9765698614378274
13425,0.892388733952331
13426,0.6610698450457575
13427,0.2413687344562624
13428,0.7572326511723687
13429,0.9272977663115081
13430,0.6735764246396558
13431,0.7553831933656093
13432,0.7928222631843066
13433,0.6302082071481697
13434,0.4721698082623794
13435,0.5232483057016047
13436,0.9282778334328822
13437,0.9782840419560147
13438,0.8418626424142591
13439,0.35703263067386826
13440,0.5463705647321258
13441,0.06922173449077385
13442,0.23776902345274464
13443,0.85682720140232
13444,0.04939362251637924
13445,0.6139983436028305
13446,0.5784485965492128
13447,0.02488626326382315
13448,0.13620810366598923
13449,0.5902626146893288
13450,0.5373919333509702
13451,0.030374846635656816
13452,0.5160443842998772
13453,0.021745449338140377
13454,0.2910644707937602
13455,0.24521502802200656
13456,0.07528678627832552
13457,0.6737061234587324
13458,0.4289656207062066
13459,0.24735257500572272
13460,0.26882104318721833
13461,0.9104237402509756
13462,0.5501760129969601
13463,0.2537027008877547
13464,0.5129402043371136
13465,0.3787156594475688
13466,0.8953467695309529
13467,0.22718940266754928
13468,0.16512708035328405
13469,0.8973837839806634
13470,0.2089743035925552
13471,0.00226419815826151
13472,0.4987864181716566
13473,0.8991621900633057
13474,0.1785325121875787
13475,0.8341315892525275
13476,0.953568237132507
13477,0.8602024293849281
13478,0.7786409150285266
13479,0.29101503653512273
13480,0.3421259623278041
13481,0.15707870002154078
13482,0.512779696526313
13483,0.8276313768320558
13484,0.49662446649844205
13485,0.8233579335389639
13486,0.47998612772235694
13487,0.34847535776834593
13488,0.12710179571261992
13489,0.012787094104480534
13490,0.3530924892172753
13491,0.8220555985387533
13492,0.3459847227466277
13493,0.8189751806185347
13494,0.6900665313005746
13495,0.43932213559624034
13496,0.04265138157448789
13497,0.7095221677230822
13498,0.5676751562620921
13499,0.46509254011450496
13500,0.9761286947382282
13501,0.7483935682083214
13502,0.34500170414551534
13503,0.34060469460621934
13504,0.6146897775097919
13505,0.15488510100818498
13506,0.5414085984549051
13507,0.557746443391667
13508,0.6590767091865234
13509,0.8516527336265245
13510,0.6595103586224236
13511,0.9036528591439824
13512,0.02115272250771949
13513,0.6057957818456899
13514,0.031033654929023213
13515,0.8407731078304737
13516,0.1269430074792468
13517,0.49252817580209307
13518,0.10731463016595089
13519,0.6429923140243128
13520,0.5487717767120953
13521,0.039947289794796004
13522,0.7507774612344408
13523,0.5317329618737752
13524,0.45287383118204316
13525,0.8936917378687145
13526,0.7844481565974463
13527,0.871650454005818
13528,0.20422455428088981
13529,0.49093530868973667
13530,0.36884601053291244
13531,0.3184883499406116
13532,0.3018983931884789
13533,0.28271120391549565
13534,0.6081167278058752
13535,0.5500180774683382
13536,0.06155057409649756
13537,0.3117252898068661
13538,0.35136087833649454
13539,0.11352686806724122
13540,0.557345415899829
13541,0.715043717779851
13542,0.13601186921996067
13543,0.24371008422508644
13544,0.48762629428205384
13545,0.1754625346085239
13546,0.8897817710320066
13547,0.29772521176735167
13548,0.7582353612522865
13549,0.517932830454067
13550,0.5991064042985562
13551,0.7047807626020539
13552,0.18025163963415647
13553,0.5315716925142767
13554,0.2528396912811238
13555,0.10912306422380647
13556,0.8493371919115164
13557,0.3298511123794293
13558,0.7679006061813245
13559,0.7230588930511574
13560,0.5951443870756984
13561,0.6111450545358492
13562,0.5158694900601193
13563,0.4023996114434274
13564,0.02332249037765899
13565,0.5941194683730416
13566,0.5470827239496151
13567,0.7202319439030938
13568,0.24525304593641517
13569,0.456609413190324
13570,0.7299474839585582
13571,0.8505541206318973
13572,0.5238015680555114
13573,0.6131387529519022
13574,0.2778356778086034
13575,0.45372169155065456
13576,0.49617448019176746
13577,0.14296605200450974
13578,0.06915870456104567
13579,0.18580979381369
13580,0.8344613638769114
13581,0.47957809223362635
13582,0.1187323177123698
13583,0.9576831490294305
13584,0.1365064616356808
13585,0.5807696310037332
13586,0.5393666944642225
13587,0.20999556653146778
13588,0.1335633693012772
13589,0.9207991049762231
13590,0.12331317366057848
13591,0.2940820968684509
13592,0.5551932575440635
13593,0.7016335909990409
13594,0.28669798314451955
13595,0.037195925603640156
13596,0.6247817020201869
13597,0.5427557811602874
13598,0.05768830972263517
13599,0.5545566446370729
13600,0.32720514725881267
13601,0.8104086763389505
13602,0.3546239934613571
13603,0.5620410456936389
13604,0.5197848565448161
13605,0.9419720727301862
13606,0.5932378951219841
13607,0.6508195131872638
13608,0.4259935511474252
13609,0.13568898286979791
13610,0.4704634398234121
13611,0.7231144035165433
13612,0.5101511584583466
13613,0.6045491578196994
13614,0.7974203581181253
13615,0.008278616110938386
13616,0.5534285841569992
13617,0.7177607608083186
13618,0.9698018003194976
13619,0.8468460811709215
13620,0.7767604614537719
13621,0.329987264882702
13622,0.4928490438260067
13623,0.6384936401338369
13624,0.9496947202784521
13625,0.9939356068614296
13626,0.791840276361373
13627,0.6049395105381546
13628,0.9958409479559714
13629,0.8363268193238578
13630,0.515923994451624
13631,0.5304925308689122
13632,0.3203789537906453
13633,0.33453052494424285
13634,0.7962924967834828
13635,0.20028190473975815
13636,0.49614905647296026
13637,0.6614772033374676
13638,0.8664708462385277
13639,0.6864941547793126
13640,0.2259264902652346
13641,0.3665033081119252
13642,0.237277221392596
13643,0.46052378012679573
13644,0.03482275171599469
13645,0.45191909150643506
13646,0.10860783334702362
13647,0.6061125970608121
13648,0.8153860497392181
13649,0.8640917959212091
13650,0.935930130828457
13651,0.9742772376866585
13652,0.04563729877947076
13653,0.9025437832323396
13654,0.5414799305634069
13655,0.811175552265277
13656,0.42646474891875186
13657,0.11284746001259771
13658,0.5120862684196474
13659,0.5243599459376701
13660,0.43570369589262925
13661,0.12133138870452276
13662,0.035731378959714566
13663,0.03654005472869826
13664,0.11254167811387461
13665,0.028143101337750553
13666,0.6880236333954617
13667,0.9372386100288916
13668,0.21125119329092046
13669,0.8783796719738592
13670,0.5242687951066105
13671,0.07570046261467478
13672,0.8734763175241615
13673,0.4721822039062248
13674,0.9595746588506513
13675,0.007153003215922937
13676,0.3382351924864585
13677,0.20467409340876108
13678,0.017091252958985836
13679,0.3378675966045188
13680,0.4967018554921604
13681,0.5235266378353352
13682,0.7796124762342274
13683,0.3208974062434783
13684,0.048957105097947484
13685,0.637470151467424
13686,0.9086186148273787
13687,0.5872626293025884
13688,0.2367904450642433
13689,0.26564564081642383
13690,0.3588211102113328
13691,0.8709667512271069
13692,0.8282257182974336
13693,0.0834513917780495
13694,0.1445389280678243
13695,0.6898572136659693
13696,0.6728563519026688
13697,0.8800143869505113
13698,0.46133886521391576
13699,0.5658176709219338
13700,0.8740743813733107
13701,0.2845242442381689
13702,0.7443384374202712
13703,0.24331510762444297
13704,0.07189115379287292
13705,0.4503939908833281
13706,0.018593363243784022
13707,0.7356737467901512
13708,0.24795402616131945
13709,0.8984915593472237
13710,0.02488777917197016
13711,0.38728972094018776
13712,0.4118977902658787
13713,0.9893339005811668
13714,0.39667770647280487
13715,0.6888393994998875
13716,0.013802487129565
13717,0.53866700491706
13718,0.41601676551754296
13719,0.2476556872297604
13720,0.49302563258921106
13721,0.8860646887466246
13722,0.8759414928180455
13723,0.6704436075400154
13724,0.35266536874164045
13725,0.774466650946721
13726,0.7736108155150374
13727,0.8908308168772802
13728,0.9063307480797368
13729,0.30652529496974745
13730,0.5429267025090385
13731,0.5775115130627325
13732,0.2006088058451989
13733,0.9467983862086569
13734,0.6972137297627324
13735,0.7628968100744891
13736,0.46454098093091767
13737,0.8661336711039986
13738,0.8659033484745418
13739,0.06861686999837746
13740,0.8435367206207521
13741,0.8502025173355062
13742,0.82539010739856
13743,0.3889754394337501
13744,0.5824970364547362
13745,0.5546627314840147
13746,0.7504549332840083
13747,0.98246079544366
13748,0.060850243914182256
13749,0.7895691703347872
13750,0.41783122448259136
13751,0.3751799922421857
13752,0.5933174180430605
13753,0.20601011250106604
13754,0.8693678055948396
13755,0.052732294758730314
13756,0.10335489098988315
13757,0.8138340674888196
13758,0.6906737552086535
13759,0.7314387927718887
13760,0.38030498542044533
13761,0.7130779882849898
13762,0.30665666375825296
13763,0.7819898734111425
13764,0.13525178527844484
13765,0.9273656446691905
13766,0.8603160480925882
13767,0.0010176394510772457
13768,0.3873041255173092
13769,0.2747150526709883
13770,0.7771360089546365
13771,0.18072562591614416
13772,0.2780154121984675
13773,0.06586298914187683
13774,0.26162728669004487
13775,0.19279875717635175
13776,0.9299806402782133
13777,0.8069732007959904
13778,0.9392779210680061
13779,0.2659358427327181
13780,0.21045025495433556
13781,0.5697984797869662
13782,0.6364054449044657
13783,0.9343171152800466
13784,0.6216300543909267
13785,0.24693274222900852
13786,0.4628037979532711
13787,0.3818867100165513
13788,0.10745578668845235
13789,0.3482654463926671
13790,0.5644816081422298
13791,0.4832198672720466
13792,0.15924071708241105
13793,0.21797935151533632
13794,0.9421374009833705
13795,0.1902269074976456
13796,0.5286553283137758
13797,0.9681470056740973
13798,0.7608106844888659
13799,0.7494331524491372
13800,0.7292631241195673
13801,0.9552544513041231
13802,0.9139677965232134
13803,0.43975560474968167
13804,0.1855942173509879
13805,0.22103275641765985
13806,0.9278406588394517
13807,0.9914298894368139
13808,0.9857451928593784
13809,0.2967857725025246
13810,0.05191971586307764
13811,0.5900228406660281
13812,0.8807061508193257
13813,0.723565708034751
13814,0.5421196080325291
13815,0.26404744607851527
13816,0.011004910235885346
13817,0.6559371706890754
13818,0.7112778102079612
13819,0.21246293381683068
13820,0.7719351394538858
13821,0.3996280559368416
13822,0.8906572481184172
13823,0.7568576404529217
13824,0.09702327806528777
13825,0.5560109961661936
13826,0.16300423641487494
13827,0.5658794249502692
13828,0.5713178210231885
13829,0.29328582211032805
13830,0.6012828992781929
13831,0.126681913207486
13832,0.8157364224524003
13833,0.8024721910838063
13834,0.6697837819906272
13835,0.13453361329740143
13836,0.6602063780786994
13837,0.37525977494926976
13838,0.5428376272994608
13839,0.41857961196358817
13840,0.7360364243726896
13841,0.04041296778198511
13842,0.16420331562435564
13843,0.43204571718215967
13844,0.6010352211005731
13845,0.0215417117859239
13846,0.7717597696242601
13847,0.20375498295746464
13848,0.07487440244304
13849,0.6962625309504543
13850,0.16562493034273762
13851,0.0681142370469513
13852,0.06054839398188494
13853,0.5583595942408917
13854,0.5170376587698964
13855,0.5194402423599609
13856,0.5891370445409818
13857,0.7065858155260711
13858,0.4075743369127245
13859,0.40468727228474166
13860,0.44611918558068875
13861,0.8776996722246968
13862,0.7802873423853813
13863,0.7560062649157743
13864,0.2518730347440954
13865,0.050402531746646995
13866,0.021720139738790722
13867,0.6696379620875338
13868,0.9902486728037437
13869,0.7458109310519482
13870,0.34646755874914714
13871,0.0672867298129669
13872,0.4761389744073615
13873,0.6408838185293779
13874,0.45844897005126006
13875,0.8107306521110673
13876,0.1901413339460848
13877,0.8873480999517463
13878,0.6830283891151333
13879,0.9767435709809705
13880,0.3058548625447419
13881,0.7831234880638177
13882,0.33087917266421885
13883,0.522944806783477
13884,0.2871965953125428
13885,0.1032766714199852
13886,0.12290065043449783
13887,0.3661973822098822
13888,0.014996209611623401
13889,0.9364975310736691
13890,0.5247678871519807
13891,0.38006694053982726
13892,0.9408966978145163
13893,0.733710360628533
13894,0.31169108603787987
13895,0.5940313134627362
13896,0.5552748771531235
13897,0.40928810712776453
13898,0.005784635748944389
13899,0.8613790875848178
13900,0.5570251248175856
13901,0.11227480278026336
13902,0.23055141386959832
13903,0.33311206272612004
13904,0.32407308065326046
13905,0.24875112299479218
13906,0.0009730443706955638
13907,0.058999006691355826
13908,0.5697309254334905
13909,0.5493140198739593
13910,0.7106690541715514
13911,0.6032760905056909
13912,0.1881039288832026
13913,0.5405664223366136
13914,0.7613997667328053
13915,0.01792085415625655
13916,0.5731551001517105
13917,0.6830448701444383
13918,0.06741229362884549
13919,0.3147267097846198
13920,0.17838321878096963
13921,0.5724104020562444
13922,0.8252404981774144
13923,0.8382978494043921
13924,0.16199956202126764
13925,0.6886204094837586
13926,0.6314354869212786
13927,0.2307604899235235
13928,0.23974938902916676
13929,0.5956723711958077
13930,0.09696702449667494
13931,0.2859270809708476
13932,0.6660875091321231
13933,0.07089144529386304
13934,0.9768003361221316
13935,0.7349642762766467
13936,0.5987435122214506
13937,0.5424837380181563
13938,0.6348566113950739
13939,0.7898389003899285
13940,0.12656880513447621
13941,0.5122692152133805
13942,0.06335899034937098
13943,0.7282007770094571
13944,0.5864677639604561
13945,0.6560437341966311
13946,0.9436534061231817
13947,0.44904355461969836
13948,0.3195170883431113
13949,0.3802100356130792
13950,0.9062013303876804
13951,0.5761964791783908
13952,0.9810131260829096
13953,0.9550146546949904
13954,0.5981549207994379
13955,0.3637914347427649
13956,0.9027086055538069
13957,0.4466351377837766
13958,0.7166178100834923
13959,0.4723851294518029
13960,0.09004393656578813
13961,0.9072373467113785
13962,0.07465359088211598
13963,0.5071164869373487
13964,0.6279652645686338
13965,0.9563702031609327
13966,0.16975416073589178
13967,0.2928216934947009
13968,0.46547813349631484
13969,0.8564069568630986
13970,0.011246458890521227
13971,0.7710080607196499
13972,0.5665565185609966
13973,0.8768848119653644
13974,0.14734130930155476
13975,0.8525890389370802
13976,0.7993880229559965
13977,0.7801508334641117
13978,0.9495722363785568
13979,0.472913510679671
13980,0.38165330654040797
13981,0.6334665510169601
13982,0.10545981037154184
13983,0.6768131634804934
13984,0.3390227203143559
13985,0.42140908914317055
13986,0.2176738606534473
13987,0.8773188259647436
13988,0.10842416853356307
13989,0.01024861045610126
13990,0.9648148567213467
13991,0.4332743395518036
13992,0.6076536589712097
13993,0.9523074324592304
13994,0.47870498915524073
13995,0.6289912579460867
13996,0.8156288564170905
13997,0.9398443186273435
13998,0.7531838814305755
13999,0.10245610421905005
14000,0.3205950560220425
14001,0.24986687113797468
14002,0.031072787614611075
14003,0.8539227359375052
14004,0.07426079107201211
14005,0.1362982789011753
14006,0.9194539888274886
14007,0.46160008373233397
14008,0.8498852650966897
14009,0.8997096965964058
14010,0.09063385467675267
14011,0.2950018089636579
14012,0.7910830528994609
14013,0.19530873636391188
14014,0.42663032760212327
14015,0.9919061864308654
14016,0.41198284951804665
14017,0.43024598428978433
14018,0.4096990877248661
14019,0.8755994151223776
14020,0.5350292167418901
14021,0.817591462166961
14022,0.9199270370723096
14023,0.36692386985302305
14024,0.35817710610326536
14025,0.09327576427075845
14026,0.4110646586183111
14027,0.9655843698045483
14028,0.3318841120735325
14029,0.32005465454189663
14030,0.43567708458800947
14031,0.8862804822765302
14032,0.5219258253333037
14033,0.44198102178574594
14034,0.0271373780236861
14035,0.26048689305858475
14036,0.5639315419355465
14037,0.26118403229175835
14038,0.05381746915657559
14039,0.10703024162960673
14040,0.355324968565334
14041,0.6508771546961617
14042,0.9737041177941647
14043,0.876466487637467
14044,0.7955176195244543
14045,0.025164590657516195
14046,0.10727009244393582
14047,0.6925017487535717
14048,0.5252052834021989
14049,0.7518682819729023
14050,0.2842153175036537
14051,0.498442989364411
14052,0.27146922342275703
14053,0.2729302987805452
14054,0.7092597825622118
14055,0.202859707757028
14056,0.13655553116664
14057,0.07634447504689945
14058,0.8835013689632524
14059,0.8495977678805312
14060,0.8410396730737516
14061,0.5290410692859349
14062,0.05180510515652015
14063,0.26898366808352325
14064,0.14282821999226536
14065,0.16899495686744537
14066,0.9426869714721722
14067,0.7940810408383966
14068,0.3686016775452947
14069,0.2030247013231079
14070,0.9270177832572093
14071,0.6085401694520353
14072,0.9167546436237031
14073,0.7122454429399688
14074,0.18910954878355668
14075,0.2676793527657123
14076,0.30978290462320734
14077,0.44089483336211943
14078,0.1860410324814542
14079,0.17544510543550695
14080,0.07011595751764288
14081,0.1993259903496305
14082,0.37431617412984675
14083,0.7422591873242415
14084,0.6240828593485872
14085,0.4035354422566553
14086,0.7111983691433996
14087,0.22582434753815128
14088,0.3389777030433415
14089,0.5480218102192392
14090,0.4926883406577557
14091,0.7830713541884422
14092,0.22786824256627813
14093,0.8642977072836249
14094,0.8157216180642227
14095,0.40000959772124967
14096,0.8738403065925879
14097,0.635515246193691
14098,0.5505212837523169
14099,0.587098188346141
14100,0.5144872984531137
14101,0.647451289442173
14102,0.4347154811612902
14103,0.4536817229053053
14104,0.22806944940484986
14105,0.51196016879985
14106,0.303903019842924
14107,0.35636132647821006
14108,0.10384842420917295
14109,0.5734500848586189
14110,0.9790812928656492
14111,0.2701225969201576
14112,0.8858286031353617
14113,0.02006494798908731
14114,0.4350402314360613
14115,0.8608886347822639
14116,0.3021346698878361
14117,0.16934767381933202
14118,0.6588502940947246
14119,0.9496467372856535
14120,0.6283034530399805
14121,0.09030753613737741
14122,0.7490908725278697
14123,0.005935057952418665
14124,0.5418630366692918
14125,0.849123691470037
14126,0.4297568402076717
14127,0.21960902136977245
14128,0.8769430510166122
14129,0.1546180822412757
14130,0.398086576939911
14131,0.46050555798133286
14132,0.0314678304902285
14133,0.5250974071230563
14134,0.6030924115473005
14135,0.41571808231981444
14136,0.03510509869754974
14137,0.11030550219123036
14138,0.39227100860703
14139,0.4240113420840387
14140,0.9133955226352884
14141,0.3724801214317499
14142,0.7244615154964198
14143,0.61536444070697
14144,0.038461668023950346
14145,0.46014857153105004
14146,0.6725455997253357
14147,0.3098672227762683
14148,0.736023943688105
14149,0.9348728415957771
14150,0.27044856559348873
14151,0.587684065482014
14152,0.013995926625674171
14153,0.6330099749126077
14154,0.5112335612884831
14155,0.38077541974116325
14156,0.9040274891141186
14157,0.9409761468323745
14158,0.3390115091226249
14159,0.5322388163671824
14160,0.08949601299004706
14161,0.5322328334140901
14162,0.8797201544002657
14163,0.20058324673285766
14164,0.048146555814967296
14165,0.39238305356059977
14166,0.19969385777028992
14167,0.2868429083015285
14168,0.9257859727176406
14169,0.8749212155476992
14170,0.3325081533181006
14171,0.9015604099638621
14172,0.840228551007557
14173,0.9801866737032967
14174,0.526867880370115
14175,0.5219092620781517
14176,0.9442711361532523
14177,0.8817342295528654
14178,0.9565864128215693
14179,0.3477059785518961
14180,0.439429950092897
14181,0.7945426566617678
14182,0.6274963450126078
14183,0.05273957771693005
14184,0.8866081812860056
14185,0.5296178095798064
14186,0.4009951572277717
14187,0.7579862109842054
14188,0.10254432243790201
14189,0.48108843308987315
14190,0.5655310878117835
14191,0.293087827474106
14192,0.783152187442063
14193,0.9379580287319159
14194,0.6310824586747836
14195,0.6544661516658622
14196,0.9246958866309708
14197,0.5181876234830034
14198,0.12781437831005127
14199,0.8426822554482121
14200,0.9440396038958843
14201,0.2326006234889928
14202,0.20628592721604033
14203,0.5323206317316628
14204,0.2991176290504163
14205,0.8497537002128077
14206,0.4584462702084836
14207,0.23435296017960539
14208,0.0006331753085918601
14209,0.10293582632625209
14210,0.3573990420739337
14211,0.8820848956863571
14212,0.37037138777354006
14213,0.13502085013547294
14214,0.9436777385340237
14215,0.685772758910542
14216,0.4162737171439579
14217,0.7044614482551602
14218,0.9064371537925322
14219,0.17693989851064684
14220,0.5555112408156477
14221,0.7413584322683303
14222,0.9792596281263005
14223,0.20907628644644893
14224,0.45797986538607705
14225,0.1375145314046725
14226,0.5714773330982363
14227,0.5154119931914896
14228,0.6799036950957278
14229,0.5175146622760562
14230,0.22724991033714514
14231,0.44283667272052807
14232,0.17147483589674095
14233,0.21115014464883697
14234,0.3205827869122104
14235,0.8514252421506961
14236,0.4851016528811023
14237,0.015071276500546293
14238,0.9545853023271806
14239,0.12591204169376713
14240,0.8854325157294051
14241,0.5568840040175366
14242,0.6226652636586929
14243,0.6799998554620652
14244,0.4022910122997475
14245,0.3645417498441518
14246,0.03438906014664844
14247,0.9604338459120652
14248,0.951070338918539
14249,0.46139893188097014
14250,0.5071532373428719
14251,0.336223482813535
14252,0.18771456232880834
14253,0.08356759799935554
14254,0.9394089163882895
14255,0.020908796672042818
14256,0.5122961894614444
14257,0.6806733216896542
14258,0.908838342063514
14259,0.7072533357340554
14260,0.3895081263547887
14261,0.04709837261433092
14262,0.054714431314573764
14263,0.7643488029982902
14264,0.9421402859066496
14265,0.7948505044171762
14266,0.4483895345650152
14267,0.3393566959411851
14268,0.18741122191704396
14269,0.5425470765192603
14270,0.428507963079657
14271,0.6845857691322755
14272,0.8294543452920602
14273,0.08868452493430667
14274,0.24827488954228782
14275,0.10745735561559966
14276,0.22939784763102888
14277,0.19819761695680416
14278,0.059568766186882116
14279,0.058439624075726115
14280,0.13129719615448476
14281,0.4859145870822017
14282,0.28590470744823027
14283,0.8738656819833474
14284,0.04585471222400672
14285,0.37444546085710595
14286,0.5058650395200377
14287,0.7977107356546658
14288,0.933863267886746
14289,0.9299345819664883
14290,0.8505067639941011
14291,0.66874890372976
14292,0.34846192707612056
14293,0.2611320718059196
14294,0.8571547403279609
14295,0.5694245412292317
14296,0.3007672726964067
14297,0.6932826065344264
14298,0.871276632314416
14299,0.4241097972243233
14300,0.9920665080364774
14301,0.5554356489739933
14302,0.8926243208328589
14303,0.4876720359692118
14304,0.34115231958337866
14305,0.16231717083520902
14306,0.3740446353159751
14307,0.5412581173919473
14308,0.8058273476333754
14309,0.10512386855709865
14310,0.632221817089586
14311,0.7821606010938935
14312,0.6338993833760643
14313,0.6977182134242086
14314,0.7993524540316629
14315,0.8794586910259888
14316,0.07314019433071739
14317,0.621353660291741
14318,0.14007811082917698
14319,0.21673747560879686
14320,0.049709545036529135
14321,0.0409102878055958
14322,0.04831407930409404
14323,0.3917203558254667
14324,0.07306605266686883
14325,0.820439123176545
14326,0.9051090877555665
14327,0.30094640130215444
14328,0.3247862824704806
14329,0.39184900034001036
14330,0.44474319154595154
14331,0.9615408810769424
14332,0.2568207789779341
14333,0.13410318960072753
14334,0.022390470107642613
14335,0.04150561969864841
14336,0.8391829466054858
14337,0.3123480256584765
14338,0.4845615763189631
14339,0.4960550028736588
14340,0.411005184353175
14341,0.15075383364920603
14342,0.6823788338065087
14343,0.5072898347502863
14344,0.1738679346710965
14345,0.751115677013314
14346,0.7943850609457658
14347,0.22474682509643262
14348,0.09028953149251084
14349,0.816885344399314
14350,0.514084557225723
14351,0.26394946805039465
14352,0.19674333388165133
14353,0.05381410985839463
14354,0.31642515704169183
14355,0.2555911909275158
14356,0.16688550649769496
14357,0.4442045992043133
14358,0.5728344519839352
14359,0.0583957322794284
14360,0.6310178061548685
14361,0.8968084198553377
14362,0.32301686425378484
14363,0.2415152762499042
14364,0.10583659116554611
14365,0.37187545651744025
14366,0.6777268097949066
14367,0.11559794659931766
14368,0.7830145270443514
14369,0.6771835160838882
14370,0.3877990746241682
14371,0.1747697998619948
14372,0.40381329258078824
14373,0.49115972942233965
14374,0.14153032213304273
14375,0.28815538549465836
14376,0.0067203821704616695
14377,0.00764785633761722
14378,0.6932414385036367
14379,0.5766490589464669
14380,0.7343396950516041
14381,0.3091539825437001
14382,0.6008709916733773
14383,0.7177074194328815
14384,0.1017707800866482
14385,0.7238813095035329
14386,0.5513208633526399
14387,0.16673438081825365
14388,0.4039750981396726
14389,0.0432093672105297
14390,0.24727409124560673
14391,0.9147291857340689
14392,0.917547540173027
14393,0.7975512185532849
14394,0.022690588450829274
14395,0.7832314270842398
14396,0.26049800822926217
14397,0.43414802681788967
14398,0.6231906366638182
14399,0.44873834588506145
14400,0.04061529259704133
14401,0.9239881865765294
14402,0.03242099149783573
14403,0.23226141683663637
14404,0.3826697553666508
14405,0.9397630103523137
14406,0.4803814718911926
14407,0.21857759493612072
14408,0.7873969057482798
14409,0.6089822529511384
14410,0.8076040163330034
14411,0.1928287558408064
14412,0.33670555961355964
14413,0.49491500360351115
14414,0.5281661002865742
14415,0.2535926654063979
14416,0.7308723558099937
14417,0.04463011309781206
14418,0.7578177274726461
14419,0.5114601048345476
14420,0.8979876603489851
14421,0.43009044527288953
14422,0.0253144606698521
14423,0.6473676295877101
14424,0.0755413642146836
14425,0.12757234517735927
14426,0.9935332165577612
14427,0.6793371155974585
14428,0.6600757037103845
14429,0.33528145867090875
14430,0.5418424753791008
14431,0.3840919165760619
14432,0.44560269835448796
14433,0.2285891120109076
14434,0.497545402996581
14435,0.034401124665264904
14436,0.7228476264302213
14437,0.709673255812261
14438,0.8058430113577462
14439,0.06256385521425434
14440,0.538407554727334
14441,0.28170009840199395
14442,0.16792734381428887
14443,0.25456327426620784
14444,0.3863135456819503
14445,0.3174574757505616
14446,0.35608160373896003
14447,0.11070134953702038
14448,0.9594119553467503
14449,0.5973380443247526
14450,0.006085506444598376
14451,0.8741781950100675
14452,0.20299233662831062
14453,0.1616021069210305
14454,0.5001574459742839
14455,0.001808831288221957
14456,0.8342813856390171
14457,0.08662279627194014
14458,0.2312945071108392
14459,0.3349776732516996
14460,0.3396895709479396
14461,0.721737551432436
14462,0.1401197871208555
14463,0.896053768790637
14464,0.1550311412521499
14465,0.6771912032194692
14466,0.9817901862112869
14467,0.7391352717926637
14468,0.7630434821005944
14469,0.32616565992722024
14470,0.5942832637891388
14471,0.017084190339937244
14472,0.6618529290655538
14473,0.5932698055219782
14474,0.6162776250381163
14475,0.8269439644451126
14476,0.4941752706691198
14477,0.9392117992480927
14478,0.5343376755311192
14479,0.28166032057738466
14480,0.031834602499069664
14481,0.7756223250953317
14482,0.12610198970793696
14483,0.7805921412446543
14484,0.6166682529486632
14485,0.47431818118259084
14486,0.4804585332269625
14487,0.0926580739290398
14488,0.22278070548619067
14489,0.6428472179760994
14490,0.8730982055904541
14491,0.23720269909390845
14492,0.0847769455791132
14493,0.1490348591363384
14494,0.24975855760515941
14495,0.03242375388335739
14496,0.2540107607139289
14497,0.3101580231184191
14498,0.6458829188239985
14499,0.8035511740294597
14500,0.4570927779878643
14501,0.3330314019765611
14502,0.392749265685701
14503,0.6131495860936
14504,0.009750227748583806
14505,0.30447714346951693
14506,0.5511128406346624
14507,0.8488222668325752
14508,0.07506780477126185
14509,0.9391499059852954
14510,0.26292130491049803
14511,0.4793130302615579
14512,0.10893868948499785
14513,0.7865199457268821
14514,0.7839259467849993
14515,0.9223763423547175
14516,0.6128077328437802
14517,0.927024294983507
14518,0.8229860075072061
14519,0.41497507500764164
14520,0.9134925486010285
14521,0.29166521173822957
14522,0.4458383764281726
14523,0.8228793287553184
14524,0.6147567295480616
14525,0.3311898999758911
14526,0.8946976027656148
14527,0.007400140082672868
14528,0.8510895827289034
14529,0.24945992736299982
14530,0.9838297804890601
14531,0.040735921701773536
14532,0.14695180737439195
14533,0.27073878901080806
14534,0.13182467670539566
14535,0.30155395363360804
14536,0.5837473067646207
14537,0.1278682600092973
14538,0.7042064736518492
14539,0.44013726528621344
14540,0.6692694170908704
14541,0.4003410564954434
14542,0.5422451428286198
14543,0.1698599796835506
14544,0.8195548830890603
14545,0.7223119928521413
14546,0.22435728924493825
14547,0.23244724814649242
14548,0.22904240557391453
14549,0.15017956727892823
14550,0.5529735462468514
14551,0.19106200133425066
14552,0.44244561581943187
14553,0.1552643685891415
14554,0.577900673886008
14555,0.06382402305032853
14556,0.8211695614895148
14557,0.3423968641957056
14558,0.10015132654459691
14559,0.4986052410489985
14560,0.8998898578536181
14561,0.5221628817251751
14562,0.6182678513823177
14563,0.7385527016646929
14564,0.03248984677994793
14565,0.8187377554009967
14566,0.05323736493253273
14567,0.1033408509290159
14568,0.09840529831930989
14569,0.9597770216776176
14570,0.5315526022804513
14571,0.001292873002072925
14572,0.9151542917536991
14573,0.9597722175620821
14574,0.9708804728452421
14575,0.39227415448936287
14576,0.32083509098728247
14577,0.6661103696753851
14578,0.3183045780959646
14579,0.5585141212128678
14580,0.1004128360065557
14581,0.28423622451621533
14582,0.911832554722551
14583,0.020561379442918915
14584,0.5035427244704777
14585,0.17811521339543124
14586,0.8500844633193915
14587,0.524183493866547
14588,0.9621508449009665
14589,0.5187469412273691
14590,0.2904272150117667
14591,0.12582608914732563
14592,0.01236961129875358
14593,0.47257932479007225
14594,0.5866066439207047
14595,0.1599601265766496
14596,0.33780934119515293
14597,0.3806514615595792
14598,0.3518328166832746
14599,0.595570107567866
14600,0.5235511306617912
14601,0.5010975074654985
14602,0.2676847518477131
14603,0.8025176988372279
14604,0.977960603306639
14605,0.767566687317987
14606,0.0956629032252847
14607,0.9775304273166037
14608,0.670739696335399
14609,0.08396337956370326
14610,0.9690675403697153
14611,0.6174260105222049
14612,0.02490306496213257
14613,0.22453636153883394
14614,0.5192823783118451
14615,0.9436006915398732
14616,0.050588576052460366
14617,0.4528289816258292
14618,0.09053391953592249
14619,0.4137652079709725
14620,0.13636526605666832
14621,0.8276996295237913
14622,0.30919368183125906
14623,0.7663227900912197
14624,0.11326313517804543
14625,0.9608985956902211
14626,0.560823341790686
14627,0.23698728978888361
14628,0.8021646329127811
14629,0.57735227320005
14630,0.24274682602327413
14631,0.6611842260658549
14632,0.632939923322318
14633,0.9616486782333167
14634,0.7185338121966575
14635,0.6640256097426129
14636,0.31182916669887706
14637,0.7762730976533795
14638,0.08705916306973016
14639,0.11712620280318853
14640,0.18071775620897212
14641,0.6069290552769341
14642,0.19128675101891146
14643,0.00016644134026855273
14644,0.5828579095325483
14645,0.28386963466596726
14646,0.6388241779359484
14647,0.4799608914877129
14648,0.8632798906813646
14649,0.02355043400050827
14650,0.5670140341190655
14651,0.47413103352337227
14652,0.6751202069154717
14653,0.5691847522582496
14654,0.958619692238387
14655,0.2515853738316277
14656,0.6732455374290316
14657,0.7933908765927855
14658,0.5247490419196673
14659,0.280569312262682
14660,0.35158517610950635
14661,0.45470609985917665
14662,0.10852109867454629
14663,0.3187533381338826
14664,0.06970841645800452
14665,0.4512504803891375
14666,0.2384371268409119
14667,0.5675821057248038
14668,0.8657052549063287
14669,0.19837263799413574
14670,0.3807448709925272
14671,0.13185543077651807
14672,0.4868112036209026
14673,0.4682235542306674
14674,0.47908407249104246
14675,0.9879736686704673
14676,0.023348009405006476
14677,0.34967957661201365
14678,0.6549991840599971
14679,0.19450561530601007
14680,0.7169071221617058
14681,0.12772220623329833
14682,0.45007344981357433
14683,0.6686122145882427
14684,0.11661347744930828
14685,0.9183879593617201
14686,0.3539048328148442
14687,0.8784605096609706
14688,0.7288475054121041
14689,0.1742066917075501
14690,0.9262450402919932
14691,0.3152118302458452
14692,0.48997677128173966
14693,0.7188422607717803
14694,0.9286610160364764
14695,0.3154973532198365
14696,0.8750970886358334
14697,0.14608776807183488
14698,0.8818233162680286
14699,0.8018203578738419
14700,0.3279339702209838
14701,0.28836673281099157
14702,0.7515750714600463
14703,0.32357576860840476
14704,0.7460390470223319
14705,0.6583308941460865
14706,0.5978009504538254
14707,0.28228615095477727
14708,0.64332922680487
14709,0.5184948291048345
14710,0.02735103593326582
14711,0.9119213539022634
14712,0.4885238914981308
14713,0.8778664868343293
14714,0.01686675804980231
14715,0.7835412418526114
14716,0.9540073018410655
14717,0.33768352781007616
14718,0.6045557069920587
14719,0.0019039152724174002
14720,0.3645000551058125
14721,0.36998487917355694
14722,0.9102797645367375
14723,0.33600304685000026
14724,0.7690794328074396
14725,0.8833754045278339
14726,0.8935058335819619
14727,0.43467312115558043
14728,0.963936816775801
14729,0.9735335012411481
14730,0.8248710981094104
14731,0.8928929701031707
14732,0.08452742181841022
14733,0.4308478684512477
14734,0.38523705178345746
14735,0.19927654434794195
14736,0.32573523714894226
14737,0.2582508916082089
14738,0.638900312717508
14739,0.31213005338923394
14740,0.2984419854645266
14741,0.17120249088117334
14742,0.24688916899071234
14743,0.5959887094575026
14744,0.6334746940449496
14745,0.4230658164711504
14746,0.6982668544936033
14747,0.16532041736996084
14748,0.55327219195531
14749,0.6671320813103918
14750,0.6356876281761902
14751,0.5255000608921687
14752,0.1227006804473455
14753,0.06777611188130528
14754,0.3288692751919652
14755,0.4219238245094884
14756,0.20223954488490692
14757,0.24589132267949987
14758,0.0015381733314366874
14759,0.1647075803473449
14760,0.04615550905140209
14761,0.49250698444449104
14762,0.7088711855128366
14763,0.8016851123672303
14764,0.6459190134985975
14765,0.26707635798563767
14766,0.3903041733108067
14767,0.49510892853043775
14768,0.29391141833031154
14769,0.5868060669458541
14770,0.4935682098824298
14771,0.7944805172853836
14772,0.9019329152571793
14773,0.38226653191216653
14774,0.8777853571819442
14775,0.5377677089371341
14776,0.2633265793449526
14777,0.8779092891174991
14778,0.9274301757876082
14779,0.9030870805187465
14780,0.4455425386349282
14781,0.5387080642267852
14782,0.15628035232268012
14783,0.9378948926502761
14784,0.035600084826907796
14785,0.8237561735163322
14786,0.20321840616640363
14787,0.3134651719752488
14788,0.7142934933660064
14789,0.06607659237261754
14790,0.7740659836036754
14791,0.052895070524418664
14792,0.8285897501542049
14793,0.5019271501436229
14794,0.9180347144927857
14795,0.558371205825825
14796,0.21844801106903777
14797,0.23533054516761254
14798,0.4680787032364314
14799,0.9920528663298717
14800,0.3641603013299175
14801,0.8118896230292069
14802,0.5753325773311023
14803,0.9384664990848615
14804,0.7504526860449541
14805,0.018093780240722945
14806,0.09741803089372336
14807,0.16951064558368778
14808,0.4884871270813135
14809,0.8219180207309781
14810,0.8655620713309521
14811,0.5246145110341393
14812,0.6137840961793192
14813,0.22941527062139921
14814,0.07989036135995176
14815,0.06940205342550665
14816,0.105978633461559
14817,0.3112087189813021
14818,0.3640548318674801
14819,0.8644241645735515
14820,0.9319102409675544
14821,0.15612787250243043
14822,0.7164277284987307
14823,0.5664426062485873
14824,0.5641228524626333
14825,0.5302211072615152
14826,0.08851485840118567
14827,0.1625356515114753
14828,0.3409321217625113
14829,0.4107481654439483
14830,0.02038229325085883
14831,0.036931363579903564
14832,0.09371394457146998
14833,0.06565686498253132
14834,0.9326728202232022
14835,0.21915235694301838
14836,0.9606075243446526
14837,0.07309468227716354
14838,0.8297048576939958
14839,0.590329605248383
14840,0.39976590123045763
14841,0.5111341051957187
14842,0.9933916953452614
14843,0.14764750265217141
14844,0.4505910674819442
14845,0.9899207483384065
14846,0.6442025886823881
14847,0.9904741061546156
14848,0.11300111125973744
14849,0.1522039161788562
14850,0.2846111687775098
14851,0.6313011511801775
14852,0.31121418808562507
14853,0.6293533241466113
14854,0.050576917110391806
14855,0.22276604742393857
14856,0.4422348547226198
14857,0.47280297675651695
14858,0.45543663323546835
14859,0.5329542905219005
14860,0.4177554438457032
14861,0.9034187865252746
14862,0.8063009154182704
14863,0.42294244984510243
14864,0.8221579850027896
14865,0.7845040183789487
14866,0.5371900352858076
14867,0.5669411864607172
14868,0.47927382463036605
14869,0.5503386837434572
14870,0.5100743306778566
14871,0.2761055883778549
14872,0.3394643479080858
14873,0.9743776084033628
14874,0.9726357397489355
14875,0.07449038950474829
14876,0.8404789954907198
14877,0.8447395175130454
14878,0.6578764558161185
14879,0.911518284907565
14880,0.9380335550235063
14881,0.3580405808065933
14882,0.9332229408351744
14883,0.3871700922874026
14884,0.4193875965046505
14885,0.5430724545514727
14886,0.9016539015405667
14887,0.31755713665062013
14888,0.6639887636038684
14889,0.4019337447355851
14890,0.6588549250464739
14891,0.8335959158267761
14892,0.3287531848406302
14893,0.23673416650043844
14894,0.8798455511080867
14895,0.3970369910084125
14896,0.6973363531490947
14897,0.5955078305551634
14898,0.8122664167683775
14899,0.050977288113279284
14900,0.12092097113635347
14901,0.45202225400368035
14902,0.1793786500900082
14903,0.5020543440796349
14904,0.3229482364851669
14905,0.719544502158349
14906,0.7875368649817592
14907,0.6929167257825725
14908,0.2480484400558718
14909,0.3018778890234125
14910,0.04467750115442415
14911,0.8147763284482841
14912,0.5052369990271129
14913,0.2991780275540852
14914,0.6758057107860472
14915,0.9591051778604918
14916,0.08254147711834203
14917,0.748038968623829
14918,0.4356652638173163
14919,0.31926868290625987
14920,0.4359975001821643
14921,0.2017858043690578
14922,0.1928131719632773
14923,0.31834615372759734
14924,0.8974681613605207
14925,0.054574664858213384
14926,0.30126390066915765
14927,0.2477152058513682
14928,0.6012798803422506
14929,0.2070745044844543
14930,0.01068053337794339
14931,0.15385390508746766
14932,0.3619336605074338
14933,0.8034689222903627
14934,0.8469184266639039
14935,0.6465987294062686
14936,0.4138493040054575
14937,0.6515558300621965
14938,0.19525680071345974
14939,0.7910707138343696
14940,0.4432823735459196
14941,0.9654745370329594
14942,0.2581108598146028
14943,0.639440664299245
14944,0.8535390404956338
14945,0.24630086605557344
14946,0.022009609699198296
14947,0.43702605523155835
14948,0.5118736410316493
14949,0.2160409533630715
14950,0.8045518431280667
14951,0.7289539351451216
14952,0.5653490914782575
14953,0.983203604860409
14954,0.5661503667062167
14955,0.41387091371311846
14956,0.1511716690124577
14957,0.9684299785888738
14958,0.45100417718304253
14959,0.3345514234862865
14960,0.769953854167368
14961,0.8020381526128464
14962,0.09164815907699553
14963,0.08733553160492413
14964,0.08857830168943404
14965,0.0334174871498526
14966,0.5616723761860738
14967,0.18389972709079838
14968,0.6684460211497744
14969,0.848029421609013
14970,0.526671647528909
14971,0.8292111374675134
14972,0.36685730118583304
14973,0.7912791757151623
14974,0.833581748617113
14975,0.2357052965626215
14976,0.9902390660665191
14977,0.7241663630384404
14978,0.0496995495665945
14979,0.16445317365792855
14980,0.8361804251751955
14981,0.6110604324389309
14982,0.44079159057081096
14983,0.5396084338456724
14984,0.2853530907749038
14985,0.5754224345205801
14986,0.023554439652240022
14987,0.9644491550266024
14988,0.9999620173413053
14989,0.22699033781474987
14990,0.35725370635423104
14991,0.3284020981060666
14992,0.24784074358490482
14993,0.10957504267654483
14994,0.6889380749123304
14995,0.33428211823815046
14996,0.19549846832984252
14997,0.5324299665949656
14998,0.37411673906765164
14999,0.10671196901442648
15000,0.386137858744633
15001,0.7124765922837871
15002,0.5809853400836347
15003,0.46313773967420213
15004,0.9436459597872283
15005,0.7423964123973851
15006,0.9444666502804278
15007,0.802606088554544
15008,0.15405245835742076
15009,0.20687025769049971
15010,0.06607917061388091
15011,0.3967544598692243
15012,0.493937991924578
15013,0.9897606765153361
15014,0.904019166901161
15015,0.21254028546530424
15016,0.39854018207429454
15017,0.5146810446243972
15018,0.5727515175700213
15019,0.23703318208746782
15020,0.2885457263794289
15021,0.615746020445455
15022,0.33767912770899766
15023,0.7197211357893983
15024,0.29835303896341847
15025,0.21042102903315818
15026,0.5376498887759461
15027,0.10600488246873696
15028,0.93471516142084
15029,0.22275682959422094
15030,0.4616167530087749
15031,0.7156602058111727
15032,0.6043575547987148
15033,0.2912939348627349
15034,0.935882359456627
15035,0.4563174375589317
15036,0.6813062380904519
15037,0.14505726926706564
15038,0.2622957750324282
15039,0.16338432128319347
15040,0.6131131786693702
15041,0.07904725445508298
15042,0.42231007195961023
15043,0.40815434955987007
15044,0.18240378200007257
15045,0.18156717180405568
15046,0.32826970952083667
15047,0.5176431810208654
15048,0.6131053807764321
15049,0.7078186840820702
15050,0.8106955247117603
15051,0.4016355674273462
15052,0.4122538218631232
15053,0.5569884421257044
15054,0.7990447195417466
15055,0.5746026294233751
15056,0.15534106853462504
15057,0.14216233201626582
15058,0.07721587636009242
15059,0.002930881860015111
15060,0.7508821271104582
15061,0.15521203719332788
15062,0.050595803410903195
15063,0.7031860929660917
15064,0.4068263659890513
15065,0.7752238164461849
15066,0.6567812505720979
15067,0.4281784261454499
15068,0.9845481823575732
15069,0.09591320213628951
15070,0.048752528141438045
15071,0.3310919196135841
15072,0.9633018522916809
15073,0.013309425134062636
15074,0.06014761355215015
15075,0.9010588654288374
15076,0.8893517073904332
15077,0.8292448922396631
15078,0.6866805109818289
15079,0.92581709312111
15080,0.6496641060006259
15081,0.33036089212257147
15082,0.923917590723634
15083,0.13665612929063886
15084,0.7859652653560502
15085,0.011773823089680113
15086,0.3685749221709238
15087,0.978544832753648
15088,0.1149305138329918
15089,0.6333284207935326
15090,0.8956052835457884
15091,0.2490486666359969
15092,0.1992510139078204
15093,0.7838384846614576
15094,0.16796211776930714
15095,0.869808908205441
15096,0.6434597096623959
15097,0.8701918224331748
15098,0.9807405828732607
15099,0.66858332726236
15100,0.8923952419748252
15101,0.6886939176120344
15102,0.05101221930553401
15103,0.062463183781923726
15104,0.19412597171983548
15105,0.587406192840075
15106,0.47544267307330534
15107,0.6620874301377012
15108,0.3088832293922037
15109,0.03953937696863152
15110,0.3930554924344015
15111,0.2443766585387791
15112,0.34944341737745244
15113,0.9485246377522957
15114,0.9383937768780017
15115,0.30905845886202765
15116,0.28667766364877223
15117,0.18239693611061025
15118,0.9301512355502792
15119,0.2318661715346939
15120,0.41991687680048817
15121,0.696333697524927
15122,0.7395357306672442
15123,0.9926829331092819
15124,0.13625264916967494
15125,0.4012613851404374
15126,0.5658130951791897
15127,0.8119993870311273
15128,0.34594278764237696
15129,0.903602689616643
15130,0.9508354097895241
15131,0.9784424249689657
15132,0.13066022287445256
15133,0.16431073447184152
15134,0.31765482971583325
15135,0.41965885486536925
15136,0.9976027499916041
15137,0.7722180787773404
15138,0.6480297223260489
15139,0.7194686222445691
15140,0.35160349415461334
15141,0.6419541624683257
15142,0.039267526043561096
15143,0.2758644595386739
15144,0.9837321164514454
15145,0.5521080745407705
15146,0.7630408068590631
15147,0.6204698406664616
15148,0.7501944428065078
15149,0.4965762984020078
15150,0.9982106285167869
15151,0.9245701316419669
15152,0.8526247982214322
15153,0.07223889830724373
15154,0.011611038426748266
15155,0.3665646318149738
15156,0.5478128942151951
15157,0.32044446928181014
15158,0.683371983440638
15159,0.2049932153177022
15160,0.4107014097463798
15161,0.7219480246880302
15162,0.36781290735183625
15163,0.9914054298766994
15164,0.5139341052316806
15165,0.8010074541876879
15166,0.5640941771206882
15167,0.6758843446782018
15168,0.6429605135300015
15169,0.048108747250045325
15170,0.7788829384781593
15171,0.23280746525622864
15172,0.3055121130346068
15173,0.1250469801638412
15174,0.48323694130621
15175,0.44529433317105627
15176,0.2990446665033636
15177,0.9925547321810212
15178,0.9164018863980865
15179,0.10513749355370983
15180,0.7390473273972884
15181,0.3370201032728548
15182,0.6564287972463839
15183,0.8748970844060573
15184,0.7253846797672955
15185,0.019487681729651096
15186,0.8870574900036582
15187,0.5996201547121437
15188,0.8573554089374659
15189,0.9470873269879448
15190,0.7693689279535154
15191,0.5011390228414244
15192,0.14941686099350981
15193,0.7856557187996062
15194,0.5099429950435533
15195,0.9181814176012627
15196,0.9370425074394085
15197,0.08958696605591365
15198,0.6836775710066664
15199,0.6399648223474189
15200,0.5037350726000355
15201,0.23759406508963665
15202,0.3021093117747561
15203,0.6052236965267673
15204,0.9322400205538224
15205,0.9480683796380179
15206,0.6948900748297278
15207,0.0020299090915856244
15208,0.18114004688467866
15209,0.025297373856752126
15210,0.11044362930271201
15211,0.34656653206712396
15212,0.24603116602744646
15213,0.7140047947313553
15214,0.07497208536056343
15215,0.8685818579253491
15216,0.14773771607306485
15217,0.4609999029921814
15218,0.9861684550730152
15219,0.031537962432722
15220,0.9100173559062553
15221,0.9063950602355664
15222,0.5962205834076775
15223,0.809387406032536
15224,0.22759431910326633
15225,0.4676661463991767
15226,0.9396616041503697
15227,0.5427505295430706
15228,0.9895865210353106
15229,0.5726918181141961
15230,0.2860053664372878
15231,0.5297959790940556
15232,0.3227039590972922
15233,0.28878037561282266
15234,0.641650744172282
15235,0.9282053077102062
15236,0.24836647411103185
15237,0.3747736619895218
15238,0.18406007399949142
15239,0.11019335589578483
15240,0.38678734452303665
15241,0.9174346969130935
15242,0.47658792681311124
15243,0.4509593477928542
15244,0.9523270631995965
15245,0.9646802635361715
15246,0.5158902960517162
15247,0.6911232220278712
15248,0.6319134785310871
15249,0.3687847770196703
15250,0.8692885172977269
15251,0.5212560715788038
15252,0.6551480910046649
15253,0.426722112176658
15254,0.04126243316248135
15255,0.33652586577062193
15256,0.29475289205307276
15257,0.12838614386841407
15258,0.14030193629434662
15259,0.8960872772683394
15260,0.6664072926624558
15261,0.43816327439648695
15262,0.8142350185370866
15263,0.3239078077626316
15264,0.2982805285226472
15265,0.8727671179539034
15266,0.4726063994455839
15267,0.10640900845242396
15268,0.01206981666211393
15269,0.7385116290804413
15270,0.6628163826763048
15271,0.7825166594662696
15272,0.00494296744777778
15273,0.28414165421668247
15274,0.6684720668405953
15275,0.6852507967876678
15276,0.4923133399381122
15277,0.0918465119354569
15278,0.41918484649593357
15279,0.5622619532806205
15280,0.9887045770656204
15281,0.430346955220803
15282,0.6561273604740032
15283,0.8490459024833777
15284,0.43988318105513424
15285,0.15497834767074425
15286,0.7899984667485501
15287,0.941178177637106
15288,0.6816076695892851
15289,0.6095159151958717
15290,0.8800066376742481
15291,0.9245317583618822
15292,0.2735719890915581
15293,0.8252685280263349
15294,0.21516895896792543
15295,0.2254488554384657
15296,0.3942764810741234
15297,0.23644051881433714
15298,0.7891644265550685
15299,0.5666982614786115
15300,0.9683449578460294
15301,0.35134682276021656
15302,0.7537433120680581
15303,0.8817538853927067
15304,0.6274027326387023
15305,0.6791470576455225
15306,0.4130580694049526
15307,0.4830825813905484
15308,0.580187430321801
15309,0.21568450870539735
15310,0.055920300752515306
15311,0.0756266522487844
15312,0.9433517601432858
15313,0.5963633979799752
15314,0.005363276142705042
15315,0.11904661267627192
15316,0.7907229332592681
15317,0.3261280682937918
15318,0.7188538989533189
15319,0.7261072693976993
15320,0.7215446563728837
15321,0.022919037210688997
15322,0.2664244659614259
15323,0.29749935479421885
15324,0.1084606378158608
15325,0.44549480719827983
15326,0.9161784125698295
15327,0.09292052639984161
15328,0.19999079549724408
15329,0.4516245619493753
15330,0.4059966437608161
15331,0.6809352864406968
15332,0.19874070491041873
15333,0.39795871352816714
15334,0.8162111795757843
15335,0.6158051879228563
15336,0.46863081104298776
15337,0.5677242961628597
15338,0.5324411668963571
15339,0.5620281042079417
15340,0.02087219278591157
15341,0.9776503185919289
15342,0.06244430309661997
15343,0.32647064842871
15344,0.967310819297959
15345,0.5557995381096776
15346,0.459588965746356
15347,0.6881372824495617
15348,0.08100365356462313
15349,0.8396650407288568
15350,0.5728918729848702
15351,0.9327730333714861
15352,0.9866549450921671
15353,0.9298032772558203
15354,0.9975713050264176
15355,0.3726809422151356
15356,0.5845491197643967
15357,0.9312188876915443
15358,0.20152920939716612
15359,0.06488996923821011
15360,0.44979421848868073
15361,0.8440227025203053
15362,0.11157154031910521
15363,0.11086968580085244
15364,0.2758942972635282
15365,0.7606291834706316
15366,0.7817897903881885
15367,0.3440309409839457
15368,0.691407622047194
15369,0.23338400218009925
15370,0.19053815516032724
15371,0.4679706269666527
15372,0.48504060744151445
15373,0.5305048126895093
15374,0.03593720565845704
15375,0.4149783679652913
15376,0.7531258037832647
15377,0.26747324389160676
15378,0.07595907522886691
15379,0.3771682806994693
15380,0.5733099332042781
15381,0.8535182884087817
15382,0.42726114886435107
15383,0.12699764733121144
15384,0.5130835411483123
15385,0.35610824679544173
15386,0.8192761480586795
15387,0.5117867028343176
15388,0.18866314395275452
15389,0.03170573378325958
15390,0.15299395117797632
15391,0.7297262823878592
15392,0.9859156852183389
15393,0.7243225364665207
15394,0.6841021501106309
15395,0.19555604923928516
15396,0.2906343584162858
15397,0.04351123243060284
15398,0.527927310000479
15399,0.28758326905780807
15400,0.5996938506466981
15401,0.50919791573742
15402,0.4255484643781251
15403,0.2174665553006464
15404,0.5320575593269047
15405,0.7537536008049095
15406,0.7294159692741273
15407,0.8655801151399123
15408,0.089474077142642
15409,0.37897500061134126
15410,0.8699662409948912
15411,0.4688279643914395
15412,0.08977781090074044
15413,0.30765677574331884
15414,0.3083187452384053
15415,0.40855794358288455
15416,0.6405301409259936
15417,0.12009341164721021
15418,0.5178135062077008
15419,0.10459447630592178
15420,0.18804752775005862
15421,0.35520133606688686
15422,0.556937411397443
15423,0.5032873231325624
15424,0.46005705779281547
15425,0.42921006404829465
15426,0.3429879951939834
15427,0.06076141937467339
15428,0.5979030234769301
15429,0.4993711533041363
15430,0.4872064766017197
15431,0.7283603005606499
15432,0.6537942618709064
15433,0.5240724016899062
15434,0.011945511323690483
15435,0.9528565031342866
15436,0.6082797063174833
15437,0.04347041132411278
15438,0.182396423779828
15439,0.4401544623991175
15440,0.8296597578605286
15441,0.08484605862306205
15442,0.42902571851748006
15443,0.3141481360735223
15444,0.6502810628691295
15445,0.8847027487140622
15446,0.5665619362273915
15447,0.6571680963957189
15448,0.4516303247823664
15449,0.925820723655512
15450,0.6273683753983099
15451,0.02570499502918644
15452,0.1658365584224275
15453,0.825737492657843
15454,0.08942186535113517
15455,0.7494879859476326
15456,0.08001295148634802
15457,0.5740082667343935
15458,0.16602427506326878
15459,0.996998355333622
15460,0.7746991381443226
15461,0.6043709998690417
15462,0.7981742348915024
15463,0.2605004197619075
15464,0.8040340516219602
15465,0.13179986733350824
15466,0.7751778080471918
15467,0.8309471673105038
15468,0.21872577690129968
15469,0.972935722207534
15470,0.15347596030372468
15471,0.7013361282347909
15472,0.7052753953314725
15473,0.9854532208947087
15474,0.13763634096581767
15475,0.672617922150033
15476,0.3461449394182462
15477,0.2532462573545379
15478,0.934873349302298
15479,0.018069167763773653
15480,0.8935049166584016
15481,0.34474149011344035
15482,0.5080158305161082
15483,0.4097474574670842
15484,0.8233153417405125
15485,0.5152597105596881
15486,0.1035826907922206
15487,0.07531562914285916
15488,0.7973368227252503
15489,0.3420494102664723
15490,0.3921444905565925
15491,0.9892897696213884
15492,0.17775698697773978
15493,0.07483134447375117
15494,0.4010302394042764
15495,0.8586255241253675
15496,0.10182590055588414
15497,0.6028967875805774
15498,0.09795489899061749
15499,0.5049771624536397
15500,0.17471973265295726
15501,0.08653568416195623
15502,0.45378341831030133
15503,0.5423073881051861
15504,0.8228607468192273
15505,0.5763836679929532
15506,0.5863469352951418
15507,0.3177784414244954
15508,0.29746806189944
15509,0.2988271973979286
15510,0.0471555567076114
15511,0.28301202842448436
15512,0.7920115414358521
15513,0.7931631959912447
15514,0.7443527879805913
15515,0.6423085708990665
15516,0.8781550438250374
15517,0.865458682521074
15518,0.3823268523318032
15519,0.6652689077560975
15520,0.8853358991984259
15521,0.7398494147252377
15522,0.9251644534553729
15523,0.9773148910927173
15524,0.5078561055899011
15525,0.5965621399932542
15526,0.4579807949632896
15527,0.43550308690860695
15528,0.08982933507658808
15529,0.3673389667512993
15530,0.44733962840321384
15531,0.5965606514334484
15532,0.12621411930923276
15533,0.9813679799900986
15534,0.36155846245942125
15535,0.25545586983706603
15536,0.4098265350163608
15537,0.47970085016434216
15538,0.3429066262451358
15539,0.7690167948310811
15540,0.95319423682041
15541,0.2229124384178438
15542,0.045385616333122436
15543,0.5660045497172818
15544,0.6397677150763456
15545,0.8557450705316619
15546,0.9046240049929487
15547,0.01116648125450459
15548,0.17982460680896328
15549,0.3261642529201383
15550,0.3114543624670819
15551,0.4931837730226314
15552,0.14000808111874752
15553,0.8468781718995003
15554,0.5207779961540844
15555,0.9819423368641778
15556,0.6222657670208015
15557,0.40766915330506837
15558,0.33151075830279
15559,0.8654075064344626
15560,0.8781888274439438
15561,0.24355324134660772
15562,0.49035212633632075
15563,0.4320947829145333
15564,0.8660156276063637
15565,0.2282449821772553
15566,0.15096500769655274
15567,0.4491658675579091
15568,0.45312579816863285
15569,0.2976512526787829
15570,0.8118456635058693
15571,0.8205450582909171
15572,0.6930845818944277
15573,0.9527203152310205
15574,0.09013374421313691
15575,0.9452312013042192
15576,0.15289587876104194
15577,0.7239385462081479
15578,0.4453441866305
15579,0.5257300838549014
15580,0.38154501241633487
15581,0.3576993773832543
15582,0.6022106921127843
15583,0.5965188147686975
15584,0.7137767239352668
15585,0.7166259932637926
15586,0.029733336524887077
15587,0.5418518574910878
15588,0.6658172668067286
15589,0.7791708261392903
15590,0.8886723073235371
15591,0.32600582786672816
15592,0.3938052973722296
15593,0.09885289164458744
15594,0.44454794142717124
15595,0.9158217231681511
15596,0.29522782814371384
15597,0.2380629100310241
15598,0.16514506064924384
15599,0.5805767910694241
15600,0.5234164668673017
15601,0.4468762258804676
15602,0.2674736162527378
15603,0.9774277811793922
15604,0.16086401275177697
15605,0.2769773591831626
15606,0.31403168117385905
15607,0.418807830732858
15608,0.1802631542433889
15609,0.15367242076321674
15610,0.24228508787444836
15611,0.5246357745620236
15612,0.7646531495028456
15613,0.2776226851143422
15614,0.7884323054347522
15615,0.06722202661071242
15616,0.23422713180349863
15617,0.4219332424105604
15618,0.3435251842825333
15619,0.27706990944461374
15620,0.37122866517977393
15621,0.825103915085288
15622,0.18388638112275046
15623,0.43769315549554977
15624,0.6461723844146787
15625,0.41399453522376795
15626,0.903575287414244
15627,0.09957892885632702
15628,0.4100121246718047
15629,0.9554397798773574
15630,0.46600111335754646
15631,0.834370093901097
15632,0.06844718086676915
15633,0.7323455072848898
15634,0.27829350551372756
15635,0.07991619329357902
15636,0.6322372603860336
15637,0.8047176039622268
15638,0.13145937212966863
15639,0.06599488604289017
15640,0.9297590825913412
15641,0.40166244848538923
15642,0.20943529169672315
15643,0.9623305679713339
15644,0.9364653265056838
15645,0.2707102618925915
15646,0.1915828444991805
15647,0.12555313885528963
15648,0.409120819321405
15649,0.7734856548513942
15650,0.3471733556762394
15651,0.24905087153598626
15652,0.7808895591062971
15653,0.3822891040369688
15654,0.06272855302724623
15655,0.44385272179809276
15656,0.8601325286547671
15657,0.9880349199660033
15658,0.5775492403417305
15659,0.39623131040003057
15660,0.5606745046961693
15661,0.3833689199321234
15662,0.2876394235097576
15663,0.7353145134445792
15664,0.20885333211718027
15665,0.11589756778927152
15666,0.8211846181564642
15667,0.05342826087514274
15668,0.08563109320586482
15669,0.4369386182725997
15670,0.9998014490331347
15671,0.10703949905961074
15672,0.37945056672188304
15673,0.0988906031271668
15674,0.44118413296869496
15675,0.341347486376956
15676,0.6282104751259658
15677,0.9560388003441809
15678,0.19718933588230236
15679,0.6797848912533593
15680,0.9486190933145859
15681,0.7983165440558451
15682,0.8655415751306923
15683,0.4200287067335188
15684,0.972904896186305
15685,0.2326008285288348
15686,0.18087338729342683
15687,0.9380501188645958
15688,0.3375736670078182
15689,0.5170725221939394
15690,0.725540986291507
15691,0.9952259343885769
15692,0.16508546406896962
15693,0.7772878062927573
15694,0.25369706229756783
15695,0.3730134715424033
15696,0.5497703789226939
15697,0.09952989216286523
15698,0.9017245469961922
15699,0.4727049821349768
15700,0.47228276845162975
15701,0.47047738121191385
15702,0.08639705119030094
15703,0.17395667320149888
15704,0.27857736579996606
15705,0.5877103683534551
15706,0.9961115105691668
15707,0.36768405711493235
15708,0.8482497996505025
15709,0.013798578717495014
15710,0.7730825282780158
15711,0.4614897570705361
15712,0.6661628568126989
15713,0.44161201168386677
15714,0.3653960925001174
15715,0.8988536746224394
15716,0.5996476875910173
15717,0.10715072032445228
15718,0.05682157854472836
15719,0.118497167385899
15720,0.18851860435154433
15721,0.20341215875450225
15722,0.9575753649438273
15723,0.13021489360400018
15724,0.7141646837090677
15725,0.8951522849719156
15726,0.43261171493064254
15727,0.7596907792329096
15728,0.8124926749113047
15729,0.45263387311402226
15730,0.764432019276624
15731,0.01478671162261902
15732,0.16098470427987888
15733,0.6304786607060487
15734,0.2963251477587767
15735,0.28678303527219406
15736,0.39238509195260507
15737,0.3436677989826943
15738,0.2831417861975456
15739,0.4302144598124569
15740,0.4644999398732964
15741,0.6426768526462028
15742,0.5814208459845859
15743,0.16227352461949418
15744,0.7856258371166797
15745,0.9718864051773711
15746,0.30507161254304394
15747,0.8822526249156407
15748,0.6392075653478615
15749,0.3761008139863201
15750,0.8591313258143448
15751,0.8661650525911485
15752,0.48391891459648884
15753,0.7849600337956223
15754,0.5798613747523155
15755,0.1565155897798336
15756,0.5727970846782249
15757,0.3955372894652517
15758,0.6404886632830197
15759,0.8377586481746186
15760,0.6930951363496429
15761,0.31129569626561726
15762,0.04367497924468289
15763,0.35467575205335844
15764,0.18238658716871226
15765,0.7455299460416781
15766,0.009071132100033963
15767,0.5715673810977379
15768,0.06743896497349755
15769,0.21747225167660011
15770,0.3888976481145905
15771,0.4711848511905746
15772,0.034294284251402574
15773,0.06033308117413794
15774,0.7366114470846623
15775,0.28760610292837785
15776,0.5337088074442788
15777,0.49352068041521036
15778,0.47423275754491534
15779,0.7390129643324721
15780,0.5602105187218279
15781,0.5080561337289563
15782,0.15006119383130712
15783,0.18688247249274093
15784,0.9194770559499261
15785,0.23847667089008584
15786,0.20867287795238942
15787,0.18576915906463454
15788,0.5083976837972332
15789,0.7979291912328981
15790,0.7378171950105671
15791,0.13404259276773944
15792,0.11779640630585919
15793,0.7224149605651445
15794,0.5742435616121406
15795,0.04533156397202032
15796,0.7722263818895558
15797,0.527340621743063
15798,0.31339550422974805
15799,0.1876922077676585
15800,0.8618650269452051
15801,0.7846104115189457
15802,0.5256672951052883
15803,0.3039076424222974
15804,0.1528984294671316
15805,0.08093962133493326
15806,0.7398472971976263
15807,0.2418289394487878
15808,0.3784781411194542
15809,0.10095756295311253
15810,0.9286691721126565
15811,0.7295754485675315
15812,0.8819366951012989
15813,0.04165785290111035
15814,0.07912625366922477
15815,0.2699951776419841
15816,0.008185871043086546
15817,0.1776322926751167
15818,0.30066958475919336
15819,0.19846664491566324
15820,0.6281744083450873
15821,0.3852493948615634
15822,0.2301038659068838
15823,0.5168093523325181
15824,0.27224831449651743
15825,0.5892487250425459
15826,0.4824086668536849
15827,0.09050730972284826
15828,0.4027457800175481
15829,0.13284232469282842
15830,0.30597329123479367
15831,0.5496881270310058
15832,0.6005312982482883
15833,0.7264378311057265
15834,0.6559972513416656
15835,0.44930398302730534
15836,0.7589297707072171
15837,0.028204614309284892
15838,0.9474232747883182
15839,0.2397571299198401
15840,0.6944651037408553
15841,0.29746238897594135
15842,0.6902992550717498
15843,0.4680205698200244
15844,0.2521229784509369
15845,0.9133048275728638
15846,0.23365057755247454
15847,0.08215143539498648
15848,0.05222015004896119
15849,0.31633379487007784
15850,0.14026784142801585
15851,0.2582753045993974
15852,0.9919591718672844
15853,0.4825896115748213
15854,0.6393817129192441
15855,0.9265523388508773
15856,0.02634351762006526
15857,0.44760541723334824
15858,0.8095583123777752
15859,0.883267400947128
15860,0.8471029511481888
15861,0.3685303812780283
15862,0.21859448049999408
15863,0.7764602899622164
15864,0.261731612752373
15865,0.18278500533339725
15866,0.08090005715162174
15867,0.5064968203450274
15868,0.9233114821835637
15869,0.2950058236752089
15870,0.7662241950140328
15871,0.0916634343033158
15872,0.16991301253009783
15873,0.3084901246466758
15874,0.27806915210010175
15875,0.540183969532468
15876,0.06529483370882472
15877,0.8245719367514078
15878,0.46660822722609796
15879,0.5805948250300117
15880,0.34420128303239084
15881,0.10911952013786885
15882,0.2208551524666278
15883,0.2128097638906481
15884,0.27904463345916997
15885,0.9323452362417671
15886,0.24546480992961428
15887,0.42041239703058386
15888,0.546335670524509
15889,0.10870056294507735
15890,0.20034794834458092
15891,0.5280955210995006
15892,0.07279402537058166
15893,0.06564809106033409
15894,0.39480923865753126
15895,0.49108584066666383
15896,0.15295042936267822
15897,0.799553310544512
15898,0.6397955584177633
15899,0.8393411735736332
15900,0.385257655352762
15901,0.8259263202307863
15902,0.031692906684898325
15903,0.026044877484202145
15904,0.08450761726643818
15905,0.4648849868856625
15906,0.5524095461531083
15907,0.9080907027590948
15908,0.8411576371777746
15909,0.4497608598188815
15910,0.5786200040345382
15911,0.3570715952051967
15912,0.5323077008425122
15913,0.07928452393846386
15914,0.5173543969306078
15915,0.29180281935327557
15916,0.24229578513875416
15917,0.3328165882737719
15918,0.3666894655390853
15919,0.6359442764393698
15920,0.8286251047880121
15921,0.185275355216036
15922,0.2169814703668097
15923,0.6011171173501988
15924,0.724506938454232
15925,0.4505234883430872
15926,0.6968909100216374
15927,0.45075665560202227
15928,0.8933486538791832
15929,0.7321964011443138
15930,0.475085868494317
15931,0.36986191025234527
15932,0.40063098904177985
15933,0.7990204602645455
15934,0.3052756619819974
15935,0.1436939933345327
15936,0.037358176811850496
15937,0.22248573902383784
15938,0.8563756615977296
15939,0.9873859592879557
15940,0.17360929946741244
15941,0.6771021953666807
15942,0.17038694634089602
15943,0.32094172011875177
15944,0.6569375370508995
15945,0.391106059697778
15946,0.6425990221990386
15947,0.2429599458497208
15948,0.8461576080746427
15949,0.5351924561279766
15950,0.44869866898968636
15951,0.9483355532134629
15952,0.3516261425110079
15953,0.8468947495388788
15954,0.06756373151451989
15955,0.4991240641848743
15956,0.8833706719328952
15957,0.9850581154858147
15958,0.7821073427135994
15959,0.15778478570010457
15960,0.6412479318688193
15961,0.37036375646724307
15962,0.2651071642417515
15963,0.016463682894388598
15964,0.7520508171424378
15965,0.565541763668836
15966,0.025259479879783275
15967,0.5163860435666612
15968,0.6944161213446579
15969,0.6736914745114762
15970,0.593377592628985
15971,0.10147939061004341
15972,0.21482298884492512
15973,0.8967110687834807
15974,0.0379253058992699
15975,0.8096894946444022
15976,0.32064440163654007
15977,0.33337051456658373
15978,0.5361156701786035
15979,0.5741838503075857
15980,0.4041757462703638
15981,0.5923581945686347
15982,0.9931051038174776
15983,0.35608430982725825
15984,0.54086498744988
15985,0.4288676961390657
15986,0.7093947537039434
15987,0.2819984309093674
15988,0.791772294264784
15989,0.7795712020925444
15990,0.8806286986034546
15991,0.46176357478049845
15992,0.09126267426689838
15993,0.7047996792525343
15994,0.9969522076593093
15995,0.8550528242918242
15996,0.18771437516208278
15997,0.38938909225268237
15998,0.9327200039841248
15999,0.33276632083468927
16000,0.3955373771022632
16001,0.8440174901091267
16002,0.15044175049306974
16003,0.30630939888492037
16004,0.09457023284285582
16005,0.35147751472783617
16006,0.00979924536792487
16007,0.4919335923105512
16008,0.9775354585797634
16009,0.951673204535411
16010,0.46906001287785304
16011,0.7100229054797983
16012,0.41427963881204755
16013,0.7262158609655879
16014,0.10933824325462427
16015,0.2074130754419783
16016,0.15997532142058135
16017,0.4528677346573705
16018,0.8395518106011944
16019,0.023764205952006567
16020,0.7973611714827469
16021,0.15092913889841553
16022,0.8607366671211092
16023,0.8043215691066721
16024,0.9977779764873626
16025,0.6559401606411872
16026,0.18931160887373355
16027,0.35906097716224994
16028,0.37858094569690626
16029,0.5236694730972394
16030,0.5018525420584673
16031,0.8327103922576113
16032,0.42281848202420036
16033,0.8987413209614056
16034,0.7406571276498389
16035,0.3326837270011125
16036,0.5049672377294272
16037,0.9565498695511472
16038,0.766706983915463
16039,0.4007835747617655
16040,0.4093630677343716
16041,0.7331987850766489
16042,0.27380477044336293
16043,0.13916122480801696
16044,0.4469947986632312
16045,0.17997632331927838
16046,0.28365322323803954
16047,0.5236589402431985
16048,0.7808858623639918
16049,0.2858658807436235
16050,0.3543382128343683
16051,0.5061337194734732
16052,0.8898268411460155
16053,0.5905857840020516
16054,0.7035062397657476
16055,0.7327486251432258
16056,0.19830734503070735
16057,0.20184996328575977
16058,0.061088397679415096
16059,0.7676539796218163
16060,0.8626248370984203
16061,0.34017476224088583
16062,0.3133416203199315
16063,0.2125272674123888
16064,0.20141924899158947
16065,0.8483146295444854
16066,0.5572909557924777
16067,0.23608254721360644
16068,0.7971327359016565
16069,0.9074154691647834
16070,0.3124883459973269
16071,0.7693411060640101
16072,0.9120810186897256
16073,0.8211778048919358
16074,0.08028142149539652
16075,0.25909064057593
16076,0.9142850388527948
16077,0.12047663582386825
16078,0.9130629091602199
16079,0.5156739030415426
16080,0.891458507158017
16081,0.1866538806485254
16082,0.8959587620412484
16083,0.009660457597822192
16084,0.11394520328991375
16085,0.7332070458071527
16086,0.9452379400406636
16087,0.21696547815446043
16088,0.758705257263812
16089,0.16132913307909402
16090,0.35865552881742824
16091,0.3073669555496248
16092,0.8729287720464347
16093,0.7783571636364226
16094,0.39987630099131677
16095,0.08736641498549369
16096,0.9836826057569872
16097,0.9176791789517638
16098,0.37005122998628726
16099,0.6324423497429255
16100,0.12567925544214642
16101,0.5027135900057903
16102,0.33049131472273363
16103,0.675177112376878
16104,0.34772091728344534
16105,0.04307890158317562
16106,0.3090931853266602
16107,0.10963419591784263
16108,0.976782423761467
16109,0.7975177162212067
16110,0.9568743636021606
16111,0.46998204527713294
16112,0.4652310000560522
16113,0.26304561594654496
16114,0.1752661309820338
16115,0.1715791234608458
16116,0.4159104193107971
16117,0.7287373337460907
16118,0.6764179985157522
16119,0.8331383600936685
16120,0.8215008461989338
16121,0.19169034006127406
16122,0.9696987166557334
16123,0.6001646394513687
16124,0.8028227294657998
16125,0.3337913521626694
16126,0.3023606540227015
16127,0.07827209428357618
16128,0.4551757973215913
16129,0.8403638384781753
16130,0.6814023081071682
16131,0.9788224237620797
16132,0.9566750143792742
16133,0.41613403976383645
16134,0.42751838559072664
16135,0.7192921567884982
16136,0.15532282327278857
16137,0.8692977145821265
16138,0.9499166190571152
16139,0.664813191008896
16140,0.11124472551837894
16141,0.27003770160860796
16142,0.37172427810170117
16143,0.8455685191200749
16144,0.3665276747104347
16145,0.6443644647087357
16146,0.901770725631907
16147,0.6923848972346754
16148,0.15213291219632685
16149,0.6808278460974302
16150,0.3583907597039764
16151,0.2682720047878965
16152,0.8847245136246811
16153,0.0047223275603109904
16154,0.6945672733040053
16155,0.6605997469303163
16156,0.6593173936652363
16157,0.4536542826476735
16158,0.9068300433042815
16159,0.3959239185209996
16160,0.006077910889203952
16161,0.4860570217564487
16162,0.7134666556507202
16163,0.6587993318052678
16164,0.5033925546673023
16165,0.8607120738818861
16166,0.8512174537438992
16167,0.8143034671841942
16168,0.4473478074743583
16169,0.6341328097878047
16170,0.8079856433637612
16171,0.07005410144187585
16172,0.09396269891121978
16173,0.4665335015972224
16174,0.028587869517106124
16175,0.4426467044478193
16176,0.22083910608199853
16177,0.6952689887273222
16178,0.5611670455873775
16179,0.6773903746515053
16180,0.38433437388207337
16181,0.2764579127681306
16182,0.27178326824969246
16183,0.41271624250395067
16184,0.3729936526276333
16185,0.7451974485660133
16186,0.19250094034630716
16187,0.35199940670094043
16188,0.02130788668670458
16189,0.6214422999824214
16190,0.9503505923580537
16191,0.7782277104735015
16192,0.9541197580830173
16193,0.5725562494622289
16194,0.002282781162639691
16195,0.11351198480002389
16196,0.28243607719932884
16197,0.09792665550884816
16198,0.4147290973687878
16199,0.46692864371786547
16200,0.2099517972920789
16201,0.47663404263876485
16202,0.33181660168416227
16203,0.9793557686212869
16204,0.9834397228781306
16205,0.8145627158956725
16206,0.5751223573437682
16207,0.8795911515126212
16208,0.8367913603798122
16209,0.9070054690818714
16210,0.043108007519667146
16211,0.7213312997450538
16212,0.19169606921169557
16213,0.8562925312087306
16214,0.6445637980821315
16215,0.30684120353274946
16216,0.15736151017735422
16217,0.5993996789479702
16218,0.027885050774767772
16219,0.7915472244460817
16220,0.32159426334957675
16221,0.7728068783149834
16222,0.08428390705293831
16223,0.9964070947413187
16224,0.7133096972433338
16225,0.7994100048496902
16226,0.8748951977371571
16227,0.4589521686167356
16228,0.3140009589988261
16229,0.5636466694926481
16230,0.12858802364247146
16231,0.864376642269952
16232,0.050947893875918915
16233,0.020918805735310464
16234,0.6074678063516239
16235,0.5422798230956679
16236,0.9925003996147661
16237,0.8346634482733364
16238,0.5370183789467097
16239,0.8888174825815837
16240,0.05125430528338282
16241,0.5390089412397948
16242,0.40233244572383275
16243,0.04441104214001823
16244,0.14125405004007863
16245,0.016543190251248507
16246,0.5234434707287294
16247,0.04311430232337332
16248,0.44088264717508996
16249,0.6293309920785994
16250,0.955056306181299
16251,0.05313428636176831
16252,0.45681611867207617
16253,0.8441725921408902
16254,0.9897860111274507
16255,0.07925434119760244
16256,0.08689851752961963
16257,0.9422142088261837
16258,0.9843146067120615
16259,0.1917393632494807
16260,0.07254656066691989
16261,0.24534730585209286
16262,0.447498700824269
16263,0.731456685029337
16264,0.6986565984128236
16265,0.6670274756083688
16266,0.9424000432710034
16267,0.03638884947323173
16268,0.6047963272732256
16269,0.15660288581835924
16270,0.8086452605046501
16271,0.8581504404234543
16272,0.6280329261554833
16273,0.09653736231410615
16274,0.14883168507899858
16275,0.4837877403980916
16276,0.9231270541736593
16277,0.19063568328851788
16278,0.8966126660656073
16279,0.9862713323770668
16280,0.018199774795820578
16281,0.13750093158093268
16282,0.25194594084729927
16283,0.20027681469278646
16284,0.7026335318609597
16285,0.5644099556625444
16286,0.17493341991174793
16287,0.48351014321932106
16288,0.4726751738517466
16289,0.048373137939464295
16290,0.7293971241183738
16291,0.12626052025844237
16292,0.15481994425408718
16293,0.4369172356713251
16294,0.6381134562580653
16295,0.7534114675643484
16296,0.9971973843054116
16297,0.4877958421008183
16298,0.9854452316326129
16299,0.5896369791576753
16300,0.6750657548216196
16301,0.35509510332775596
16302,0.32590257181424387
16303,0.6184538619307262
16304,0.8474294004762092
16305,0.8917271105257817
16306,0.5977536924708742
16307,0.3557240463923733
16308,0.30025450830129985
16309,0.054612089082496484
16310,0.9546303611233724
16311,0.5129643435639362
16312,0.5011080417334511
16313,0.558866454721399
16314,0.1748174116692207
16315,0.17463515276475527
16316,0.05964039701453183
16317,0.44309642451520437
16318,0.27781949557471997
16319,0.9444984577001526
16320,0.10535746230918186
16321,0.08993665385692085
16322,0.05545647956565658
16323,0.9106925705422108
16324,0.17506280673451124
16325,0.2603184588948957
16326,0.2737467934213935
16327,0.993909539708163
16328,0.04590123748458108
16329,0.560411889219523
16330,0.021547908490779366
16331,0.7334967464757782
16332,0.45443558025373443
16333,0.33188318399573136
16334,0.15921357819947635
16335,0.47108710952886257
16336,0.042892202758199605
16337,0.8895077858612088
16338,0.7335482427675772
16339,0.7587158065135063
16340,0.5887756943406371
16341,0.9153018137675687
16342,0.9703564803203275
16343,0.6947865505893558
16344,0.7820543600490878
16345,0.9916201508405547
16346,0.05041147008342772
16347,0.8430385979736484
16348,0.35047128548034556
16349,0.8860218388997017
16350,0.6951932466634149
16351,0.25909902334230484
16352,0.3060449694981786
16353,0.6551147243329944
16354,0.6369287556297171
16355,0.03420162953118411
16356,0.6056794823638222
16357,0.6702630347910905
16358,0.1495796914886569
16359,0.9016829666264646
16360,0.24269070044300156
16361,0.7851496896877882
16362,0.014401674920330731
16363,0.4008173500354554
16364,0.19786829262166827
16365,0.22101789247326464
16366,0.38318633329056084
16367,0.013770859039160754
16368,0.46712160286516624
16369,0.7031042738679554
16370,0.6621229019276722
16371,0.8835823896699123
16372,0.09947506874833201
16373,0.5174586433595088
16374,0.4543286415615515
16375,0.8425233829974088
16376,0.7781448300944831
16377,0.6600171148453585
16378,0.8102583633058488
16379,0.9298544127223203
16380,0.3843008869993658
16381,0.011696889510612318
16382,0.8385174483315534
16383,0.33303609616261154
16384,0.8854196105455081
16385,0.7103963963145457
16386,0.5233910540984928
16387,0.5058218481105875
16388,0.9897052088664615
16389,0.20475003724999696
16390,0.3772842724585441
16391,0.46994936275925236
16392,0.4564072877705774
16393,0.8291749614976743
16394,0.8000992505773905
16395,0.9189440014309119
16396,0.2138309329488859
16397,0.6340682448633306
16398,0.522983933841917
16399,0.5498481732996322
16400,0.4361143414971993
16401,0.6043464478265173
16402,0.6290874452693088
16403,0.4064769088946215
16404,0.5282636959608518
16405,0.3470691329830127
16406,0.21734090827329633
16407,0.7375099372888396
16408,0.7566358745937568
16409,0.48657459198290054
16410,0.8056232337120843
16411,0.2961859858670052
16412,0.5547952966317392
16413,0.6366876616772188
16414,0.013481520873625086
16415,0.17922703647029148
16416,0.8386783279094809
16417,0.6939778786976885
16418,0.8942874802167091
16419,0.3676641943416248
16420,0.8610530591899799
16421,0.22324295707604225
16422,0.5544666603572568
16423,0.7365049901606333
16424,0.9385239570092914
16425,0.8830582452022302
16426,0.9890503375345863
16427,0.904526271038934
16428,0.6050951006407108
16429,0.4309745574088467
16430,0.03467285772476558
16431,0.32668143401639926
16432,0.25651358926276935
16433,0.3799107799217727
16434,0.32555010335425594
16435,0.9720613477061124
16436,0.12338210916297454
16437,0.7203736214825773
16438,0.421478410067356
16439,0.48115028202935506
16440,0.10809368521243534
16441,0.48032320554683405
16442,0.36808911125520627
16443,0.8514615659389313
16444,0.06472821048174837
16445,0.13308152840288467
16446,0.34674942668709385
16447,0.6632652167309332
16448,0.4521382807963711
16449,0.07446112597622312
16450,0.32959277514467544
16451,0.4887016835841894
16452,0.3848974547014584
16453,0.7789641449549022
16454,0.18266523894296027
16455,0.9385833293944443
16456,0.455936108759607
16457,0.3052783827698904
16458,0.39563398721950827
16459,0.5642136066530449
16460,0.03531218793192936
16461,0.9100543944008813
16462,0.027326137490934155
16463,0.8782962361487532
16464,0.2710829514670978
16465,0.04513162677620286
16466,0.5963329755112341
16467,0.8340817811879674
16468,0.9347647085989103
16469,0.8356171858366038
16470,0.06186669001703382
16471,0.2949178352022539
16472,0.8073278808971591
16473,0.8008121491864818
16474,0.24179533127904806
16475,0.709622042388492
16476,0.9109904004948952
16477,0.27313357179340547
16478,0.13424103427542733
16479,0.08769040205854473
16480,0.6607997883666661
16481,0.6168407685599484
16482,0.5445902328275476
16483,0.500296126643002
16484,0.7974505822153511
16485,0.21672478442596133
16486,0.12174006843613072
16487,0.7402876475384629
16488,0.6396905365055396
16489,0.7216087083292817
16490,0.46477025582828835
16491,0.5369713822990418
16492,0.08585748781859315
16493,0.23533003210968761
16494,0.6821235725627735
16495,0.011002652632289167
16496,0.9109535989909799
16497,0.8373414030450619
16498,0.7172164676179373
16499,0.5423677059550355
16500,0.2992087555476086
16501,0.9507042659914531
16502,0.26275121829430115
16503,0.38596501035488573
16504,0.6303846691899264
16505,0.3614491458515544
16506,0.5300859429660858
16507,0.8525165399440694
16508,0.5210869353371529
16509,0.4057681064532378
16510,0.5756705904687349
16511,0.3051843213283586
16512,0.9860155087105221
16513,0.09299024046825921
16514,0.5337590747877268
16515,0.8535715713740513
16516,0.29168931329168746
16517,0.7180824516286937
16518,0.9901927755493126
16519,0.11623700099638223
16520,0.3908001023173273
16521,0.2948555116117244
16522,0.4505757485901407
16523,0.05255053594024073
16524,0.4713954289740143
16525,0.6857638903487248
16526,0.4726636866060152
16527,0.35670666091652037
16528,0.5757195326804514
16529,0.011373776895627907
16530,0.38996871921098386
16531,0.9182355796405223
16532,0.046134056441977545
16533,0.5159936594289772
16534,0.5089739219514335
16535,0.15893857866402694
16536,0.0979303665974437
16537,0.4159030710846462
16538,0.5489743441715106
16539,0.47764429693003785
16540,0.06032478076926928
16541,0.8047667466621078
16542,0.9352074072793711
16543,0.8732494098334416
16544,0.5145671861898642
16545,0.9160058165625045
16546,0.725980438694815
16547,0.4452000568029635
16548,0.9995845710670692
16549,0.07706400484022702
16550,0.5298198835678896
16551,0.1350156863135329
16552,0.10702768602060475
16553,0.20375234012715915
16554,0.5684975217495262
16555,0.09568454206767518
16556,0.10929866775619623
16557,0.8505548427749235
16558,0.41934278593337115
16559,0.49676729987848156
16560,0.24749618338727564
16561,0.38119886403875813
16562,0.9686247808070808
16563,0.8987342617344073
16564,0.7668363855511976
16565,0.015188354137789184
16566,0.5474839072950138
16567,0.8089375986256381
16568,0.9884277639281454
16569,0.7598922501013041
16570,0.7531271792588198
16571,0.04432618956127288
16572,0.9373671150770797
16573,0.1974400876982354
16574,0.37500061926856976
16575,0.8524479981282803
16576,0.697723499049266
16577,0.7646417805171231
16578,0.5875860549470286
16579,0.23982715287123257
16580,0.9395438506499191
16581,0.21007806338304613
16582,0.04489255103242207
16583,0.012914011866892783
16584,0.15867435527811746
16585,0.7284951589216354
16586,0.053832003239593695
16587,0.060588431034177326
16588,0.18962343024487283
16589,0.6963304007996476
16590,0.8909705098853794
16591,0.966279396890969
16592,0.7256327425536001
16593,0.9219549674647012
16594,0.5500743368016486
16595,0.5564771699618241
16596,0.7918679336233639
16597,0.30340606198815134
16598,0.42920217917525116
16599,0.5763953362816693
16600,0.06202158192493279
16601,0.4836848912621615
16602,0.3060122502618191
16603,0.0846984965431713
16604,0.24941885546960818
16605,0.9904943718766125
16606,0.729139410826574
16607,0.691466334250962
16608,0.4075984431889932
16609,0.774370955884523
16610,0.8374965026203737
16611,0.0869761696539827
16612,0.3521347547572089
16613,0.8941891993808165
16614,0.42362092646628335
16615,0.5098488310517507
16616,0.16803446665927446
16617,0.08900832332708863
16618,0.9515397401212137
16619,0.2101179312633621
16620,0.1351643053459668
16621,0.7891950443478539
16622,0.08740751363734967
16623,0.15291026461544666
16624,0.8560277321346693
16625,0.8879511531544207
16626,0.6537759896925375
16627,0.6696768671456563
16628,0.1614203036227645
16629,0.013316109273735388
16630,0.6447744888852163
16631,0.8728887001481208
16632,0.10277756849288833
16633,0.1075134119508333
16634,0.14128292009552723
16635,0.7682875106318179
16636,0.805863564152483
16637,0.9946133691142561
16638,0.6583859581571296
16639,0.6604898728961103
16640,0.9116171065564499
16641,0.3625091812664992
16642,0.778712281424879
16643,0.31926065841753104
16644,0.40114410869458184
16645,0.8671916045960355
16646,0.1629479747236552
16647,0.993532505985421
16648,0.49156377713954535
16649,0.6123996713768721
16650,0.6560600866774905
16651,0.37975792875851166
16652,0.8503344539369359
16653,0.5914873130834761
16654,0.9251848535745822
16655,0.9455324200668398
16656,0.7009515247007082
16657,0.7201058743862747
16658,0.4373935449136178
16659,0.24115295476908893
16660,0.6744912164366487
16661,0.39941378916563586
16662,0.6735032915442745
16663,0.4403938089128151
16664,0.27855290760677787
16665,0.6129950593367205
16666,0.09153308519315151
16667,0.739237663101275
16668,0.8629408760141815
16669,0.20723733206206707
16670,0.24886160308104321
16671,0.4233707885234892
16672,0.36426933499902925
16673,0.9137246146441188
16674,0.3511195716225861
16675,0.9843605161692066
16676,0.6630471951359422
16677,0.3807452730430696
16678,0.06288325666973449
16679,0.3309202723571837
16680,0.0770608442230808
16681,0.19232413979717455
16682,0.11324577111662948
16683,0.6965512928161027
16684,0.35605773451653433
16685,0.9090499802769969
16686,0.31270885326115316
16687,0.3559109425577951
16688,0.2594144547649879
16689,0.9589774051983887
16690,0.14562238831987284
16691,0.2031722497380436
16692,0.5890122102154342
16693,0.9137921618015257
16694,0.3608166601610441
16695,0.8967197607488891
16696,0.9391425089470554
16697,0.7751212389672208
16698,0.5393480109890392
16699,0.8126701363419354
16700,0.9147334542819218
16701,0.9659139755408002
16702,0.1472154271246684
16703,0.686676521961079
16704,0.2513462294012342
16705,0.5720029860335022
16706,0.08967890909219489
16707,0.12724655554966147
16708,0.12555295416311318
16709,0.3469503157554412
16710,0.4507828937602588
16711,0.7546745090559135
16712,0.9053202940488562
16713,0.6326267312168484
16714,0.315378708555099
16715,0.44291674289464755
16716,0.3466175322557362
16717,0.5918778535376378
16718,0.6281320375492977
16719,0.7938581727916149
16720,0.206337893231886
16721,0.17664178101390782
16722,0.5212251026979997
16723,0.08427462186752477
16724,0.2906583872137378
16725,0.9800334491231625
16726,0.8062672108213645
16727,0.2130492827412025
16728,0.1150316707089456
16729,0.6565203730639115
16730,0.2067436820819254
16731,0.29017351832145
16732,0.5741627575141784
16733,0.5142099617936149
16734,0.02245036754077645
16735,0.6676388127558014
16736,0.9586438661472111
16737,0.5835418549903293
16738,0.25636976050986515
16739,0.44926402148675326
16740,0.32215510459891217
16741,0.2919765445165876
16742,0.7378546933813089
16743,0.7496441446229375
16744,0.17333228139260448
16745,0.6981395584234359
16746,0.7862169991911064
16747,0.27795118263492136
16748,0.9846587337351356
16749,0.6971697246869135
16750,0.585067691951461
16751,0.8429130490837478
16752,0.7266953906980479
16753,0.595136112484001
16754,0.670418501412095
16755,0.5944129923102698
16756,0.8628905372971382
16757,0.08990214114247919
16758,0.08640669406996204
16759,0.29135447308809037
16760,0.4859370867864976
16761,0.8669355365848603
16762,0.6254171637483593
16763,0.4858144299436643
16764,0.13494294970075404
16765,0.5445497192820963
16766,0.143401648686725
16767,0.3734295058365328
16768,0.4162675140616986
16769,0.18001835021038437
16770,0.9262256327237451
16771,0.35629685545099454
16772,0.4008686495103766
16773,0.7434624878115637
16774,0.5592929871261599
16775,0.26573509091844416
16776,0.46719723941044966
16777,0.26203488707049505
16778,0.40437170341458994
16779,0.07472943068168802
16780,0.9185763644149217
16781,0.9288492981755682
16782,0.20652409578844277
16783,0.941034232494272
16784,0.510989216160668
16785,0.022810174322478893
16786,0.19693275757314088
16787,0.6159824080962565
16788,0.5085591188459704
16789,0.4248577720690726
16790,0.2834053490337962
16791,0.9101669999996806
16792,0.32401771929710976
16793,0.11985834482791313
16794,0.6290208185963231
16795,0.5634523949398815
16796,0.8197778314783988
16797,0.9367729301548722
16798,0.9462634421652197
16799,0.6842378515716472
16800,0.10211436844324207
16801,0.037906430196787966
16802,0.36969241586519497
16803,0.8209562782784339
16804,0.7373601303922621
16805,0.3627563892942005
16806,0.8955551602440747
16807,0.06133487124432058
16808,0.21805835377624216
16809,0.5140420499362622
16810,0.16934890456648244
16811,0.4763204832707988
16812,0.8346116010358471
16813,0.1437108409566602
16814,0.8309345744559926
16815,0.8580401316869205
16816,0.6698636659313364
16817,0.06868602108551458
16818,0.08425059633002896
16819,0.3634390495973858
16820,0.4200056476114514
16821,0.16166879885928287
16822,0.6100762849414522
16823,0.3383436756120819
16824,0.6811340804460458
16825,0.3133895705493087
16826,0.5105084203323778
16827,0.11131434535872076
16828,0.9070115772042769
16829,0.2725419700754048
16830,0.804836403763346
16831,0.056970286203777865
16832,0.8502872733063964
16833,0.039258097984670504
16834,0.8727938421524728
16835,0.17791209701778798
16836,0.5080689444976461
16837,0.056175505956555294
16838,0.15046728225068284
16839,0.29878532845069594
16840,0.19399846610349603
16841,0.4517821992286275
16842,0.807927453782989
16843,0.13803654898005457
16844,0.6199329547190616
16845,0.43037945939309397
16846,0.06110598910985088
16847,0.8394219913878512
16848,0.7241429672913711
16849,0.6441713535972002
16850,0.17938658211597314
16851,0.12279276324570498
16852,0.9063234764330852
16853,0.9034518282042732
16854,0.21473533296085923
16855,0.3408728187802904
16856,0.25795039518464513
16857,0.6566303846548918
16858,0.2760692214449447
16859,0.33695786040100506
16860,0.46466925067265186
16861,0.34991125171168747
16862,0.7359361147500479
16863,0.32203573702964405
16864,0.661429297436112
16865,0.8271510434858905
16866,0.8789896047402698
16867,0.7119132605005807
16868,0.13513052390152347
16869,0.24240159683366114
16870,0.678916958522386
16871,0.49260895233808477
16872,0.6170683852827479
16873,0.15551793639503386
16874,0.1698130195038916
16875,0.5902634287955285
16876,0.14492351654961044
16877,0.587938590522713
16878,0.3027420342659196
16879,0.8662865683966752
16880,0.4510756189627212
16881,0.8407478172763682
16882,0.9825946968988071
16883,0.09675058709113438
16884,0.11883113111765808
16885,0.2907309634491979
16886,0.042133338494223516
16887,0.25151601649696265
16888,0.8611347507210019
16889,0.7996354275826909
16890,0.19432240569666537
16891,0.1914522948974552
16892,0.3335588303884326
16893,0.6543312789839345
16894,0.7008030873844872
16895,0.9866792224747695
16896,0.4396190902954046
16897,0.9268019965253282
16898,0.10936272266592861
16899,0.01876614078841743
16900,0.8209324837076694
16901,0.6259962394368742
16902,0.06487109101069444
16903,0.3922111162955556
16904,0.8060645948616111
16905,0.30926824060056857
16906,0.9653792704574079
16907,0.6840415867798193
16908,0.7241526933476424
16909,0.9874474841781222
16910,0.7637323355404204
16911,0.6809713577930563
16912,0.6417112893535459
16913,0.8556705320845909
16914,0.6573544229877596
16915,0.005778531036222279
16916,0.6829221729540417
16917,0.476803139284652
16918,0.6000602329287044
16919,0.4932359739510316
16920,0.02257866596319613
16921,0.8841868392971145
16922,0.9148122562594903
16923,0.464662455266151
16924,0.8824338438912682
16925,0.9005799104106963
16926,0.8074418164858097
16927,0.9850681002766567
16928,0.1592383944020037
16929,0.4380451516039652
16930,0.4068873254178116
16931,0.9147700943219228
16932,0.17703160192315226
16933,0.7707164620868281
16934,0.16563426781553814
16935,0.7489735620462477
16936,0.7272976486532201
16937,0.5819181991278501
16938,0.25347684163173523
16939,0.7794480607009732
16940,0.8708751685495649
16941,0.029715732473092116
16942,0.7993268299733205
16943,0.4145103349858664
16944,0.5092820652122576
16945,0.031733714655089895
16946,0.09352013599639541
16947,0.3007041676962555
16948,0.5625816668865763
16949,0.867578102752599
16950,0.8651975010673122
16951,0.9579911554269938
16952,0.007161283399581664
16953,0.41272213479127773
16954,0.9892618045689666
16955,0.5377180000400602
16956,0.3085072766787188
16957,0.8172052022428097
16958,0.48871763704364724
16959,0.4539951756656705
16960,0.6937247581353918
16961,0.1043689478222275
16962,0.38514753370581
16963,0.5923650719845005
16964,0.6960711650172143
16965,0.03468624671972165
16966,0.0853656543431276
16967,0.24721719845076684
16968,0.4802182802415845
16969,0.5247874175325151
16970,0.39342634976710367
16971,0.05309349476371017
16972,0.5221148815118325
16973,0.058078199156654575
16974,0.33208486001185633
16975,0.6279629354007358
16976,0.312453284659684
16977,0.08146898421531312
16978,0.5356280961590679
16979,0.1493780841130644
16980,0.9166733293469516
16981,0.30555488718549717
16982,0.4194133831107496
16983,0.6066937616053519
16984,0.5889130806247272
16985,0.9966761035200796
16986,0.01060222483195361
16987,0.3994264893381665
16988,0.14028390903338095
16989,0.9369740008017299
16990,0.9664496832990724
16991,0.332917671429909
16992,0.617957446379671
16993,0.1354419000864635
16994,0.8827204175303007
16995,0.4299939349635542
16996,0.5202121267471428
16997,0.14448226975865386
16998,0.8573163727269502
16999,0.5440053640020447
17000,0.7373720114604017
17001,0.4326852748628419
17002,0.5357649318863341
17003,0.08692324371862126
17004,0.5568422467031187
17005,0.378111029316172
17006,0.9023877870233706
17007,0.6205055977876678
17008,0.27406427505249054
17009,0.14878758865236896
17010,0.6876288331782885
17011,0.7627521975691597
17012,0.29784328850812003
17013,0.6806787712718604
17014,0.9884019765771399
17015,0.4680003157874554
17016,0.22961091050502336
17017,0.30344055888030896
17018,0.05404476609731601
17019,0.8854186835653182
17020,0.33854002809861683
17021,0.7849555857749064
17022,0.8037771129055604
17023,0.8307063108157795
17024,0.25297031110964396
17025,0.03269367980937532
17026,0.908447985710582
17027,0.3585617562408989
17028,0.8045454248915076
17029,0.9954863717212612
17030,0.08765033150675161
17031,0.8003201119796433
17032,0.4417271468579749
17033,0.1130445111749917
17034,0.7440014690719694
17035,0.8687033176317255
17036,0.0354056169897452
17037,0.8858708977793525
17038,0.40609417800572056
17039,0.32829072198284026
17040,0.021793444191108624
17041,0.23853837814969592
17042,0.5465889497273383
17043,0.022509830591864732
17044,0.5408946657301561
17045,0.392395406900492
17046,0.1732092698562644
17047,0.3126667219021311
17048,0.6791346308564151
17049,0.13044052625875024
17050,0.043398980833396994
17051,0.49049829494425257
17052,0.41058795055834596
17053,0.27779174251810723
17054,0.6544478962557451
17055,0.1256432984411472
17056,0.0563869906446931
17057,0.8841448163437379
17058,0.10904042873161579
17059,0.12084862988749467
17060,0.04624636142520222
17061,0.9571251490442307
17062,0.5414334789461043
17063,0.3236569378864599
17064,0.258862287503666
17065,0.6519277413041251
17066,0.5364655428613505
17067,0.34297768534793727
17068,0.11478128003626353
17069,0.16448986176079183
17070,0.4911717886703536
17071,0.6467925704981267
17072,0.9287847349615713
17073,0.42923948263175427
17074,0.051353630075946066
17075,0.18111677843498186
17076,0.36506412842198355
17077,0.23727446369103067
17078,0.29589687141633914
17079,0.5074434005557206
17080,0.8036826662107465
17081,0.0011125009987289491
17082,0.6432126347132041
17083,0.49938773520817736
17084,0.11330801935480772
17085,0.2376333999022281
17086,0.7020668060757131
17087,0.8944637382341748
17088,0.9018942776504963
17089,0.3564784970146212
17090,0.5982225116045157
17091,0.4027900174045489
17092,0.4314503766894562
17093,0.17606885528158045
17094,0.5474373698262709
17095,0.2587190799183049
17096,0.7203431865016359
17097,0.9706083232379623
17098,0.28110745419238203
17099,0.5278148482438223
17100,0.7172413697997945
17101,0.7219218571947249
17102,0.6532308596991819
17103,0.2648112780983565
17104,0.5559532867808616
17105,0.7146590459966934
17106,0.4995697954755547
17107,0.9077714195408185
17108,0.7497654618337213
17109,0.9308904059320479
17110,0.5659883279968596
17111,0.07445605611381656
17112,0.8862375637272562
17113,0.864706084970004
17114,0.20712529086719278
17115,0.22799450608437932
17116,0.5532955973402303
17117,0.052031677295616974
17118,0.11857330522942777
17119,0.3439371128174309
17120,0.5275203284043888
17121,0.9475573126468692
17122,0.59895224889661
17123,0.0889405541178051
17124,0.595958373889675
17125,0.6010351355728447
17126,0.8987206257145883
17127,0.2572041093747264
17128,0.5295241647629202
17129,0.2955144846225646
17130,0.17813248524025538
17131,0.7215095510146977
17132,0.7356186597191272
17133,0.8278621146419528
17134,0.2322858476871621
17135,0.5202253846657418
17136,0.45056878978686554
17137,0.8542698020468277
17138,0.6117825538548657
17139,0.344044594719244
17140,0.9449989430975053
17141,0.5354647117108259
17142,0.8329847051833896
17143,0.14293729146098033
17144,0.34353453473510753
17145,0.7340488918332686
17146,0.5637968972999654
17147,0.9727142659169513
17148,0.07132327608726552
17149,0.010224158494378743
17150,0.9555648602046265
17151,0.32238119789134956
17152,0.08852162141950615
17153,0.11870341709703724
17154,0.8563572509948478
17155,0.4416521751693997
17156,0.29817155719156807
17157,0.3506015355857195
17158,0.8530214610870523
17159,0.4354787849084707
17160,0.45439120836361
17161,0.03333652375247609
17162,0.2837201952870284
17163,0.28903963754742557
17164,0.6498351981479872
17165,0.9239082883270592
17166,0.7323057856466035
17167,0.7633747475623747
17168,0.42119891275786814
17169,0.24267029682936447
17170,0.2680013507716983
17171,0.29692221954222264
17172,0.7622685209547359
17173,0.41317220127918586
17174,0.5601746357903177
17175,0.8923111339304197
17176,0.2858150378812503
17177,0.9592258995192611
17178,0.964166011308401
17179,0.43188289792052226
17180,0.09543270244724089
17181,0.5046234487205221
17182,0.433392345780776
17183,0.4362052397764612
17184,0.09506083921115194
17185,0.7806058129306315
17186,0.7530550598942741
17187,0.3786670519944595
17188,0.045752737651417075
17189,0.47074002597922515
17190,0.008838136581726497
17191,0.21686917106167192
17192,0.7286236443660102
17193,0.5145548816675753
17194,0.919619601200659
17195,0.18491153455803389
17196,0.5045681070802905
17197,0.8602140822781151
17198,0.9380933087761637
17199,0.06786262814866262
17200,0.832232152891671
17201,0.6255334013790169
17202,0.3122180838310804
17203,0.033794647889106355
17204,0.5841092333492024
17205,0.07777803032351427
17206,0.6568850293264391
17207,0.8825256887368415
17208,0.9958051334446932
17209,0.10593209635829104
17210,0.31002982772075527
17211,0.8570876621899329
17212,0.8690623369824935
17213,0.29295212912264634
17214,0.7868223447633639
17215,0.6293608593512968
17216,0.3896286462462657
17217,0.2822021548930784
17218,0.21981569806742662
17219,0.5889366788280676
17220,0.23188428232677383
17221,0.5439451905602618
17222,0.03601277935182956
17223,0.9691770443496718
17224,0.0021770687078050965
17225,0.09135563977472472
17226,0.9475785719617451
17227,0.8537831301884462
17228,0.5374536136111437
17229,0.6306085159336683
17230,0.9189611510430254
17231,0.8291090685674838
17232,0.6131298863528023
17233,0.10731891366763069
17234,0.9271656209850047
17235,0.11939933837106409
17236,0.16284310232058496
17237,0.34315502091069894
17238,0.008413185433876702
17239,0.6513461197375299
17240,0.1562928273394717
17241,0.6161797658082843
17242,0.5446083200300492
17243,0.2531401939415635
17244,0.12782224972230893
17245,0.8126389359570866
17246,0.38161775230337724
17247,0.23771526683075717
17248,0.6561011514468127
17249,0.5609164694613811
17250,0.39793391266539846
17251,0.8702347730149399
17252,0.7155465917939939
17253,0.29705525982484693
17254,0.16614986631382023
17255,0.5807319053697084
17256,0.42473471352389935
17257,0.9153195367975677
17258,0.7561850001037187
17259,0.9909473992908515
17260,0.5741062309993789
17261,0.14827973485969737
17262,0.6722257075343556
17263,0.38377970973595854
17264,0.5791695365871286
17265,0.579854322014167
17266,0.14963676501165668
17267,0.7739480925707599
17268,0.8525351244610283
17269,0.9658961796656632
17270,0.27912795088237397
17271,0.6133972919693297
17272,0.42630470623778705
17273,0.9196310935123126
17274,0.8255102644690528
17275,0.5531380564570811
17276,0.6029287726485298
17277,0.2064683890583353
17278,0.43512048840454753
17279,0.4703965541015207
17280,0.16441547716438032
17281,0.1336723890159376
17282,0.4693094599182679
17283,0.9630907881691364
17284,0.3524637980328219
17285,0.9862072872420998
17286,0.6229280238945605
17287,0.5404113875006946
17288,0.8433176690812644
17289,0.5590642775869714
17290,0.02644120291469565
17291,0.6008888943735927
17292,0.14635776060027872
17293,0.1312507014728288
17294,0.6467721009171155
17295,0.16077999543715182
17296,0.16274609687747987
17297,0.5635638582161803
17298,0.237732101578206
17299,0.06252654636758515
17300,0.9096329112825711
17301,0.5484458507477488
17302,0.3051293823951374
17303,0.02394927581292028
17304,0.8304500737639585
17305,0.8791228895863994
17306,0.6277590051045994
17307,0.3681140770789395
17308,0.5421194909880277
17309,0.13786058448855987
17310,0.5226869055841635
17311,0.11436814276046225
17312,0.0033669392215451843
17313,0.573464700699188
17314,0.4595252465306817
17315,0.22006762450115946
17316,0.9024287798888484
17317,0.4777404075327957
17318,0.6840339909222818
17319,0.03057427915304678
17320,0.2991754307238944
17321,0.08036434569393158
17322,0.2994176355926301
17323,0.5771799886020536
17324,0.5066805193114193
17325,0.930940793573883
17326,0.9110921695567191
17327,0.1884008515027863
17328,0.4182109160447065
17329,0.895797568718395
17330,0.9166339216200046
17331,0.5328243335834888
17332,0.9593897450048103
17333,0.46064609655054356
17334,0.9592475567247174
17335,0.8885101823568669
17336,0.28031631219304
17337,0.06601135823534832
17338,0.18895640415855874
17339,0.39899730777228704
17340,0.38588096405740935
17341,0.6734704199096516
17342,0.40137196149571075
17343,0.3156549974868348
17344,0.14624362280767
17345,0.9044593844037756
17346,0.3648195254035178
17347,0.17806398314620286
17348,0.5419139036193188
17349,0.2268134648302349
17350,0.9580035451201614
17351,0.10479931401508236
17352,0.5014043151577331
17353,0.5723206186152864
17354,0.2664947818494936
17355,0.7201450678192411
17356,0.9308875796631645
17357,0.25892686694755607
17358,0.583947177871871
17359,0.5943860121744954
17360,0.611281737051367
17361,0.6968372466688962
17362,0.00820075125155817
17363,0.17780702862844988
17364,0.47835911313976254
17365,0.2771028073191244
17366,0.7315110437907417
17367,0.13128518881264495
17368,0.49864637787953425
17369,0.6201820376551982
17370,0.19770368794950044
17371,0.8078908064680378
17372,0.9386262407780646
17373,0.7620593056786988
17374,0.46625355964997517
17375,0.6369968760924765
17376,0.818227006091833
17377,0.21261210274295894
17378,0.7493540449682224
17379,0.36797403399779804
17380,0.3088107183134543
17381,0.5925112575118735
17382,0.8342497674672904
17383,0.2571486583735848
17384,0.3202096955132241
17385,0.861065114978624
17386,0.07072625689329237
17387,0.3524093862401704
17388,0.9797319057173853
17389,0.3217927723075249
17390,0.24344736547148882
17391,0.9532469692310179
17392,0.24295917414831647
17393,0.3059053460514304
17394,0.6669589534791949
17395,0.12769184214499607
17396,0.48244637063002016
17397,0.14236539362806522
17398,0.615405858674094
17399,0.7551772677200672
17400,0.4961940606147397
17401,0.8528471687802949
17402,0.3194910785814916
17403,0.5802492878044047
17404,0.4487151676924669
17405,0.3054599464382006
17406,0.33839224318951633
17407,0.2897615068839906
17408,0.18690589786869283
17409,0.9514942327257784
17410,0.3411327564151627
17411,0.9715107756972388
17412,0.6166017939069962
17413,0.2086572674231021
17414,0.07002611782099277
17415,0.7004109493921158
17416,0.724758967387703
17417,0.395889981640026
17418,0.5981372548804524
17419,0.859435832529515
17420,0.8877199254498983
17421,0.22486152989891817
17422,0.2365306942539952
17423,0.5980969516461179
17424,0.717948883751344
17425,0.19649304306069648
17426,0.0009564403118481613
17427,0.21976465511819931
17428,0.9497079231424603
17429,0.44189585088339056
17430,0.9302194109147369
17431,0.9533735818140933
17432,0.6323345906369454
17433,0.06180190372106498
17434,0.13614296939397552
17435,0.3696625527252355
17436,0.7639654865308236
17437,0.4533209200307228
17438,0.04756327172835961
17439,0.5251818398506775
17440,0.012755330128073394
17441,0.9147870917179302
17442,0.6748398063957468
17443,0.9380658312704447
17444,0.5566842965117634
17445,0.384566751465825
17446,0.7962112052000885
17447,0.4303961144455054
17448,0.9349517388515353
17449,0.7419605928918955
17450,0.0890898545602895
17451,0.7741873743489703
17452,0.8041149934112003
17453,0.0334131494855352
17454,0.04275647268931204
17455,0.12711940632917507
17456,0.7618886239607259
17457,0.9840901651089927
17458,0.8206342356772961
17459,0.7259660351813821
17460,0.43757459250634256
17461,0.6612540354348567
17462,0.29247200789362515
17463,0.5038608374599565
17464,0.371370483115557
17465,0.3665776167941728
17466,0.10195404593515656
17467,0.4951438817747762
17468,0.20942835886096767
17469,0.560708288981662
17470,0.3108029016814299
17471,0.1815184434657412
17472,0.8024872248374768
17473,0.6791880821901772
17474,0.8843700772756931
17475,0.6093539768740492
17476,0.17209174319347675
17477,0.43946152325799337
17478,0.8217685558801329
17479,0.9773307771296208
17480,0.7125174589929013
17481,0.143544874225635
17482,0.6972992747789026
17483,0.9873983751682727
17484,0.6796308346406968
17485,0.6528518390282765
17486,0.92108159052914
17487,0.7973244172811669
17488,0.7742004550511224
17489,0.8178508734949135
17490,0.08910026388242387
17491,0.6928222128816326
17492,0.8538150486641408
17493,0.8178114041182977
17494,0.14533588742443904
17495,0.31846332308651193
17496,0.5100928628278169
17497,0.27407470577648085
17498,0.23993376298018054
17499,0.8035321076999646
17500,0.7935087633858245
17501,0.9016700357123318
17502,0.5613040391837993
17503,0.4946340133227676
17504,0.8594195749489263
17505,0.8514958315941262
17506,0.35112567424693086
17507,0.5645976442091004
17508,0.9361107896334231
17509,0.06077555818738489
17510,0.028926119708766573
17511,0.06367568447560878
17512,0.2809387379899315
17513,0.8426354791281342
17514,0.45688333210857246
17515,0.2815605575945819
17516,0.7427101889391687
17517,0.6738473051343415
17518,0.0184509128535828
17519,0.09854663163784083
17520,0.2768985553163591
17521,0.8329060017449492
17522,0.9505414497952238
17523,0.5154262271641586
17524,0.19424887276887381
17525,0.5626700328196019
17526,0.032272548053267736
17527,0.5835985183733741
17528,0.3472558249974348
17529,0.5296029259073669
17530,0.7407373080449753
17531,0.19641255816711545
17532,0.9307351342268635
17533,0.2785963761440957
17534,0.6060416232730531
17535,0.573460909856588
17536,0.2840360435250777
17537,0.0706197552670168
17538,0.64598777147855
17539,0.9143166007275265
17540,0.35659837027307706
17541,0.5787145814995475
17542,0.22435983078252186
17543,0.5651501619557037
17544,0.2623806749233024
17545,0.9622202305284945
17546,0.09519865272229278
17547,0.34572004528230715
17548,0.25839744045772106
17549,0.38747076673552205
17550,0.5271843278093233
17551,0.42124983368527935
17552,0.655267370372525
17553,0.7890994179066251
17554,0.1762009021932921
17555,0.01809590835179098
17556,0.9388789699830222
17557,0.36278455573943735
17558,0.5922929953441175
17559,0.15805275853827516
17560,0.7711663901200424
17561,0.4302632820204617
17562,0.6695495607532925
17563,0.5797887571204979
17564,0.7957986343030222
17565,0.13078098265569216
17566,0.6129690532725328
17567,0.9237778445449363
17568,0.1637039503829556
17569,0.5768548580625847
17570,0.9600003456063821
17571,0.10747132151225258
17572,0.04330332413802629
17573,0.1902258985973856
17574,0.021860670682239514
17575,0.5700043967076172
17576,0.6826719810420234
17577,0.005524971751697416
17578,0.448747557267525
17579,0.3721562986239776
17580,0.7691314696862414
17581,0.7830848759498034
17582,0.7359731606445706
17583,0.0016851442737049194
17584,0.1881435723645506
17585,0.009833331651590616
17586,0.9902525878972009
17587,0.9352087179366946
17588,0.5191753873198701
17589,0.22467987602525152
17590,0.5959597329271412
17591,0.23898839861960264
17592,0.42540606875954246
17593,0.8500623328393714
17594,0.5073194083332027
17595,0.854728487326484
17596,0.8683337723873257
17597,0.5503564573950883
17598,0.8438224204817933
17599,0.4406179171365213
17600,0.8797314154159763
17601,0.15034249644376407
17602,0.39233352616944406
17603,0.923169790264942
17604,0.1938553896363353
17605,0.7553184598773315
17606,0.3976794013297753
17607,0.7882389312958865
17608,0.3100765784595466
17609,0.48832215221350517
17610,0.09453741577766095
17611,0.535554784161175
17612,0.23171765532054556
17613,0.18953479680520757
17614,0.23376584104213383
17615,0.7547589641742258
17616,0.49089145983754956
17617,0.134184376140135
17618,0.4795765884468962
17619,0.9348230789990052
17620,0.9040226468953176
17621,0.13968861422298795
17622,0.4917389650996332
17623,0.4965098490815043
17624,0.7521421373005461
17625,0.5371415653714225
17626,0.10308506381452387
17627,0.9698857471321309
17628,0.9147011337433807
17629,0.5533166047818413
17630,0.3141145936822818
17631,0.3492756744064919
17632,0.6945843408877679
17633,0.06433997098373712
17634,0.08581862381575078
17635,0.8730386572446512
17636,0.4562329125932685
17637,0.23918276591361576
17638,0.5459031217318377
17639,0.04261075823091276
17640,0.6034159110537333
17641,0.6218518346551147
17642,0.9427452549209973
17643,0.36832615548214254
17644,0.7180757824831393
17645,0.009818759449923942
17646,0.13407629014124633
17647,0.7584591594671529
17648,0.8258337867830815
17649,0.8320681850676933
17650,0.7914775750781325
17651,0.7687429831424608
17652,0.03723709980061052
17653,0.14497966236680304
17654,0.40272271272693516
17655,0.6927834338977413
17656,0.8461643637115567
17657,0.7129615248716042
17658,0.13307558895393334
17659,0.9906718937460918
17660,0.20011883804298047
17661,0.6688785413022967
17662,0.0573583750743456
17663,0.432160554965499
17664,0.7305071937046401
17665,0.09032630391500451
17666,0.9318431282409119
17667,0.30896287213772833
17668,0.21735385153759523
17669,0.09183412752173703
17670,0.6093634980824706
17671,0.11813737612341224
17672,0.8544460162965702
17673,0.7215099934534254
17674,0.08178594425868446
17675,0.9968217972855735
17676,0.9296026857932723
17677,0.9952715401043836
17678,0.11418988263135255
17679,0.21789738869621478
17680,0.4999088877652683
17681,0.5787991156095927
17682,0.18552050433145062
17683,0.9508402992439714
17684,0.9740313183230536
17685,0.19087464987771263
17686,0.48136991825145614
17687,0.27686430840976106
17688,0.5299463644126737
17689,0.46109574991211943
17690,0.4762228400226416
17691,0.8719982382920666
17692,0.9811778564044425
17693,0.07599917413868806
17694,0.028456814438116318
17695,0.6599965879899641
17696,0.1713769784760314
17697,0.001509434426787748
17698,0.7177148886002629
17699,0.8043707925980298
17700,0.5900935076287632
17701,0.4905948461763364
17702,0.04432688456961853
17703,0.5023269775623412
17704,0.625623352201376
17705,0.8962175825349238
17706,0.43783603496503243
17707,0.23085485790779736
17708,0.027076550629064333
17709,0.6826571013610164
17710,0.8327035692589849
17711,0.30619529272195334
17712,0.6170089525219157
17713,0.6596811226257645
17714,0.023324748372652748
17715,0.249917677996771
17716,0.6982663853771882
17717,0.9998140130955757
17718,0.2994941115775672
17719,0.9245569124072265
17720,0.4818242610481628
17721,0.11345799506988141
17722,0.4915950323448669
17723,0.3141078051479025
17724,0.6773990621594339
17725,0.019726677183054098
17726,0.7248986168178807
17727,0.7934577985960753
17728,0.40815082936562097
17729,0.7443038501412838
17730,0.8423429955757415
17731,0.41928345097671693
17732,0.6618547796788393
17733,0.5837418262313104
17734,0.7778778468802467
17735,0.03166301693761575
17736,0.6892744393281671
17737,0.26464706101616897
17738,0.5957162024396238
17739,0.8244525523608406
17740,0.5353975375120892
17741,0.6621372945607639
17742,0.8107941234580417
17743,0.036801637030375756
17744,0.5330708621126979
17745,0.4272804320353899
17746,0.7706530825163195
17747,0.9705862296009338
17748,0.42440290154498206
17749,0.26663159763927524
17750,0.6282996990827281
17751,0.5302482414210115
17752,0.45803656549585225
17753,0.06184445494269819
17754,0.39543483553944725
17755,0.5749142191690407
17756,0.20689109046141352
17757,0.672182838608769
17758,0.4990131039333122
17759,0.3010827956822659
17760,0.9761907513638006
17761,0.42141856093061525
17762,0.5960853480018532
17763,0.8852536112258319
17764,0.6094862025439773
17765,0.6350783827637808
17766,0.4462765799784566
17767,0.07609786764699211
17768,0.298040589582948
17769,0.4738663597775259
17770,0.43316537143644307
17771,0.7372516642411524
17772,0.3759722178841629
17773,0.83689064672803
17774,0.33886655837964774
17775,0.8320724253478301
17776,0.598161872416399
17777,0.8421249964406762
17778,0.9093587474426982
17779,0.9525942782611752
17780,0.780729440742225
17781,0.7749727977122931
17782,0.10223021363914153
17783,0.7124355273872651
17784,0.6248540398449629
17785,0.45215672556587183
17786,0.5566009236806863
17787,0.7680521671633489
17788,0.36316231341742766
17789,0.7790079750429613
17790,0.12039674269927836
17791,0.8998731485948527
17792,0.24097317465342727
17793,0.5322792054483818
17794,0.41632544898764645
17795,0.07798095197408361
17796,0.8285445686427303
17797,0.129891879346131
17798,0.5107715344975451
17799,0.18727868185696062
17800,0.9695619629932289
17801,0.6450980030256847
17802,0.2572376293364458
17803,0.8192459876725076
17804,0.03313471337985552
17805,0.30147081240159757
17806,0.5787281515871974
17807,0.2390797081381656
17808,0.796218795522251
17809,0.8696585095968979
17810,0.5425162863110866
17811,0.7922631584658661
17812,0.8842639784463081
17813,0.05101396349613596
17814,0.5316991595116739
17815,0.9283131479189177
17816,0.0478741143262168
17817,0.8081950495181874
17818,0.05222016824778086
17819,0.593582676400057
17820,0.9885344409479541
17821,0.42215541287844305
17822,0.8037513948813498
17823,0.5761042915978636
17824,0.6171164724776637
17825,0.6036882999850628
17826,0.6611064256115966
17827,0.03633408703350638
17828,0.5212701975646947
17829,0.8736592215338154
17830,0.1961996505386887
17831,0.08715981968832409
17832,0.4302276729807133
17833,0.5418990807711334
17834,0.4064628715037354
17835,0.7157890319241993
17836,0.024337809817197353
17837,0.38881348965392226
17838,0.15570141190996378
17839,0.0701809308787581
17840,0.036495821048145305
17841,0.22323573981487488
17842,0.4127155458962768
17843,0.9081615157358401
17844,0.11675833484843168
17845,0.8673195925707868
17846,0.5449734780218716
17847,0.6604949394406331
17848,0.88872986494528
17849,0.4145232774251798
17850,0.3801023791941188
17851,0.9333580958187458
17852,0.6585655023331812
17853,0.7347215316062037
17854,0.3271195175948507
17855,0.7034348584263702
17856,0.12180046709593817
17857,0.22183896062656006
17858,0.7477676498191784
17859,0.7080497959988271
17860,0.3798690823448565
17861,0.8550991067131238
17862,0.2718948467304514
17863,0.985415007964062
17864,0.09700690234060072
17865,0.890457897521688
17866,0.3300039799217497
17867,0.10356359552309224
17868,0.9694854843450543
17869,0.27205004156832613
17870,0.9400903995739783
17871,0.807981396291981
17872,0.6010102069057734
17873,0.5821170369069021
17874,0.2143776116671091
17875,0.8575214521061788
17876,0.864205776740017
17877,0.19705377953802972
17878,0.5108632824647797
17879,0.4202702964552758
17880,0.1260060236413313
17881,0.3138672197179355
17882,0.08847530046722374
17883,0.49292294905574363
17884,0.4352182899007452
17885,0.9521749327775274
17886,0.3727457413429618
17887,0.5612276492923826
17888,0.8779611604116999
17889,0.8625992793538149
17890,0.23789983641600254
17891,0.5548997148259903
17892,0.7750184452215615
17893,0.3696303945470403
17894,0.7706336467560174
17895,0.39922411294487514
17896,0.5519789065766189
17897,0.6529350502912376
17898,0.2885406605281565
17899,0.5698670294228527
17900,0.05098135792882075
17901,0.2422009514854181
17902,0.9192787679457951
17903,0.4362038469637529
17904,0.9546824922182955
17905,0.1593000140635641
17906,0.4902693778586885
17907,0.5525921733155683
17908,0.27928341944090596
17909,0.8965247318095955
17910,0.871426100715099
17911,0.45712303329940696
17912,0.15075489406972564
17913,0.5511906060398
17914,0.6112447184728907
17915,0.34570371086332996
17916,0.4219309610874986
17917,0.5742297393229072
17918,0.7160747004813918
17919,0.06605799013399971
17920,0.024670531227168002
17921,0.28968022825053674
17922,0.5330799849526887
17923,0.013159522299689308
17924,0.8869228736665916
17925,0.5765383227657075
17926,0.9976924978517804
17927,0.891026957756653
17928,0.5720849311765334
17929,0.49284676422378637
17930,0.17934179903054837
17931,0.8296174537619591
17932,0.062752924906747
17933,0.7812160598543487
17934,0.829149293723009
17935,0.8311077086216169
17936,0.47826559161075943
17937,0.07749478176465785
17938,0.060479633882609574
17939,0.97824735683268
17940,0.6761246034876979
17941,0.8586502548691821
17942,0.8490040920956365
17943,0.2710466842803194
17944,0.9537680521458507
17945,0.33527391891930813
17946,0.15970983434489328
17947,0.4411345452710136
17948,0.9857399192722093
17949,0.3978868107968717
17950,0.5281014972081591
17951,0.5256232963162043
17952,0.22137429966403765
17953,0.6236692710556214
17954,0.44805811084386715
17955,0.4583999633018865
17956,0.9429785213824763
17957,0.8453183209624359
17958,0.8813188345704772
17959,0.8488421474932273
17960,0.5033432436017815
17961,0.6222437299424076
17962,0.025874560915784217
17963,0.11031914214785077
17964,0.8276926340098428
17965,0.006450157291305936
17966,0.06466060090760295
17967,0.05408405541467953
17968,0.17673167280416602
17969,0.823769147868295
17970,0.6736464955009224
17971,0.3417974973215476
17972,0.5515540916962252
17973,0.9972291544834928
17974,0.13152616288933883
17975,0.02823977229599628
17976,0.8582601637227748
17977,0.4166080238048705
17978,0.033457159333506126
17979,0.6745260962741199
17980,0.6499861230147941
17981,0.6592556900185479
17982,0.6746465593541215
17983,0.12132086273768794
17984,0.6438731506332241
17985,0.4493026954400483
17986,0.3556703851251136
17987,0.5393792164182463
17988,0.8517479413996335
17989,0.24220259148897028
17990,0.042883796282926046
17991,0.3224934098855111
17992,0.7532499637158971
17993,0.3960689420239323
17994,0.6321208449909643
17995,0.40145112768984614
17996,0.873752576467726
17997,0.5356108327934256
17998,0.3545820510237664
17999,0.9357809873062742
18000,0.8140271029397844
18001,0.8513371504897593
18002,0.4311365861680687
18003,0.30345646801685766
18004,0.4766587825898506
18005,0.9112646912344333
18006,0.06006276989926962
18007,0.5967938631630932
18008,0.33751019147099315
18009,0.2818270652523588
18010,0.6174699211679863
18011,0.4041251102449255
18012,0.3080727584783849
18013,0.9254539332234819
18014,0.7220571509285902
18015,0.4427390444677376
18016,0.046791346229580255
18017,0.49516612865733645
18018,0.882375082090587
18019,0.636100237069709
18020,0.7003348935886491
18021,0.02605246737426603
18022,0.17778967412782765
18023,0.9389764124918751
18024,0.871470149524995
18025,0.7191983399914285
18026,0.32481231078779604
18027,0.0493607450911
18028,0.7469114317388852
18029,0.059282542706626806
18030,0.9543482922661725
18031,0.591795545915535
18032,0.5852020019677997
18033,0.7943851447680824
18034,0.3948889921525952
18035,0.4059353444973489
18036,0.023104472669810194
18037,0.9903657843244797
18038,0.37312310542199945
18039,0.8311263617531995
18040,0.2165417931773559
18041,0.9792990280660321
18042,0.546921266904918
18043,0.5724139989367696
18044,0.2351577822552543
18045,0.33341258509773686
18046,0.018864365962462437
18047,0.10755804346990261
18048,0.007624467244879973
18049,0.12406503794109935
18050,0.9788324473997941
18051,0.6308572265191585
18052,0.859788377225339
18053,0.02812324606883776
18054,0.16551566340135715
18055,0.37240158425445036
18056,0.010662191498027385
18057,0.5747503133670767
18058,0.09112208165850777
18059,0.7344293841325077
18060,0.4938078487324179
18061,0.5611656737828578
18062,0.7941435885999136
18063,0.4772642223945357
18064,0.7586808366365189
18065,0.04427434039220013
18066,0.7405333555940151
18067,0.0058728356040131935
18068,0.5255267688172791
18069,0.510628165217318
18070,0.02565995868211446
18071,0.16583200467079495
18072,0.5651392091053485
18073,0.5952809943971333
18074,0.3174036913148661
18075,0.461565203964472
18076,0.06362566664206348
18077,0.719017627779193
18078,0.8531337473731437
18079,0.19046819051121988
18080,0.2757878585604461
18081,0.056805329528574755
18082,0.13392014484319337
18083,0.4059396828776851
18084,0.8016617911393081
18085,0.4787293605466596
18086,0.18437902159402175
18087,0.8530725614346871
18088,0.6041799505419704
18089,0.07312525431623795
18090,0.7057818110996555
18091,0.8978923771790159
18092,0.26547425893951915
18093,0.3033646782113718
18094,0.28601842196548577
18095,0.7546090577147141
18096,0.9176897011112783
18097,0.039603844936390686
18098,0.10825918353803532
18099,0.15375831999759737
18100,0.36778830499900017
18101,0.2834584649391829
18102,0.5364498114656252
18103,0.10208523813942183
18104,0.8410032759469467
18105,0.6459684356457863
18106,0.9775692489662262
18107,0.8152395384853235
18108,0.10580473643119814
18109,0.41470796600540716
18110,0.34941330773731516
18111,0.2680197942330025
18112,0.05855812694502105
18113,0.019524112985596864
18114,0.39717530397570056
18115,0.20181429009461394
18116,0.6703811336945226
18117,0.5856677518516434
18118,0.653096150933754
18119,0.14862035297832688
18120,0.5563179328506969
18121,0.14138053663995853
18122,0.3310214321104241
18123,0.08297369348660966
18124,0.6021954989884778
18125,0.7475056754974628
18126,0.994844407585672
18127,0.09431283065103813
18128,0.7876843757859456
18129,0.5851945486954833
18130,0.04899300780346605
18131,0.227131910410188
18132,0.39250957430327715
18133,0.10742860625591877
18134,0.8229325502185532
18135,0.605702493060851
18136,0.6417432413609545
18137,0.8373225384568612
18138,0.3592123274141745
18139,0.003006831482885941
18140,0.6187336670873377
18141,0.9251603504738773
18142,0.7771294692321306
18143,0.6061732433013095
18144,0.2821707154090073
18145,0.2849647377481399
18146,0.76319393587769
18147,0.5761898251962925
18148,0.1104503899452618
18149,0.6214819195002215
18150,0.45842140057696823
18151,0.7695620683243899
18152,0.31056834842256476
18153,0.5113966355195358
18154,0.9311275164275965
18155,0.5773864215278839
18156,0.8979383711656191
18157,0.5151138414703699
18158,0.722149953094395
18159,0.9947526757944453
18160,0.27337161189927284
18161,0.2742810733149268
18162,0.7482458759737356
18163,0.5647871484215159
18164,0.5602559364610555
18165,0.051360942883658445
18166,0.6474500424601822
18167,0.2711180475982162
18168,0.5996247450863539
18169,0.11861510303491152
18170,0.10230444071783873
18171,0.5651429378891764
18172,0.32813031053822894
18173,0.5833506322582129
18174,0.3018643672644422
18175,0.6913467759879774
18176,0.5425037350333367
18177,0.597999693283766
18178,0.24604657088863757
18179,0.7678079498612203
18180,0.17988575062531098
18181,0.784248348903869
18182,0.7275026670919263
18183,0.051089361732838956
18184,0.8311069880885691
18185,0.2259304401795158
18186,0.681262649255019
18187,0.18710655348177907
18188,0.5011890896793757
18189,0.13999704124155954
18190,0.17248273306170503
18191,0.9753205650238355
18192,0.8691324214540307
18193,0.7334340515431226
18194,0.7956551046234213
18195,0.7322923127362932
18196,0.06345049477348519
18197,0.687681420561295
18198,0.8001022573524128
18199,0.4758298115652473
18200,0.8309621929238382
18201,0.643319138623095
18202,0.7419429437997905
18203,0.5224999634575906
18204,0.9258289962198281
18205,0.6488905195606026
18206,0.7471566393417435
18207,0.24726972503576405
18208,0.7147700768175509
18209,0.7097274448205576
18210,0.17227678383372202
18211,0.1036623705420272
18212,0.20980006359572378
18213,0.6888336945494912
18214,0.21274132832100556
18215,0.3114444313159077
18216,0.752409482944432
18217,0.8075667563643805
18218,0.8347132211499707
18219,0.8012981711105153
18220,0.1300089291266029
18221,0.8261044169099462
18222,0.14436429745859092
18223,0.23625704290690397
18224,0.7924832239957238
18225,0.3297018376407991
18226,0.7982661625723186
18227,0.6297479690877051
18228,0.5192731195332524
18229,0.5563106358977783
18230,0.6897768106740917
18231,0.982561899761936
18232,0.9643715697705211
18233,0.15725318740160477
18234,0.7407897818595462
18235,0.8923967646401645
18236,0.9364506449474742
18237,0.9689112715985075
18238,0.7704732155967037
18239,0.4351733868668214
18240,0.6974049895777524
18241,0.724800970058859
18242,0.3591946787934943
18243,0.6572712915931052
18244,0.7115505747483171
18245,0.2049267321979753
18246,0.5443255649987528
18247,0.8479690435856078
18248,0.6653088386769668
18249,0.7704774287487601
18250,0.9162450012679128
18251,0.009241772667372694
18252,0.2297707028647359
18253,0.2273687695287574
18254,0.7609992976876586
18255,0.8198175283649412
18256,0.5538464649315373
18257,0.15618626240680256
18258,0.3013167426510237
18259,0.4157453911245731
18260,0.8801809020264231
18261,0.6035584732204518
18262,0.6102141633980228
18263,0.16599496830124794
18264,0.9761756086977416
18265,0.30801833649148125
18266,0.7890374486779748
18267,0.2670237400737987
18268,0.7888991791782989
18269,0.6284251224446507
18270,0.2556123570199921
18271,0.8819442230436316
18272,0.5715592379997868
18273,0.7005875695968333
18274,0.4519603982293072
18275,0.9948557850289086
18276,0.6934024700032346
18277,0.30526083431185336
18278,0.1737201487456126
18279,0.012743719801931674
18280,0.08350360041986726
18281,0.08541087296915384
18282,0.2137996943907977
18283,0.8868528627153173
18284,0.6040684652416078
18285,0.1311843254960362
18286,0.36647022898838977
18287,0.11892837905354192
18288,0.5110052239486518
18289,0.19645751826107416
18290,0.9765676980356417
18291,0.5010274169410124
18292,0.29615970555505244
18293,0.7386021426973466
18294,0.11610341190174267
18295,0.8055851522470383
18296,0.24297874325010338
18297,0.14145297138814616
18298,0.1802370196062083
18299,0.5828932353256815
18300,0.8795633146572057
18301,0.4576481836970827
18302,0.47173609548087725
18303,0.2788063744736642
18304,0.3098393519432323
18305,0.9935222515710525
18306,0.27782117112416993
18307,0.9374108794058961
18308,0.3224349430150254
18309,0.7242123590833934
18310,0.257951282918916
18311,0.2774461073445932
18312,0.9265880948938814
18313,0.7976072592765268
18314,0.8757812461719505
18315,0.625122993547459
18316,0.41265686809880253
18317,0.8310772187426548
18318,0.06251198722824391
18319,0.032670387067896045
18320,0.6927119678311591
18321,0.09063795402312824
18322,0.031695033069045864
18323,0.8357772669019653
18324,0.25544147569252706
18325,0.6155044053242373
18326,0.9971947086040851
18327,0.2624076629568469
18328,0.8983597718750546
18329,0.4191418541294284
18330,0.7613585558986763
18331,0.9044984263826953
18332,0.14895460327405607
18333,0.9055549305489233
18334,0.41863716315775745
18335,0.8428562949136584
18336,0.3587214720566072
18337,0.866660025564862
18338,0.6934114019220396
18339,0.8768378583140077
18340,0.16585788380426014
18341,0.9680112052185643
18342,0.21135962973898825
18343,0.22852833629447877
18344,0.22538104220245792
18345,0.4522775390072925
18346,0.8926595136483177
18347,0.34898975964436263
18348,0.17727158268687782
18349,0.04333329561939525
18350,0.8895026216725513
18351,0.8361675278835613
18352,0.1743976154127147
18353,0.6967688381792075
18354,0.1874301548762336
18355,0.13967578980700546
18356,0.8869213992793363
18357,0.6577253928539979
18358,0.9408938816950061
18359,0.1378566246429993
18360,0.9220991819708976
18361,0.8756947476391106
18362,0.30626287261845786
18363,0.6772228273771688
18364,0.7225414367291172
18365,0.7789908766721003
18366,0.953777913437313
18367,0.35563627278259546
18368,0.8072864610903742
18369,0.580856489891931
18370,0.8470525172670501
18371,0.4676240680303815
18372,0.30009891139420464
18373,0.9636832684195656
18374,0.160974485441008
18375,0.0384903926426956
18376,0.884311047332464
18377,0.10099821331206837
18378,0.7783949981465442
18379,0.18642476627368287
18380,0.5367152971303308
18381,0.34369864591531607
18382,0.09085222323622055
18383,0.8649972754107832
18384,0.2997581910113327
18385,0.5011723190522208
18386,0.39849270570255246
18387,0.3298720006521151
18388,0.22929134284058528
18389,0.11811399709099457
18390,0.09065680013040311
18391,0.9180548467487256
18392,0.2565873940121113
18393,0.10627896813177096
18394,0.011143267476926177
18395,0.2201283601842029
18396,0.7424564935746099
18397,0.3945751618515423
18398,0.9469682440907201
18399,0.5000667886982186
18400,0.7818427556579942
18401,0.8917297176346644
18402,0.014739468191611538
18403,0.2015882565315621
18404,0.717318784044355
18405,0.8981889171339507
18406,0.042608941108445375
18407,0.2688022340517059
18408,0.755592567526459
18409,0.450701136557647
18410,0.08351807496982433
18411,0.3936927068341751
18412,0.5330385919565576
18413,0.5573066366317435
18414,0.37504477621491616
18415,0.40066931865652644
18416,0.7582990998058606
18417,0.08063601839846835
18418,0.9589604427185506
18419,0.9487858623926292
18420,0.17071606974304065
18421,0.5570099988254308
18422,0.5039003054548951
18423,0.16208821988986277
18424,0.24805584198815367
18425,0.4114789152386463
18426,0.5779425331051762
18427,0.6748246884635188
18428,0.7055332307489182
18429,0.054243462131962406
18430,0.2519407370770863
18431,0.3077958492831534
18432,0.6056825148225331
18433,0.2563181338187821
18434,0.040713916866601085
18435,0.810495980193202
18436,0.8595688691429254
18437,0.16743584314048487
18438,0.19250074507228887
18439,0.04159769012154657
18440,0.7533502204335343
18441,0.3816511659490718
18442,0.6072408923064354
18443,0.5172048601402304
18444,0.6951597535327344
18445,0.8376255351454799
18446,0.896301944857724
18447,0.09093273959805981
18448,0.8448910814672552
18449,0.7627903443685169
18450,0.8759837484457375
18451,0.9229665246491894
18452,0.9793912776398057
18453,0.08672855319126016
18454,0.3644580651926126
18455,0.7077952652199254
18456,0.2684641669363247
18457,0.9149781771891916
18458,0.2861015871239484
18459,0.24251483551642095
18460,0.9344072263609927
18461,0.28691936880108027
18462,0.2862759058807316
18463,0.3390067176179068
18464,0.9725986588404333
18465,0.13527586722630713
18466,0.485313933970845
18467,0.316077675848472
18468,0.13656701419543782
18469,0.405780669083432
18470,0.6422149295815317
18471,0.4603681468849996
18472,0.30466093131982586
18473,0.887065325617688
18474,0.3091426920055751
18475,0.018336638311006292
18476,0.5614300662641278
18477,0.0902630741469308
18478,0.8189853468909697
18479,0.4518825040948017
18480,0.07509307125812859
18481,0.47390805086746557
18482,0.43299239122709565
18483,0.4203772573557988
18484,0.666593224515368
18485,0.9051940719262022
18486,0.6782073523751007
18487,0.22679029150007346
18488,0.17085082433859322
18489,0.20029072126091707
18490,0.5147137666026848
18491,0.420834505983414
18492,0.14178650232235768
18493,0.4650935336968116
18494,0.0028268445745950332
18495,0.623881354513013
18496,0.4444372050085683
18497,0.9850653695121748
18498,0.16011534498338476
18499,0.4411880646937315
18500,0.018639006163226335
18501,0.17142201871372464
18502,0.9660446764358439
18503,0.9829738420066471
18504,0.016555442103573292
18505,0.8079123253089756
18506,0.4346527211757877
18507,0.8047834024298998
18508,0.48032056184058014
18509,0.9289536804940578
18510,0.16210294938885583
18511,0.24491893433209255
18512,0.2761321069812691
18513,0.9116406154269922
18514,0.32873466030703624
18515,0.9533847404850969
18516,0.6310222864503705
18517,0.8657580506729364
18518,0.8477198472184945
18519,0.14320819800276363
18520,0.23838466669598735
18521,0.9484324360325643
18522,0.11170670250745796
18523,0.7376250486083387
18524,0.8957255180464719
18525,0.5275355624003343
18526,0.3660891871891654
18527,0.3924825760734578
18528,0.24855469396119334
18529,0.9634670531586088
18530,0.4302322734018651
18531,0.03160015989566034
18532,0.13718323884730543
18533,0.13656882888182853
18534,0.2301155470186621
18535,0.17101133730974727
18536,0.3727670238921227
18537,0.24053387411572913
18538,0.760412055785597
18539,0.895851215161808
18540,0.2063101278735624
18541,0.65945143460371
18542,0.5888674274835638
18543,0.6133190250023794
18544,0.0354934099508889
18545,0.21841267686586052
18546,0.29324906604520573
18547,0.08750885595428193
18548,0.9597586360077351
18549,0.7567473659018464
18550,0.1554872594426827
18551,0.1154902819762309
18552,0.8022863278686783
18553,0.5250888988863696
18554,0.08013678734840379
18555,0.2737642431716063
18556,0.12589736525387918
18557,0.5260116169060761
18558,0.5293615098709299
18559,0.9902790948988084
18560,0.07258491282404045
18561,0.9504822585418471
18562,0.5983109982304696
18563,0.14839224141900176
18564,0.48041136679875385
18565,0.13588878175149843
18566,0.8581501233377891
18567,0.6918772127137781
18568,0.9149090651913526
18569,0.9429200195371749
18570,0.13695689886333684
18571,0.7674011443565746
18572,0.2776762388529087
18573,0.9895766492019573
18574,0.21201978430494162
18575,0.3636402336013228
18576,0.2938157281560867
18577,0.6982582982004173
18578,0.3133065244195171
18579,0.2254105405662289
18580,0.14002596759707997
18581,0.1317824999735676
18582,0.9620753886323075
18583,0.9048083309741035
18584,0.6705278919636715
18585,0.8773816337390146
18586,0.9861308222631018
18587,0.3600217373040375
18588,0.778536582017388
18589,0.5958576409359526
18590,0.11457552440933949
18591,0.31770014585836326
18592,0.022199633042698452
18593,0.9686094854284073
18594,0.36290270688258497
18595,0.6821700192223183
18596,0.9626362484316173
18597,0.9844671237292427
18598,0.45591375369199794
18599,0.042253784582823695
18600,0.961472378005593
18601,0.0447374956658293
18602,0.7877465885803226
18603,0.010677559389770552
18604,0.8081111135050297
18605,0.3332895010718251
18606,0.5000320786225128
18607,0.035910119312667854
18608,0.07584081488842498
18609,0.24695587331774926
18610,0.5119331029876739
18611,0.8666804234392758
18612,0.03818312811892455
18613,0.8976541913512776
18614,0.17139875945452387
18615,0.31592176672976946
18616,0.6902109953412393
18617,0.9279908038660737
18618,0.23514000922957579
18619,0.40144328951568553
18620,0.2793076745166385
18621,0.6632426010476045
18622,0.7983892982091848
18623,0.569545055132198
18624,0.24195413306857316
18625,0.1724525106825019
18626,0.11752013006844442
18627,0.8154849345395981
18628,0.06928554166858136
18629,0.9158902420061191
18630,0.33341786780819294
18631,0.6171332064698094
18632,0.7324153854174228
18633,0.654600644435781
18634,0.27073843407616405
18635,0.7903366049396902
18636,0.2791720020901951
18637,0.24088326780516411
18638,0.3517044673845834
18639,0.6315197702158828
18640,0.6174986889607676
18641,0.9312593744056965
18642,0.20122621267596097
18643,0.7861012079686751
18644,0.10689677242524942
18645,0.5891081867260457
18646,0.9616870232254314
18647,0.9983652262394637
18648,0.13159958388127402
18649,0.04994363135708757
18650,0.4724958506322584
18651,0.37619374562690366
18652,0.5890097924914752
18653,0.9970285544209497
18654,0.17548059569103047
18655,0.16270532607867505
18656,0.5977780255846893
18657,0.6611269625969212
18658,0.35385066113421104
18659,0.6297154548357741
18660,0.8602764378219763
18661,0.7000119293134006
18662,0.010379418383380412
18663,0.3765688020392679
18664,0.0038732828111507356
18665,0.13349040661587985
18666,0.5862639652734986
18667,0.5462508845604176
18668,0.08821279671040316
18669,0.0364432083208962
18670,0.490226974216628
18671,0.1908397695719456
18672,0.8903779948393151
18673,0.11815057626698644
18674,0.13700840077524679
18675,0.07253623589956115
18676,0.37568799394030694
18677,0.9495315234262549
18678,0.4928486206240267
18679,0.30221017463933775
18680,0.31075135020100353
18681,0.7837490858593186
18682,0.0015452503831684394
18683,0.3475086123423228
18684,0.4235850865129588
18685,0.7362392625660438
18686,0.8081418951744508
18687,0.6078325123925742
18688,0.5298475449322835
18689,0.9350192245575436
18690,0.41833596085044455
18691,0.9837421736960063
18692,0.7258704694125674
18693,0.06791631623635797
18694,0.36630354731517945
18695,0.8177576915335437
18696,0.43946306836372084
18697,0.9846986537928485
18698,0.230291781119924
18699,0.9521875517133038
18700,0.6445352800996557
18701,0.9002789672249584
18702,0.2420975957521706
18703,0.7097117061619242
18704,0.6405974821318516
18705,0.3643571701748394
18706,0.3457942048640622
18707,0.04695884824657792
18708,0.2198453731218143
18709,0.9064558958841548
18710,0.35533016369890347
18711,0.6370299649770172
18712,0.4017286291761486
18713,0.6114486866137675
18714,0.9113849835017469
18715,0.6029677738786898
18716,0.7972327389260546
18717,0.05651219012745512
18718,0.30840409039849204
18719,0.983616365087843
18720,0.6008283475439183
18721,0.29455472978500774
18722,0.7786006371435449
18723,0.7220619946602775
18724,0.9418685796965873
18725,0.956249611327801
18726,0.7562332542875535
18727,0.03544510121926747
18728,0.02309560780535702
18729,0.8453949589902461
18730,0.8083077556047411
18731,0.9977123232906866
18732,0.5471159943456078
18733,0.12419022744457042
18734,0.040238287214234614
18735,0.5428050358309582
18736,0.09015552245499925
18737,0.9265089397608196
18738,0.19719360310049694
18739,0.737612173469643
18740,0.7428376658095271
18741,0.17500528747370925
18742,0.6766423213923732
18743,0.23876165036860642
18744,0.4320583148759588
18745,0.6457717255071225
18746,0.8582590414989707
18747,0.06717061507619138
18748,0.018508253868771418
18749,0.34157309021386206
18750,0.7255788460495523
18751,0.23335720073405253
18752,0.4950779790484089
18753,0.06654235972357969
18754,0.7971924312832769
18755,0.6694233208436323
18756,0.897531305825074
18757,0.901633361739335
18758,0.7341590103262627
18759,0.5016525953226912
18760,0.9971453240822469
18761,0.9520985705966329
18762,0.4292598751982635
18763,0.09217701763720909
18764,0.5081982167149838
18765,0.5923112571850796
18766,0.9971826319368812
18767,0.8091205060395157
18768,0.16049506830049964
18769,0.943583729282163
18770,0.3132445746074167
18771,0.9260397723648731
18772,0.585675162376011
18773,0.6050972868816108
18774,0.8660783928370631
18775,0.7959088992840565
18776,0.7626470361744108
18777,0.7480582859988599
18778,0.5565224358753225
18779,0.0016403910580453651
18780,0.6209885114947724
18781,0.7877432956173933
18782,0.11076286793607404
18783,0.8614583557809079
18784,0.005037115425739258
18785,0.3259824669686655
18786,0.5090996420238768
18787,0.7625274462359304
18788,0.28859115678572544
18789,0.15386756466503748
18790,0.031088690159913335
18791,0.5609569312213198
18792,0.0743015307470064
18793,0.5214351265540981
18794,0.920415570594758
18795,0.2701506423914396
18796,0.5764065997928471
18797,0.0058924451810346
18798,0.8222799198266666
18799,0.8938795288984573
18800,0.7890030030504374
18801,0.9171086190543607
18802,0.43726415395418694
18803,0.3239893478896141
18804,0.017729796236833018
18805,0.1825139540232129
18806,0.5961835542318691
18807,0.8087818543115634
18808,0.7254179809328216
18809,0.2694073679969512
18810,0.23731970815486958
18811,0.19180954704085273
18812,0.48921681362942526
18813,0.9248798262312097
18814,0.23037836187069594
18815,0.26469607453485344
18816,0.017761991462166615
18817,0.32769415118126666
18818,0.9640583119989696
18819,0.3325378221625731
18820,0.05255619042520887
18821,0.4316601234555604
18822,0.8533340135546934
18823,0.06449697203718618
18824,0.5095159791917828
18825,0.9095019495216542
18826,0.250512316610333
18827,0.32695285104200866
18828,0.5347545242319595
18829,0.36695963745030835
18830,0.14617276524489453
18831,0.36559504688545386
18832,0.27892382765208656
18833,0.5819213318951132
18834,0.25196105745326847
18835,0.5667448797946824
18836,0.016911015274124752
18837,0.6749692736138271
18838,0.20662059906848051
18839,0.3759076785430716
18840,0.4382200036090572
18841,0.811059266642651
18842,0.8888014792026359
18843,0.843329338579721
18844,0.2952475103393123
18845,0.8134430832206249
18846,0.6496658464852171
18847,0.8573838088655814
18848,0.1753146690653048
18849,0.9873230761916296
18850,0.13363278461895745
18851,0.6464998807950011
18852,0.014565344851057205
18853,0.9117343510725054
18854,0.23750195908778304
18855,0.827386459671599
18856,0.8058085478071738
18857,0.3921592336516083
18858,0.5847385156621703
18859,0.3594131391703935
18860,0.8085756023621041
18861,0.3193428653667978
18862,0.6593262613682884
18863,0.5890310386740812
18864,0.7165043942670121
18865,0.05383072619904328
18866,0.8009434349882644
18867,0.2185186940462126
18868,0.6353163889479483
18869,0.27300197749618604
18870,0.016286325988094208
18871,0.738934266304041
18872,0.06892242039032559
18873,0.5807844900736805
18874,0.5114387344216023
18875,0.0637111231890809
18876,0.8059660077816819
18877,0.7814964666611371
18878,0.4039091302581015
18879,0.4605990009919876
18880,0.0735909077408412
18881,0.43076343864524236
18882,0.45087509732148257
18883,0.7101751014907249
18884,0.9339289359707506
18885,0.8385259842882924
18886,0.3428198101951323
18887,0.7717665238900557
18888,0.8488765402831948
18889,0.07249440169870736
18890,0.2820073775845149
18891,0.6655415661712575
18892,0.9283106444690004
18893,0.7590794536506509
18894,0.22558843962261166
18895,0.34263217805236146
18896,0.36872716411314754
18897,0.47824409797197864
18898,0.4251151100461469
18899,0.35176877283354724
18900,0.5771800947913016
18901,0.9896084341502474
18902,0.6607446467414859
18903,0.3823400677237371
18904,0.7088958459149587
18905,0.5842032050909362
18906,0.9103537749859385
18907,0.8557062511366982
18908,0.20851746296870977
18909,0.46346595014947145
18910,0.40385130372128675
18911,0.46066074579919947
18912,0.044552794878500945
18913,0.41106864503650176
18914,0.09902583698363199
18915,0.7844630117136753
18916,0.921400272154875
18917,0.7288146861282964
18918,0.6525604631785815
18919,0.8047881944130604
18920,0.49375914465150705
18921,0.35772425178028244
18922,0.10367897978198859
18923,0.7916340838876065
18924,0.8172551135157351
18925,0.40629205248843836
18926,0.2987111124112134
18927,0.32297173686343683
18928,0.12487177358684609
18929,0.3104330832474581
18930,0.9967295286370385
18931,0.11437340265672613
18932,0.875107679184222
18933,0.0017154278516616772
18934,0.7321733772218677
18935,0.4241171038595202
18936,0.189440586164916
18937,0.2082963733203359
18938,0.7672750354826005
18939,0.2856369128594678
18940,0.7495561777910723
18941,0.8020918985521465
18942,0.17813485045210709
18943,0.6454059082189827
18944,0.9890586925978105
18945,0.06000967862964657
18946,0.510079425957063
18947,0.8881346044024848
18948,0.6419941506137333
18949,0.2768738860855058
18950,0.25018909087387176
18951,0.290822373679543
18952,0.042222963210864606
18953,0.08821384965270695
18954,0.9516070984526505
18955,0.5242738584118735
18956,0.080236652593078
18957,0.5316985515175559
18958,0.3062086948527243
18959,0.794651205246876
18960,0.014598669922876284
18961,0.38150853649815164
18962,0.6552130457963111
18963,0.4118970203496449
18964,0.6909722085105675
18965,0.570053495187877
18966,0.5548951963348834
18967,0.16206875788152153
18968,0.35036422855956695
18969,0.7659372591427343
18970,0.0748629994326625
18971,0.8086292378301518
18972,0.2413414634374922
18973,0.3934233143723549
18974,0.4671565040634812
18975,0.20717595100625907
18976,0.91384014413561
18977,0.6884352752992418
18978,0.0013121335661948619
18979,0.8028881320781185
18980,0.19236806067778245
18981,0.41085044577927077
18982,0.828047923269404
18983,0.9166281326892118
18984,0.9247599414198514
18985,0.5940743775242681
18986,0.3215810248209132
18987,0.8423946750203614
18988,0.527249807804325
18989,0.932940537664596
18990,0.5557767558137788
18991,0.21728132248841325
18992,0.6161750202780435
18993,0.5307210110987992
18994,0.7449435378946256
18995,0.43238294127061416
18996,0.9612674602141009
18997,0.33014245967262335
18998,0.027481042057434957
18999,0.7801946330250359
19000,0.45841325335984096
19001,0.7410239273113823
19002,0.21095144406086108
19003,0.3382529244660548
19004,0.11244173685891068
19005,0.45385244448652884
19006,0.03651922992265233
19007,0.6491350239037116
19008,0.5814854356770283
19009,0.5751339251453419
19010,0.4598916283724206
19011,0.732529271196013
19012,0.37306550415878914
19013,0.7040614205258122
19014,0.10831664034143185
19015,0.09625839823200277
19016,0.3799519328925066
19017,0.3525490219054883
19018,0.9947180205685483
19019,0.8720969640578878
19020,0.20412203901923354
19021,0.939479650213342
19022,0.6732658240879418
19023,0.5990387853084803
19024,0.7286662058675434
19025,0.01139683285310611
19026,0.6905518321171874
19027,0.8259782384971721
19028,0.02171980802783524
19029,0.5316345294205981
19030,0.8628466737680212
19031,0.9309298006973127
19032,0.17889243594238446
19033,0.2008442435818273
19034,0.2415693115733034
19035,0.7995855857140782
19036,0.7243258499718572
19037,0.48285863288764863
19038,0.6289187707191445
19039,0.03990520391847496
19040,0.854985587569555
19041,0.7639759423473229
19042,0.05537278055786943
19043,0.2964559709814054
19044,0.3282406175346282
19045,0.86615327622001
19046,0.6931223835464895
19047,0.8569413683182169
19048,0.15355273423673133
19049,0.6033791374164845
19050,0.3077136913011138
19051,0.28775691700326
19052,0.9488216986889962
19053,0.4990204695679312
19054,0.017357990848658633
19055,0.012002710640411585
19056,0.45231023727511865
19057,0.848127931382367
19058,0.0918708663200174
19059,0.7357914049607316
19060,0.2759088093854728
19061,0.4011529322781249
19062,0.8521185224033808
19063,0.31924689688929275
19064,0.7885127896218703
19065,0.8218748077795626
19066,0.668025064504584
19067,0.9041160261671941
19068,0.6764587664303445
19069,0.8102831473286994
19070,0.15453138775352626
19071,0.7298928982135399
19072,0.6254315376788208
19073,0.00637766241727622
19074,0.9932008625779484
19075,0.3500045036355248
19076,0.06276253711346169
19077,0.1680845074202253
19078,0.25186013670424734
19079,0.3532347095496621
19080,0.7071980153059587
19081,0.7795623231690241
19082,0.9941457481541911
19083,0.17417252940618844
19084,0.2869183533561003
19085,0.8835596994767234
19086,0.7723096517655306
19087,0.9258847243424873
19088,0.8792079816281646
19089,0.38577807354551696
19090,0.9533640125440641
19091,0.8235947160138608
19092,0.9076448661254127
19093,0.5690453032467263
19094,0.7150733810769446
19095,0.8918277682894297
19096,0.5431402253099121
19097,0.13583601373160137
19098,0.7829389478765325
19099,0.5255393745432453
19100,0.017208026179125202
19101,0.974044500133163
19102,0.12880997711162534
19103,0.9512040030100676
19104,0.8919134277570313
19105,0.5256817522888052
19106,0.019458720570559418
19107,0.09646969098800384
19108,0.3247908245913693
19109,0.477258826670514
19110,0.8933440896585517
19111,0.38013430266008696
19112,0.7970845541514898
19113,0.027486681478902764
19114,0.5197563796177179
19115,0.10778444150098376
19116,0.9012072494278283
19117,0.573856686839882
19118,0.21328304479486238
19119,0.5462211628393753
19120,0.672311672011883
19121,0.2898133106159537
19122,0.43629588818700626
19123,0.06773383883814377
19124,0.7519691400574353
19125,0.5700953020777196
19126,0.9900194965078694
19127,0.9299811154646453
19128,0.6938845917245681
19129,0.6649943079771133
19130,0.4690402295812741
19131,0.24449600266842642
19132,0.4795113646581779
19133,0.13500845469616163
19134,0.8660944152440282
19135,0.7701329968656
19136,0.7412186890223993
19137,0.5713129213098244
19138,0.2787416788744993
19139,0.90816498090373
19140,0.9726330053403882
19141,0.1362659229515809
19142,0.28486082981467087
19143,0.687386875872485
19144,0.7054460882935961
19145,0.4763203293817885
19146,0.3429304554994018
19147,0.7464685953920439
19148,0.4663193792355259
19149,0.62575971264179
19150,0.6643290417073335
19151,0.5575583158851259
19152,0.3975585554371366
19153,0.48886478824321
19154,0.3176034081864745
19155,0.5839712709745289
19156,0.2192729038535406
19157,0.9605868359542121
19158,0.3877920423495327
19159,0.1040018782375357
19160,0.7066755295422207
19161,0.029110169323893542
19162,0.08378677011671032
19163,0.5010983844078168
19164,0.5029587704591408
19165,0.27068066557736425
19166,0.9716791752320267
19167,0.09011254884937181
19168,0.65162325851471
19169,0.6108286152770643
19170,0.9643467194683746
19171,0.7103780639753761
19172,0.3203174514920716
19173,0.007498242463000793
19174,0.3885245626582833
19175,0.9383433008225991
19176,0.6697851154103979
19177,0.30547373260156463
19178,0.027989634094888638
19179,0.016310493875778764
19180,0.7600781990276249
19181,0.7292332762494026
19182,0.19693379400679356
19183,0.2110600997084323
19184,0.14869232603460458
19185,0.9351919170577982
19186,0.7487879533035537
19187,0.7441268331344248
19188,0.9017883213111437
19189,0.9810821721771205
19190,0.6551515151631945
19191,0.5663388218129468
19192,0.5343132493806283
19193,0.16441442722925625
19194,0.9311248507402423
19195,0.23613760469886258
19196,0.6461220904349808
19197,0.7796505916478214
19198,0.5706119781856149
19199,0.6724180429702482
19200,0.15589027798109611
19201,0.10451833439683222
19202,0.07219875020587696
19203,0.8955015816316307
19204,0.3529733289959568
19205,0.06937477659913716
19206,0.5230778402734484
19207,0.5971043013194851
19208,0.8380737879848705
19209,0.19015193254520824
19210,0.032743158253421445
19211,0.9479693835592383
19212,0.6694310110123669
19213,0.006650359404457573
19214,0.8718273683435852
19215,0.031881049963309316
19216,0.7970280472027558
19217,0.6201472527267986
19218,0.34667228782918724
19219,0.1690653027533361
19220,0.06449492585641958
19221,0.5937337171704159
19222,0.04909108251250538
19223,0.9449695608401792
19224,0.29960312247440646
19225,0.7769354355382576
19226,0.2900476469107537
19227,0.20435026277607748
19228,0.9174448441659262
19229,0.8420236226645873
19230,0.58340457354585
19231,0.6444133541743807
19232,0.7089485579357876
19233,0.8942218150321025
19234,0.47649245488622627
19235,0.48788854864338616
19236,0.40653882381833384
19237,0.2520198291852732
19238,0.45404043733276267
19239,0.24055490619315478
19240,0.8996577763901047
19241,0.05775723348312489
19242,0.015202108426341066
19243,0.4741088419020373
19244,0.5909996185576486
19245,0.9675309214824676
19246,0.4456626333966478
19247,0.46462103102335384
19248,0.7936939252371106
19249,0.7131197586112095
19250,0.7816948777520449
19251,0.2404485837690693
19252,0.5431744979854777
19253,0.5389623926561323
19254,0.5692370438104459
19255,0.7973925500009428
19256,0.3940081393746162
19257,0.23047511092537132
19258,0.48817159150629874
19259,0.17787183522763472
19260,0.007209024151803911
19261,0.0016314143631821487
19262,0.40737675570652343
19263,0.42835360882582363
19264,0.21625979174562227
19265,0.5959190990243545
19266,0.44748754287326475
19267,0.4316729208936241
19268,0.9898657103600308
19269,0.9773413882870182
19270,0.7431577398189974
19271,0.21134092417306616
19272,0.8475558495885186
19273,0.6116790135852356
19274,0.7879449518448494
19275,0.5830959224429753
19276,0.4322390410825896
19277,0.4164889889716208
19278,0.9631020392052811
19279,0.9172595967071782
19280,0.9986917909009294
19281,0.690372907304801
19282,0.6978902366866346
19283,0.9386482207521482
19284,0.24417732076563348
19285,0.42231938528682667
19286,0.13952304151656503
19287,0.0005770142316081639
19288,0.17424272828766263
19289,0.5601878937467947
19290,0.931255610516426
19291,0.04772589548813666
19292,0.8645841998157373
19293,0.11255208721707888
19294,0.23029942537093795
19295,0.300712142289712
19296,0.6813612737056814
19297,0.4520017433033071
19298,0.41632161785809607
19299,0.8049448543209373
19300,0.8653796876783638
19301,0.8965743409204859
19302,0.8083530097295408
19303,0.9722064486430505
19304,0.1282074135725706
19305,0.9981011449044395
19306,0.8857293883435364
19307,0.6837371934960941
19308,0.7353358069446566
19309,0.2655827894087601
19310,0.557445868855734
19311,0.195490163352671
19312,0.7479694070822065
19313,0.8505335686149944
19314,0.13380594905481558
19315,0.13628164233228746
19316,0.5364882351794742
19317,0.6604758815284087
19318,0.8270857938733599
19319,0.6148085642973021
19320,0.7645942728275741
19321,0.2640906797338708
19322,0.3634155111555961
19323,0.8195748126003255
19324,0.6675066074755939
19325,0.19211658255244524
19326,0.9292917722521375
19327,0.9938372390491613
19328,0.5565682850960617
19329,0.7813261672663225
19330,0.9521838519252751
19331,0.7375909523302714
19332,0.6155715207985832
19333,0.2358565216242614
19334,0.8299036684396699
19335,0.25139691741160797
19336,0.5228488945457977
19337,0.5335025253028
19338,0.5765702841721141
19339,0.7901709807447476
19340,0.3046300849695548
19341,0.8941074059218042
19342,0.7931617990992748
19343,0.2699742112682624
19344,0.8151315143633894
19345,0.22957566310532396
19346,0.7733144953982485
19347,0.22658012089376411
19348,0.18570017186735988
19349,0.4173878015995621
19350,0.9829375864188552
19351,0.27360569324235506
19352,0.3610438665736664
19353,0.03394886169069167
19354,0.5590993028548413
19355,0.7367023584343159
19356,0.011239469523915857
19357,0.24264618579846586
19358,0.24348129007062813
19359,0.1739552046278423
19360,0.06431380633623829
19361,0.5784541461295812
19362,0.15780011918712078
19363,0.6495805920365935
19364,0.4490383541716003
19365,0.9818912048192245
19366,0.9064731045199378
19367,0.5434934884216119
19368,0.03821568032219114
19369,0.8811327138424558
19370,0.5618676308898537
19371,0.2043470889507515
19372,0.15545115722775538
19373,0.5411576646982164
19374,0.5607803140425097
19375,0.15126640097449529
19376,0.45011576597594605
19377,0.2783805828628142
19378,0.022446606088927346
19379,0.7025975880892595
19380,0.8824365917574281
19381,0.7345800999414702
19382,0.5223791365078639
19383,0.38643245728969666
19384,0.6598113182335231
19385,0.13564601915181884
19386,0.4900664799541038
19387,0.9400280460720609
19388,0.2655556585985882
19389,0.005451563959181782
19390,0.19503353059398598
19391,0.4480491442623741
19392,0.5134441924360381
19393,0.7210124028976388
19394,0.3784712833303784
19395,0.4475215614019309
19396,0.6096982622402477
19397,0.610980571982456
19398,0.872725611062607
19399,0.9034242983138784
19400,0.7639532227302787
19401,0.26401637715990567
19402,0.11135910155758677
19403,0.29197546727401824
19404,0.5540444451250752
19405,0.8611461883361179
19406,0.2090151114758062
19407,0.008129727281539822
19408,0.6498067336721727
19409,0.5269302827399998
19410,0.47975001527929795
19411,0.2127567097458487
19412,0.1776728585678864
19413,0.5055355730576644
19414,0.01674451817650746
19415,0.39886061549035146
19416,0.2998122873918283
19417,0.5345012360174289
19418,0.8595083216180668
19419,0.07851734537449917
19420,0.7972783445383576
19421,0.43854847964603916
19422,0.9268554699116776
19423,0.541405581007893
19424,0.6770293590106784
19425,0.6944428184582722
19426,0.57889110047192
19427,0.750079877759545
19428,0.7536369972462102
19429,0.6390150830016769
19430,0.3236844135108943
19431,0.03127818315453257
19432,0.7196780055735913
19433,0.5745171533594271
19434,0.03525116892471414
19435,0.9795852909227741
19436,0.24908661185672432
19437,0.948859610656322
19438,0.8636971343085758
19439,0.3887962653548911
19440,0.679364244141738
19441,0.5214764507380116
19442,0.3978892095244647
19443,0.1380561304387744
19444,0.11650934923865297
19445,0.7353463757834717
19446,0.08971776679592591
19447,0.5942382570059979
19448,0.4998720881595462
19449,0.22437363038530966
19450,0.6761218580876729
19451,0.7799802436252573
19452,0.5613278416248599
19453,0.31494518744366506
19454,0.35601753806520553
19455,0.6865022847057755
19456,0.3286212872084736
19457,0.6680945228869102
19458,0.3362769481528315
19459,0.7868080121235046
19460,0.03063541307354445
19461,0.22427588320012926
19462,0.11470923816201961
19463,0.8392731912965764
19464,0.36506115943799433
19465,0.5802817207626677
19466,0.6722366342681931
19467,0.00023058531517183845
19468,0.5339042326315335
19469,0.6787154565135323
19470,0.7168727216322075
19471,0.7936072876331963
19472,0.19641480676722145
19473,0.355823769761769
19474,0.26662015847719056
19475,0.7781364533085756
19476,0.731067993366116
19477,0.11390295105255499
19478,0.7398988399258967
19479,0.9278022369661176
19480,0.8851678081242458
19481,0.03379425111198353
19482,0.924521344834013
19483,0.8987374065881109
19484,0.9647714477983879
19485,0.5581489270688782
19486,0.1866676589013465
19487,0.12087056481486291
19488,0.4907083460292472
19489,0.5445758317686772
19490,0.11258188317346751
19491,0.013256861627355954
19492,0.17047685425224446
19493,0.4290555115732594
19494,0.4018693750125416
19495,0.1395734232466871
19496,0.2835494440051951
19497,0.6260680733360261
19498,0.3161842672444145
19499,0.061301011221974844
19500,0.47156921880092806
19501,0.3846172137886871
19502,0.7777432462975542
19503,0.0037614751064272145
19504,0.39820818414043757
19505,0.9613990129827843
19506,0.26687111981712996
19507,0.733690427067512
19508,0.997257030675548
19509,0.9760503399844325
19510,0.6238931513545704
19511,0.7427897947444214
19512,0.9804544955206708
19513,0.9587534102795864
19514,0.5317701603619664
19515,0.23886139555912012
19516,0.6472319395058933
19517,0.8761915665272453
19518,0.8514867098451128
19519,0.743162153187931
19520,0.0434666942080546
19521,0.4384566677057432
19522,0.16837358123527146
19523,0.4180120932733199
19524,0.3646974265420766
19525,0.8251703888537909
19526,0.5343783442440161
19527,0.9049119150561931
19528,0.17166305395643533
19529,0.8845679953909493
19530,0.3778423434336661
19531,0.8862814123413596
19532,0.4817408899645791
19533,0.8399897428222197
19534,0.3887290383229791
19535,0.1974867921511101
19536,0.7565609962451646
19537,0.79377974608832
19538,0.24310055769948524
19539,0.4563514688572923
19540,0.3417445772373434
19541,0.5798415536982267
19542,0.7884837529409076
19543,0.3167583034379554
19544,0.37812679333472277
19545,0.7896003953770143
19546,0.01506525659673874
19547,0.6399194926886921
19548,0.7094798744735366
19549,0.15372922681528256
19550,0.4207082375609401
19551,0.7838482447210452
19552,0.32638011885550355
19553,0.04773865578696335
19554,0.11736806960413182
19555,0.27291741528306857
19556,0.8493297734715465
19557,0.022915928591379586
19558,0.19312310171368297
19559,0.4017627804540461
19560,0.2899390121714528
19561,0.4685998030055749
19562,0.9997224972279924
19563,0.5270479163031658
19564,0.23035147230500475
19565,0.9241082006827613
19566,0.3141330807005712
19567,0.7301543996584196
19568,0.6702511522712885
19569,0.5935293266057244
19570,0.6833816873573869
19571,0.007174033517728384
19572,0.5248912560794337
19573,0.2045218904721543
19574,0.30343462156547985
19575,0.13013594317407395
19576,0.20173482562185652
19577,0.31937504325439925
19578,0.18249010242395147
19579,0.605208893066216
19580,0.11520438506920117
19581,0.5334363295278074
19582,0.4881042322139324
19583,0.6359537181417892
19584,0.32417919060809597
19585,0.8092986431884849
19586,0.037533120851755974
19587,0.9125525657445328
19588,0.893021086752269
19589,0.42111112956834296
19590,0.4382380986725464
19591,0.21176379821509062
19592,0.6876965798906166
19593,0.8405848417416584
19594,0.19231928790298525
19595,0.9711657657063103
19596,0.02702471062332812
19597,0.3047834406516705
19598,0.6821233569698832
19599,0.9477519306140292
19600,0.3322354671321729
19601,0.9258753426650027
19602,0.8392605355955488
19603,0.9163356639056266
19604,0.20583663959294674
19605,0.752351297408987
19606,0.06941751164701682
19607,0.40684059814839313
19608,0.5986439305759145
19609,0.0902830709045701
19610,0.9424030549027141
19611,0.02470640916718403
19612,0.0527337870692387
19613,0.13832067590270603
19614,0.7438784077321016
19615,0.3991906822117596
19616,0.5536335856580903
19617,0.5906775028064642
19618,0.6998027719921336
19619,0.8229735782677173
19620,0.2215146042111572
19621,0.5961211385052451
19622,0.4767905050801232
19623,0.3134180273642104
19624,0.6189471653005545
19625,0.48619404610294126
19626,0.5880877683671797
19627,0.46225254916077096
19628,0.5073509559485395
19629,0.120247305399109
19630,0.8458773205766885
19631,0.060935855889475365
19632,0.5975222953575832
19633,0.397235991772808
19634,0.19844068798590297
19635,0.4422533983832482
19636,0.4302496058291916
19637,0.5640408916955618
19638,0.22463566981456384
19639,0.7079458178798078
19640,0.8413948262138282
19641,0.6976592485634826
19642,0.8569814376332836
19643,0.49886235965570624
19644,0.0029230711208823035
19645,0.5928149302012805
19646,0.9864728315096124
19647,0.3197653168554492
19648,0.9959126271198526
19649,0.1581883216955594
19650,0.05121155600635574
19651,0.3321827053336671
19652,0.37556337255868844
19653,0.4185546875476992
19654,0.5342669742698084
19655,0.3619356408707656
19656,0.8300790536689325
19657,0.248380967441159
19658,0.5913023502789062
19659,0.6666301253680327
19660,0.3733881125065869
19661,0.20615068864944364
19662,0.800320442513193
19663,0.35316359612482484
19664,0.2578998640346616
19665,0.7623046978361647
19666,0.4286172029136036
19667,0.7674095387095426
19668,0.7394054664027682
19669,0.017605794965370736
19670,0.7266613069177461
19671,0.20650200291468046
19672,0.6486273518081079
19673,0.31979362192995664
19674,0.528330161592105
19675,0.5455522694434692
19676,0.8437577387187739
19677,0.43962983320235294
19678,0.009449542139249312
19679,0.7423363747467127
19680,0.5880459106406416
19681,0.7812644009492837
19682,0.3793200937534822
19683,0.8543097158029729
19684,0.9696050410854979
19685,0.1448431429741257
19686,0.9418321898374656
19687,0.45498285009435246
19688,0.7610450772612779
19689,0.012991688468948936
19690,0.7570395692605958
19691,0.31124740814280594
19692,0.712438916304286
19693,0.1569369398466104
19694,0.8048396450507288
19695,0.22066997028236757
19696,0.47229774483024345
19697,0.0357452469444246
19698,0.680725067707307
19699,0.09558839851324996
19700,0.6996167607691551
19701,0.4138574551958101
19702,0.45833059954386846
19703,0.19384767529700542
19704,0.6728713350478192
19705,0.0762587620112608
19706,0.9571086080786173
19707,0.5824019538897094
19708,0.16290714500494985
19709,0.6336315994363837
19710,0.48526762877217655
19711,0.7409737295358042
19712,0.6132088710353361
19713,0.05547522710943964
19714,0.883905806324923
19715,0.9599171198151215
19716,0.7137324788233376
19717,0.0038260839356131227
19718,0.3867177290400924
19719,0.7117834306940715
19720,0.9387953132638928
19721,0.6948680949168886
19722,0.3595981991623429
19723,0.2869456501256976
19724,0.04889895354087881
19725,0.6470064323151402
19726,0.3736372346107001
19727,0.6430388501896875
19728,0.9514233755949408
19729,0.3443469952596768
19730,0.34642043545508794
19731,0.14446172469026275
19732,0.06264022263370639
19733,0.33753918247524595
19734,0.8502713866841402
19735,0.9181530609537265
19736,0.38486588378488773
19737,0.8166095621320972
19738,0.9790740579819193
19739,0.8122405087634456
19740,0.9880183370587609
19741,0.02700578159727607
19742,0.08738329201214246
19743,0.6771251201270585
19744,0.4542143000290262
19745,0.4680399751785197
19746,0.5011067900098088
19747,0.9860805706024243
19748,0.5009595346156877
19749,0.9505733612527707
19750,0.05947242623947868
19751,0.8896406598109478
19752,0.3642524441632299
19753,0.7721373160105031
19754,0.3458045392059439
19755,0.5978684013621853
19756,0.09742153737580495
19757,0.11869126999292279
19758,0.14466701284400407
19759,0.6631394693186433
19760,0.6145116373146927
19761,0.11893219744449113
19762,0.5887218140090177
19763,0.3732658420331292
19764,0.6047195613517428
19765,0.7362991856028434
19766,0.8390104589270702
19767,0.30462282667569673
19768,0.4833506115474039
19769,0.40479474630668255
19770,0.9867372064047236
19771,0.5662269430923669
19772,0.0894180703834867
19773,0.7711597837447611
19774,0.6926928013203726
19775,0.25877901416384164
19776,0.21304397420642907
19777,0.7499221427569542
19778,0.9126183496578149
19779,0.6685641861833859
19780,0.8072916142320765
19781,0.6707372870827832
19782,0.9427781346960302
19783,0.17461337053817738
19784,0.2728423650158872
19785,0.2242978793903806
19786,0.9892947447912337
19787,0.8808706545775599
19788,0.7374323687255027
19789,0.4119917758457694
19790,0.30507081444148043
19791,0.6464281023714652
19792,0.9654932311730196
19793,0.7708394183516786
19794,0.3863259164933093
19795,0.6141832118586363
19796,0.03718779223180635
19797,0.7640819405206025
19798,0.14086064765310335
19799,0.285041044581557
19800,0.6188360831118519
19801,0.4180859633446804
19802,0.7180332300914155
19803,0.2362127119465408
19804,0.09825934012884152
19805,0.45598191517113107
19806,0.22358110404625686
19807,0.18215432819629906
19808,0.8960555998555111
19809,0.6555811216745023
19810,0.7818720459872083
19811,0.9474205305261424
19812,0.0020714253179708875
19813,0.20892423666915905
19814,0.9207381576472476
19815,0.400155942499299
19816,0.9410137692506566
19817,0.6843818502243345
19818,0.6689374103263888
19819,0.38989411147311137
19820,0.40842017315901313
19821,0.6709147396277013
19822,0.7704008409258845
19823,0.1394351913422487
19824,0.8827908950897702
19825,0.7229706238142974
19826,0.8670005045042232
19827,0.40092280292815974
19828,0.13713351631627968
19829,0.36003313377470747
19830,0.12806291360371702
19831,0.5038961474470248
19832,0.05453113488637584
19833,0.7726564126684302
19834,0.3611211932260576
19835,0.21165809550029646
19836,0.7412350578796277
19837,0.025629707141323066
19838,0.06327646898515704
19839,0.5531743469076212
19840,0.06181439248980869
19841,0.5324580817225
19842,0.9664894778400693
19843,0.38684410332731545
19844,0.7029768010897537
19845,0.3188614589754031
19846,0.8473146675299799
19847,0.9866058227149868
19848,0.7967909752766557
19849,0.6094308771992989
19850,0.9866298388280031
19851,0.890052006847282
19852,0.8156125601063395
19853,0.7294730975585154
19854,0.06507816600441485
19855,0.9268025404588132
19856,0.04878929401302179
19857,0.9193256233279816
19858,0.48360416847630283
19859,0.9637653417378783
19860,0.061664994042543775
19861,0.4501670893590922
19862,0.875140843210114
19863,0.35733286520122254
19864,0.9424193262670865
19865,0.028288439691806833
19866,0.37136520300537745
19867,0.03155735835956508
19868,0.7038155691786679
19869,0.4004436683182393
19870,0.08338823698225717
19871,0.45796102741301425
19872,0.58968657966829
19873,0.8048081070283041
19874,0.35145890799739454
19875,0.8218445976225145
19876,0.7968480992913988
19877,0.8656536455892738
19878,0.6589575338933195
19879,0.26799440304869504
19880,0.9838079666193483
19881,0.948949497410991
19882,0.09228665191194008
19883,0.5205621889326273
19884,0.06642158888346661
19885,0.6979010067235951
19886,0.6654196573879165
19887,0.01702092948564038
19888,0.8370391916225702
19889,0.199349959511539
19890,0.05801671980922818
19891,0.23977314887374612
19892,0.83003958023771
19893,0.311190829824354
19894,0.910502606828073
19895,0.34155396416058925
19896,0.6127511482274156
19897,0.7354055471560539
19898,0.9707694871918185
19899,0.836790598462941
19900,0.8366326648973212
19901,0.18978861119161017
19902,0.07185144416099676
19903,0.41392748437481597
19904,0.5197775630195007
19905,0.30097034980584403
19906,0.5521485685157085
19907,0.5736423083772058
19908,0.3873490156389564
19909,0.5999759060061548
19910,0.40588058470589605
19911,0.2842059060232761
19912,0.26297358818909633
19913,0.24215606896916142
19914,0.04884604508293955
19915,0.20203690438440491
19916,0.7223931743846427
19917,0.9755924403715449
19918,0.8703054477586423
19919,0.32558721875284813
19920,0.9039985156207968
19921,0.7145115514644883
19922,0.5244603988453761
19923,0.38717579411495906
19924,0.057001350894915315
19925,0.7925209276005564
19926,0.9475855543010974
19927,0.5654726445730403
19928,0.6709489921167379
19929,0.11209386843490132
19930,0.41460453035267864
19931,0.4735651670679437
19932,0.15897313586912298
19933,0.6801444295125338
19934,0.9084953054010161
19935,0.506619002515107
19936,0.8644156274000412
19937,0.6271985676462636
19938,0.44814708604507814
19939,0.4950212951597903
19940,0.7286393702984619
19941,0.03795874147142919
19942,0.33593419376233913
19943,0.6750358001173914
19944,0.6889423265362856
19945,0.2187736994599807
19946,0.19705846671470473
19947,0.8278174352092793
19948,0.5947309267652653
19949,0.4011114836440798
19950,0.11105088054416068
19951,0.48832132495458436
19952,0.7279892946213913
19953,0.30220770445882095
19954,0.8444833205750595
19955,0.1569070206155624
19956,0.16056167355079554
19957,0.0739896165628291
19958,0.8158378494625413
19959,0.28395669103173604
19960,0.7248680613719009
19961,0.47222198729146836
19962,0.7619928894419027
19963,0.5346100958659902
19964,0.06431028154254015
19965,0.3886307350410346
19966,0.4356235048279402
19967,0.29706392897345113
19968,0.5141551342620867
19969,0.11573718704342018
19970,0.324054490645426
19971,0.9341433484411608
19972,0.9926445234360649
19973,0.4632955744277778
19974,0.4254415222879748
19975,0.47130355116661293
19976,0.5105051573467421
19977,0.4502619146116187
19978,0.7154122464650401
19979,0.7165059904223021
19980,0.12375517380660683
19981,0.1701967911865082
19982,0.5354368030125954
19983,0.6687817126655694
19984,0.35939285184623115
19985,0.8925269048560265
19986,0.0950297324359688
19987,0.6562496053211554
19988,0.16603634675126522
19989,0.8277787268728056
19990,0.5368077912335778
19991,0.5287141742682492
19992,0.6069486271095089
19993,0.7053036233950322
19994,0.9535507274965351
19995,0.7481745070094395
19996,0.29826661350341155
19997,0.44645576033499734
19998,0.36012661384309896
19999,0.625886645991811
